advertiser_id,campaign_id,country,day,creative_id,payout.actual_adv_usd,clicks,imps,pixel.type.ftd,pixel.type.reg_finished
1251,7927,CL,2025-10-15,203179,0.0,9,0,0,0
1251,7927,CL,2025-10-15,203180,0.37,0,1389,0,0
1251,7927,CL,2025-10-15,203181,0.0,0,0,0,2
1251,7927,CL,2025-10-15,203182,0.81,0,4167,0,0
1251,7927,CL,2025-10-15,203183,3.22,0,9723,0,0
1251,7927,CL,2025-10-15,203185,0.0,9,0,0,0
1251,7927,CL,2025-10-15,203186,0.0,0,0,0,0
1251,7927,CL,2025-10-15,203187,0.0,0,0,0,0
1251,7927,CL,2025-10-15,203188,0.86,0,1389,0,0
1251,7927,CL,2025-10-15,203189,0.0,0,0,0,0
1251,7927,CL,2025-10-15,203190,0.0,0,0,0,0
1251,7927,CL,2025-10-15,203191,0.0,0,0,0,0
1251,7927,CL,2025-10-15,203192,1.03,9,2778,0,0
1251,7927,CL,2025-10-15,203193,0.0,0,0,0,1
1251,7927,CL,2025-10-15,203195,2.66,0,4167,0,0
1251,7927,CL,2025-10-15,203196,0.94,0,1389,0,0
1251,7927,CL,2025-10-15,203197,0.0,0,0,0,0
1251,7927,CL,2025-10-15,203198,0.0,0,0,0,0
1251,7927,CL,2025-10-15,203199,5.22,0,2778,0,0
1251,7927,CL,2025-10-15,212691,0.0,0,0,0,0
1251,7927,CL,2025-10-15,212692,1.07,0,1389,0,1
1251,7927,CL,2025-10-15,212693,0.0,0,0,0,0
1251,7927,CL,2025-10-15,212694,0.94,0,2778,0,1
1251,7927,CL,2025-10-15,212695,0.21,0,1389,0,0
1251,7927,CL,2025-10-15,215780,0.0,0,0,0,0
1251,7927,CL,2025-10-15,215781,0.23,9,1389,0,0
1251,7927,CL,2025-10-15,215782,0.0,0,0,0,0
1251,7927,CL,2025-10-15,215783,0.46,0,2778,0,0
1251,7927,CL,2025-10-15,215784,0.16,0,1389,0,0
1251,7927,CL,2025-10-15,215785,0.32,9,2778,0,0
1251,7927,CL,2025-10-15,215786,1.22,0,1389,0,0
1251,7927,CL,2025-10-15,215787,2.41,0,6945,0,0
1251,7927,CL,2025-10-15,215788,4.83,0,8334,0,0
1251,7927,CL,2025-10-15,215789,0.0,0,0,0,0
1251,7927,CL,2025-10-15,215790,0.0,9,0,0,0
1251,7927,CL,2025-10-15,215791,0.0,0,0,0,0
1251,7927,CL,2025-10-15,215792,0.0,0,0,0,2
1251,7927,CL,2025-10-15,215793,18.69,9,27780,0,0
1251,7927,CL,2025-10-15,215794,0.47,9,2778,0,0
1251,7927,CL,2025-10-15,220204,0.0,0,0,0,0
1251,7927,CL,2025-10-15,220205,0.27,0,1389,0,0
1251,7927,CL,2025-10-15,220206,1.16,9,1389,0,0
1251,7927,CL,2025-10-15,220207,1.01,0,2778,0,0
1251,7927,CL,2025-10-15,220208,1.68,9,2778,0,0
1251,7927,CL,2025-10-15,222574,40.36,104,61116,0,0
1251,7927,CL,2025-10-15,222575,28.4,19,27780,0,0
1251,7927,CL,2025-10-15,222576,110.37,57,134734,2,1
1251,7518,CR,2025-10-15,197743,2.37,0,1389,1,1
1251,7518,CR,2025-10-15,197744,11.19,85,12501,3,3
1251,7518,CR,2025-10-15,197745,2.68,9,8334,0,0
1251,7518,CR,2025-10-15,199813,0.2,9,1389,0,1
1251,7518,CR,2025-10-15,199814,2.77,0,1389,0,2
1251,7518,CR,2025-10-15,199815,1.71,123,1389,1,0
1251,7518,CR,2025-10-15,199816,1.2,28,1389,0,0
1251,7518,CR,2025-10-15,199817,2.17,9,9723,1,1
1251,7518,CR,2025-10-15,199819,0.0,0,0,0,0
1251,7518,CR,2025-10-15,199820,5.84,19,11112,0,0
1251,7518,CR,2025-10-15,199821,0.56,0,1389,0,0
1251,7518,CR,2025-10-15,199822,1.84,0,2778,1,0
1251,7518,CR,2025-10-15,199880,0.0,0,0,0,0
1251,7518,CR,2025-10-15,199881,0.0,0,0,0,0
1251,7518,CR,2025-10-15,199882,12.49,19,12501,1,1
1251,7518,CR,2025-10-15,199883,6.54,9,16668,0,0
1251,7518,CR,2025-10-15,199884,1.77,0,2778,0,0
1251,7518,CR,2025-10-15,199885,0.0,9,0,0,0
1251,7518,CR,2025-10-15,199886,1.78,28,4167,0,0
1251,7518,CR,2025-10-15,206121,6.5,0,5556,0,0
1251,7518,CR,2025-10-15,206122,7.8,0,2778,0,0
1251,7518,CR,2025-10-15,206123,6.27,19,2778,0,0
1251,7518,CR,2025-10-15,206124,22.56,19,15279,0,1
1251,7518,CR,2025-10-15,206125,5.27,9,8334,0,0
1251,7518,CR,2025-10-15,206127,0.0,0,0,0,0
1251,7518,CR,2025-10-15,209137,1.54,0,2778,0,0
1251,7518,CR,2025-10-15,209138,1.13,0,2778,0,0
1251,7518,CR,2025-10-15,209139,17.13,47,18057,2,2
1251,7518,CR,2025-10-15,209140,65.2,38,38892,2,2
1251,7518,CR,2025-10-15,209141,43.96,19,52782,1,2
1251,7518,CR,2025-10-15,210923,0.0,0,0,0,0
1251,7518,CR,2025-10-15,210924,1.48,0,2778,0,0
1251,7518,CR,2025-10-15,210925,6.78,123,4167,1,0
1251,7518,CR,2025-10-15,210926,28.51,47,33336,2,3
1251,7518,CR,2025-10-15,210927,10.35,9,19446,0,0
1251,7518,CR,2025-10-15,210929,1.11,0,2778,0,0
1251,7518,CR,2025-10-15,211373,0.96,0,2778,0,0
1251,7518,CR,2025-10-15,211374,0.0,0,0,0,0
1251,7518,CR,2025-10-15,211375,0.42,19,1389,0,0
1251,7518,CR,2025-10-15,211376,1.36,19,4167,0,0
1251,7518,CR,2025-10-15,211377,14.61,9,18057,2,3
1251,7518,CR,2025-10-15,211378,1.49,0,2778,0,0
1251,7518,CR,2025-10-15,211379,4.98,19,5556,0,0
1251,7518,CR,2025-10-15,211380,6.48,19,5556,0,0
1251,7518,CR,2025-10-15,211381,0.43,0,1389,0,0
1251,7518,CR,2025-10-15,211382,0.0,0,0,0,0
1251,7518,CR,2025-10-15,211384,0.0,0,0,0,0
1251,7518,CR,2025-10-15,212697,0.0,0,0,0,0
1251,7518,CR,2025-10-15,212698,2.61,19,5556,1,2
1251,7518,CR,2025-10-15,212699,0.0,9,0,0,0
1251,7518,CR,2025-10-15,212700,10.95,28,13890,0,0
1251,7518,CR,2025-10-15,212701,1.16,0,5556,0,0
1251,7518,CR,2025-10-15,212703,1.34,9,2778,0,0
1251,7518,CR,2025-10-15,215717,4.35,0,2778,0,0
1251,7518,CR,2025-10-15,215718,0.0,0,0,0,0
1251,7518,CR,2025-10-15,215719,0.76,9,1389,0,0
1251,7518,CR,2025-10-15,215720,8.68,123,2778,0,0
1251,7518,CR,2025-10-15,215721,0.97,0,1389,0,0
1251,7518,CR,2025-10-15,215722,0.0,0,0,0,0
1251,7518,CR,2025-10-15,215723,0.0,38,0,0,0
1251,7518,CR,2025-10-15,215724,77.31,38,131956,3,5
1251,7518,CR,2025-10-15,215725,8.75,9,6945,1,1
1251,7518,CR,2025-10-15,215726,1.91,275,4167,0,2
1251,7518,CR,2025-10-15,215727,4.94,0,5556,0,0
1251,7518,CR,2025-10-15,215728,0.0,19,0,0,0
1251,7518,CR,2025-10-15,215731,0.0,0,0,0,0
1251,7518,CR,2025-10-15,215732,0.0,0,0,0,0
1251,7518,CR,2025-10-15,215733,5.5,57,8334,1,1
1251,7518,CR,2025-10-15,215734,0.0,19,0,0,0
1251,7518,CR,2025-10-15,215735,5.55,0,4167,0,0
1251,7518,CR,2025-10-15,221218,0.0,9,0,0,0
1251,7518,CR,2025-10-15,221219,2.22,0,5556,0,1
1251,7518,CR,2025-10-15,221220,2.0,0,1389,0,1
1251,7518,CR,2025-10-15,221221,1.11,0,1389,0,0
1251,7518,CR,2025-10-15,221222,0.44,0,1389,0,0
1251,7520,EC,2025-10-15,169629,23.78,47,19446,0,0
1251,7520,EC,2025-10-15,169630,17.87,28,8334,0,0
1251,7520,EC,2025-10-15,169631,13.63,9,8334,1,1
1251,7520,EC,2025-10-15,169632,2.34,9,5556,0,0
1251,7520,EC,2025-10-15,169634,12.88,9,5556,0,0
1251,7520,EC,2025-10-15,169635,0.0,0,0,0,0
1251,7520,EC,2025-10-15,169642,1.84,57,4167,0,2
1251,7520,EC,2025-10-15,169643,4.13,57,9723,1,1
1251,7520,EC,2025-10-15,169644,15.05,9,9723,0,0
1251,7520,EC,2025-10-15,169645,4.84,0,6945,0,0
1251,7520,EC,2025-10-15,169647,0.0,0,0,0,0
1251,7520,EC,2025-10-15,169648,0.0,0,0,0,0
1251,7520,EC,2025-10-15,169649,0.0,0,0,0,1
1251,7520,EC,2025-10-15,169650,0.33,19,1389,0,0
1251,7520,EC,2025-10-15,169651,11.55,47,11112,0,0
1251,7520,EC,2025-10-15,169652,4.3,0,6945,0,0
1251,7520,EC,2025-10-15,169654,0.0,9,0,0,0
1251,7520,EC,2025-10-15,169655,0.0,9,0,0,0
1251,7520,EC,2025-10-15,169656,0.0,0,0,0,0
1251,7520,EC,2025-10-15,169657,9.37,19,1389,0,0
1251,7520,EC,2025-10-15,169658,0.0,9,0,0,0
1251,7520,EC,2025-10-15,169659,0.99,0,2778,0,0
1251,7520,EC,2025-10-15,169662,0.0,0,0,0,0
1251,7520,EC,2025-10-15,171430,0.41,0,2778,0,0
1251,7520,EC,2025-10-15,171431,0.0,0,0,0,0
1251,7520,EC,2025-10-15,171432,0.0,0,0,0,0
1251,7520,EC,2025-10-15,171433,2.14,0,2778,0,0
1251,7520,EC,2025-10-15,178392,0.0,0,0,0,0
1251,7520,EC,2025-10-15,178393,1.58,0,1389,1,0
1251,7520,EC,2025-10-15,178394,0.0,19,0,0,0
1251,7520,EC,2025-10-15,178395,5.1,28,4167,0,0
1251,7520,EC,2025-10-15,178397,0.8,9,1389,0,0
1251,7520,EC,2025-10-15,178399,0.0,0,0,0,0
1251,7520,EC,2025-10-15,178400,0.44,0,1389,0,0
1251,7520,EC,2025-10-15,178401,10.97,0,2778,0,0
1251,7520,EC,2025-10-15,178402,0.0,0,0,0,0
1251,7520,EC,2025-10-15,178404,0.0,0,0,0,0
1251,7520,EC,2025-10-15,178406,0.0,0,0,0,0
1251,7520,EC,2025-10-15,178408,0.0,0,0,0,0
1251,7520,EC,2025-10-15,185841,12.99,9,4167,0,0
1251,7520,EC,2025-10-15,185842,0.0,0,0,0,0
1251,7520,EC,2025-10-15,185843,2.13,0,1389,0,0
1251,7520,EC,2025-10-15,185844,0.23,0,1389,0,0
1251,7520,EC,2025-10-15,185847,9.06,9,5556,0,1
1251,7520,EC,2025-10-15,185862,0.0,0,0,0,0
1251,7520,EC,2025-10-15,185863,0.0,0,0,0,0
1251,7520,EC,2025-10-15,185864,0.0,0,0,0,0
1251,7520,EC,2025-10-15,185865,4.24,19,12501,0,1
1251,7520,EC,2025-10-15,185866,0.0,0,0,0,0
1251,7520,EC,2025-10-15,185868,0.0,0,0,0,0
1251,7520,EC,2025-10-15,185883,0.0,0,0,0,0
1251,7520,EC,2025-10-15,185884,0.0,0,0,0,0
1251,7520,EC,2025-10-15,185885,0.24,0,1389,0,0
1251,7520,EC,2025-10-15,185886,4.3,0,2778,0,0
1251,7520,EC,2025-10-15,185888,0.0,0,0,0,0
1251,7520,EC,2025-10-15,185889,0.0,0,0,0,0
1251,7520,EC,2025-10-15,185895,1.84,38,1389,0,0
1251,7520,EC,2025-10-15,185897,0.0,9,0,0,0
1251,7520,EC,2025-10-15,185900,0.0,0,0,0,0
1251,7520,EC,2025-10-15,193178,0.0,0,0,0,0
1251,7520,EC,2025-10-15,193181,0.0,0,0,0,0
1251,7520,EC,2025-10-15,198841,0.0,0,0,0,0
1251,7520,EC,2025-10-15,198842,1.84,19,1389,0,0
1251,7520,EC,2025-10-15,198843,0.0,0,0,0,0
1251,7520,EC,2025-10-15,198844,1.43,0,2778,0,1
1251,7520,EC,2025-10-15,198847,12.72,0,2778,0,0
1251,7520,EC,2025-10-15,199723,0.25,0,1389,0,0
1251,7520,EC,2025-10-15,199724,9.96,28,22224,1,3
1251,7520,EC,2025-10-15,199725,1.07,28,2778,0,1
1251,7520,EC,2025-10-15,199727,3.68,0,2778,0,1
1251,7520,EC,2025-10-15,199729,0.62,9,1389,1,1
1251,7520,EC,2025-10-15,200172,1.26,0,6945,0,0
1251,7520,EC,2025-10-15,200173,15.56,19,11112,0,0
1251,7520,EC,2025-10-15,200174,2.89,38,5556,0,1
1251,7520,EC,2025-10-15,200175,6.23,0,16668,0,3
1251,7520,EC,2025-10-15,200176,2.59,9,6945,0,0
1251,7520,EC,2025-10-15,200178,1.03,9,4167,0,1
1251,7520,EC,2025-10-15,206105,0.76,0,1389,0,0
1251,7520,EC,2025-10-15,206106,2.5,9,6945,0,3
1251,7520,EC,2025-10-15,206107,0.2,57,1389,0,1
1251,7520,EC,2025-10-15,206108,7.84,38,13890,2,5
1251,7520,EC,2025-10-15,206109,0.88,9,1389,1,0
1251,7520,EC,2025-10-15,206111,0.93,9,1389,0,0
1251,7520,EC,2025-10-15,206947,4.87,57,1389,0,0
1251,7520,EC,2025-10-15,206948,6.1,19,2778,1,0
1251,7520,EC,2025-10-15,215737,0.0,0,0,0,0
1251,7520,EC,2025-10-15,215739,0.0,0,0,0,0
1251,7520,EC,2025-10-15,215744,2.87,0,2778,0,0
1251,7520,EC,2025-10-15,215745,0.0,9,0,0,0
1251,7520,EC,2025-10-15,215746,6.56,0,1389,0,0
1251,7520,EC,2025-10-15,215747,0.84,0,1389,0,0
1251,7520,EC,2025-10-15,215748,10.32,0,2778,0,1
1251,7520,EC,2025-10-15,215750,1.3,0,1389,0,0
1251,7520,EC,2025-10-15,215751,3.47,0,5556,0,2
1251,7520,EC,2025-10-15,215752,2.67,9,4167,1,0
1251,7520,EC,2025-10-15,215753,0.0,0,0,0,0
1251,7520,EC,2025-10-15,215755,19.76,28,8334,0,0
1251,7520,EC,2025-10-15,215757,3.84,0,1389,0,1
1251,7520,EC,2025-10-15,215758,0.0,0,0,0,0
1251,7520,EC,2025-10-15,215760,0.0,9,0,0,0
1251,7520,EC,2025-10-15,215761,0.0,0,0,0,0
1251,7520,EC,2025-10-15,215762,1.17,0,4167,0,0
1251,7520,EC,2025-10-15,215763,8.51,0,5556,0,0
1251,7520,EC,2025-10-15,215764,0.16,0,1389,0,0
1251,7520,EC,2025-10-15,215768,19.8,28,6945,0,0
1251,7520,EC,2025-10-15,215769,0.0,0,0,0,0
1251,7520,EC,2025-10-15,215770,0.0,0,0,0,0
1251,7520,EC,2025-10-15,215772,1.5,0,2778,0,0
1251,7520,EC,2025-10-15,215773,0.59,9,1389,0,0
1251,7520,EC,2025-10-15,215774,6.8,9,11112,0,0
1251,7520,EC,2025-10-15,215775,0.0,0,0,0,0
1251,7520,EC,2025-10-15,215776,0.0,0,0,0,0
1251,7520,EC,2025-10-15,215777,0.0,0,0,0,0
1251,7520,EC,2025-10-15,215778,0.0,0,0,1,1
1251,7520,EC,2025-10-15,215779,0.2,9,1389,1,0
1251,7520,EC,2025-10-15,222498,28.22,38,20835,0,0
1251,7520,EC,2025-10-15,222499,40.3,28,48615,2,2
1251,7520,EC,2025-10-15,222500,2.12,104,6945,0,0
1252,7521,EC,2025-10-15,169776,0.0,0,0,0,0
1252,7521,EC,2025-10-15,169777,14.83,28,19446,1,4
1252,7521,EC,2025-10-15,169778,1.33,9,1389,0,1
1252,7521,EC,2025-10-15,169779,24.09,9,12501,0,0
1252,7521,EC,2025-10-15,169780,0.0,0,0,0,0
1252,7521,EC,2025-10-15,169782,6.81,9,4167,0,1
1252,7521,EC,2025-10-15,180357,0.0,0,0,0,0
1252,7521,EC,2025-10-15,180358,0.0,0,0,0,0
1252,7521,EC,2025-10-15,180359,19.24,0,6945,1,1
1252,7521,EC,2025-10-15,180360,32.56,28,30558,0,0
1252,7521,EC,2025-10-15,180361,0.0,0,0,0,0
1252,7521,EC,2025-10-15,180363,0.0,0,0,0,0
1252,7521,EC,2025-10-15,198765,0.0,0,0,0,0
1252,7521,EC,2025-10-15,198766,0.0,0,0,0,0
1252,7521,EC,2025-10-15,198767,0.0,9,0,0,0
1252,7521,EC,2025-10-15,198768,46.18,66,26391,4,5
1252,7521,EC,2025-10-15,198769,9.21,9,4167,0,0
1252,7521,EC,2025-10-15,198772,0.0,0,0,0,0
1252,7521,EC,2025-10-15,198773,27.09,28,9723,0,2
1252,7521,EC,2025-10-15,198774,0.0,0,0,0,0
1252,7521,EC,2025-10-15,198775,2.87,0,4167,1,0
1252,7521,EC,2025-10-15,198776,0.0,0,0,0,0
1252,7521,EC,2025-10-15,198778,0.0,0,0,0,0
1252,7521,EC,2025-10-15,198779,0.0,0,0,0,0
1252,7521,EC,2025-10-15,198780,1.38,9,2778,0,0
1252,7521,EC,2025-10-15,198781,0.0,0,0,0,0
1252,7521,EC,2025-10-15,198782,9.55,0,6945,0,0
1252,7521,EC,2025-10-15,198783,12.27,9,8334,1,3
1252,7521,EC,2025-10-15,198799,0.0,9,0,0,0
1252,7521,EC,2025-10-15,198800,0.47,9,1389,1,1
1252,7521,EC,2025-10-15,198801,8.36,19,9723,0,1
1252,7521,EC,2025-10-15,198802,19.29,38,16668,0,3
1252,7521,EC,2025-10-15,198803,0.0,0,0,0,1
1252,7521,EC,2025-10-15,198805,1.81,9,1389,0,0
1252,7521,EC,2025-10-15,211158,0.0,0,0,0,0
1252,7521,EC,2025-10-15,211159,0.34,0,1389,0,0
1252,7521,EC,2025-10-15,211160,0.0,0,0,0,0
1252,7521,EC,2025-10-15,211161,16.1,28,20835,0,1
1252,7521,EC,2025-10-15,211162,0.54,19,1389,0,0
1252,7521,EC,2025-10-15,215274,0.0,0,0,0,0
1252,7521,EC,2025-10-15,215275,0.0,9,0,1,0
1252,7521,EC,2025-10-15,215276,3.95,0,2778,0,0
1252,7521,EC,2025-10-15,215277,19.52,57,37503,2,3
1252,7521,EC,2025-10-15,215278,0.0,0,0,0,0
1252,7521,EC,2025-10-15,215280,2.97,9,2778,0,0
1252,7521,EC,2025-10-15,221211,0.0,0,0,0,0
1252,7521,EC,2025-10-15,221212,14.52,9,8334,1,4
1252,7521,EC,2025-10-15,221213,0.69,47,1389,0,0
1252,7521,EC,2025-10-15,221214,1.04,0,1389,0,0
1252,7521,EC,2025-10-15,221215,0.0,0,0,0,0
1252,7521,EC,2025-10-15,221217,1.63,9,1389,0,0
1252,7522,EC,2025-10-15,169698,0.0,0,0,0,0
1252,7522,EC,2025-10-15,169699,5.79,9,2778,0,0
1252,7522,EC,2025-10-15,169700,0.0,0,0,0,0
1252,7522,EC,2025-10-15,169701,22.04,0,11112,0,0
1252,7522,EC,2025-10-15,169702,0.0,0,0,0,0
1252,7522,EC,2025-10-15,169704,0.0,0,0,0,0
1252,7522,EC,2025-10-15,169719,1.5,0,1389,0,0
1252,7522,EC,2025-10-15,169720,0.0,0,0,0,0
1252,7522,EC,2025-10-15,169721,8.41,9,2778,0,0
1252,7522,EC,2025-10-15,169722,1.09,0,2778,0,1
1252,7522,EC,2025-10-15,169723,0.0,0,0,0,0
1252,7522,EC,2025-10-15,169725,0.0,9,0,0,0
1252,7522,EC,2025-10-15,180343,0.0,0,0,0,0
1252,7522,EC,2025-10-15,180344,0.0,0,0,0,1
1252,7522,EC,2025-10-15,180345,1.04,0,1389,1,0
1252,7522,EC,2025-10-15,180346,0.37,9,1389,0,1
1252,7522,EC,2025-10-15,180347,6.03,9,4167,1,1
1252,7522,EC,2025-10-15,180349,0.0,0,0,0,0
1252,7522,EC,2025-10-15,192876,0.0,0,0,0,0
1252,7522,EC,2025-10-15,192877,0.4,9,2778,0,2
1252,7522,EC,2025-10-15,192878,9.34,28,5556,0,0
1252,7522,EC,2025-10-15,192879,1.01,9,2778,0,1
1252,7522,EC,2025-10-15,192880,0.0,0,0,0,0
1252,7522,EC,2025-10-15,192882,0.0,0,0,0,0
1252,7522,EC,2025-10-15,192884,0.0,0,0,0,0
1252,7522,EC,2025-10-15,192885,0.0,0,0,0,0
1252,7522,EC,2025-10-15,192886,0.0,0,0,0,0
1252,7522,EC,2025-10-15,192890,0.0,0,0,0,0
1252,7522,EC,2025-10-15,192891,0.0,0,0,0,0
1252,7522,EC,2025-10-15,192892,0.0,0,0,0,0
1252,7522,EC,2025-10-15,192893,2.76,9,5556,0,4
1252,7522,EC,2025-10-15,192894,0.0,0,0,0,0
1252,7522,EC,2025-10-15,192896,0.0,0,0,0,0
1252,7522,EC,2025-10-15,192904,0.0,0,0,0,0
1252,7522,EC,2025-10-15,192905,0.0,19,0,0,0
1252,7522,EC,2025-10-15,192906,0.74,19,1389,1,1
1252,7522,EC,2025-10-15,192907,2.92,0,5556,1,1
1252,7522,EC,2025-10-15,192908,0.0,0,0,0,0
1252,7522,EC,2025-10-15,192910,27.63,9,5556,0,0
1252,7522,EC,2025-10-15,198737,0.4,0,1389,0,0
1252,7522,EC,2025-10-15,198738,0.0,0,0,0,0
1252,7522,EC,2025-10-15,198739,15.99,9,6945,0,0
1252,7522,EC,2025-10-15,198740,0.16,0,1389,0,0
1252,7522,EC,2025-10-15,198741,0.0,0,0,0,0
1252,7522,EC,2025-10-15,198743,0.0,19,0,0,0
1252,7522,EC,2025-10-15,198744,0.0,0,0,0,0
1252,7522,EC,2025-10-15,198745,3.27,0,2778,0,0
1252,7522,EC,2025-10-15,198746,0.0,0,0,0,0
1252,7522,EC,2025-10-15,198747,8.88,0,19446,1,1
1252,7522,EC,2025-10-15,198748,12.53,0,8334,0,0
1252,7522,EC,2025-10-15,207466,0.0,0,0,0,1
1252,7522,EC,2025-10-15,207467,33.02,19,16668,3,1
1252,7522,EC,2025-10-15,207470,4.69,0,6945,1,2
1252,7522,EC,2025-10-15,207471,28.86,19,12501,0,0
1252,7522,EC,2025-10-15,213498,0.0,0,0,0,0
1252,7522,EC,2025-10-15,213499,0.0,0,0,0,0
1252,7522,EC,2025-10-15,213500,0.0,0,0,0,0
1252,7522,EC,2025-10-15,213501,3.31,0,4167,1,0
1252,7522,EC,2025-10-15,213502,0.0,0,0,0,0
1252,7522,EC,2025-10-15,213503,0.0,28,0,1,2
1252,7522,EC,2025-10-15,213504,0.0,0,0,0,0
1252,7522,EC,2025-10-15,213505,7.36,0,13890,0,0
1252,7522,EC,2025-10-15,213506,0.0,0,0,0,0
1252,7522,EC,2025-10-15,214304,0.0,0,0,0,0
1252,7522,EC,2025-10-15,214305,6.36,0,2778,0,0
1252,7522,EC,2025-10-15,214306,0.0,0,0,0,0
1252,7522,EC,2025-10-15,214307,10.64,0,5556,2,2
1252,7522,EC,2025-10-15,214308,1.46,0,1389,0,0
1252,7522,EC,2025-10-15,214310,0.0,9,0,0,0
1252,7522,EC,2025-10-15,218184,0.0,0,0,0,0
1252,7522,EC,2025-10-15,218185,1.17,19,1389,0,1
1252,7522,EC,2025-10-15,218186,0.0,0,0,0,0
1252,7522,EC,2025-10-15,218187,9.55,9,6945,1,0
1252,7522,EC,2025-10-15,218188,0.9,28,1389,0,0
1252,7522,EC,2025-10-15,220179,0.0,0,0,0,0
1252,7522,EC,2025-10-15,220180,0.0,0,0,0,0
1252,7522,EC,2025-10-15,221014,0.0,0,0,0,0
1252,7522,EC,2025-10-15,221187,0.0,0,0,0,0
1252,7522,EC,2025-10-15,221188,0.0,9,0,0,0
1252,7522,EC,2025-10-15,221189,0.0,9,0,0,0
1252,7522,EC,2025-10-15,221190,5.93,19,5556,0,0
1252,7522,EC,2025-10-15,221191,3.38,9,1389,0,0
1252,7522,EC,2025-10-15,221193,1.53,0,2778,0,0
1252,7522,EC,2025-10-15,221194,0.0,0,0,0,0
1252,7522,EC,2025-10-15,221195,0.0,0,0,0,0
1252,7522,EC,2025-10-15,221196,7.53,9,15279,0,1
1252,7522,EC,2025-10-15,221197,0.0,9,0,0,1
1252,7522,EC,2025-10-15,221198,0.0,9,0,0,0
1252,7522,EC,2025-10-15,221199,8.61,0,6945,0,1
1252,7522,EC,2025-10-15,221200,14.01,38,8334,0,0
1252,7522,EC,2025-10-15,221201,0.0,0,0,0,0
1252,7522,EC,2025-10-15,221202,0.0,19,0,0,0
1252,7522,EC,2025-10-15,221207,2.47,0,1389,0,1
1252,7522,EC,2025-10-15,221209,0.0,0,0,0,0
1252,7522,EC,2025-10-15,221210,0.0,0,0,0,0
1252,7522,EC,2025-10-15,223267,0.78,9,1389,0,0
1252,7522,EC,2025-10-15,223268,0.0,0,0,0,0
1252,7522,EC,2025-10-15,223269,1.79,0,2778,0,0
1252,7522,EC,2025-10-15,223270,2.32,0,2778,0,2
1252,7522,EC,2025-10-15,223271,1.23,0,1389,0,0
1252,7522,EC,2025-10-15,223272,0.0,9,0,0,0
1252,7522,EC,2025-10-15,223273,1.22,9,4167,0,0
1252,7522,EC,2025-10-15,223274,0.0,0,0,0,0
1252,7522,EC,2025-10-15,223275,0.6,9,1389,0,0
1251,9092,GT,2025-10-15,222434,0.0,0,0,0,0
1251,9092,GT,2025-10-15,222435,19.7,28,26391,0,1
1251,9092,GT,2025-10-15,222436,0.0,9,0,0,0
1251,9092,GT,2025-10-15,222437,3.02,0,6945,0,0
1251,9092,GT,2025-10-15,222438,4.42,0,4167,0,0
1251,9092,GT,2025-10-15,222439,3.66,0,2778,0,0
1251,9092,GT,2025-10-15,222440,0.41,0,1389,0,0
1251,9092,GT,2025-10-15,222441,0.0,9,0,0,0
1251,9092,GT,2025-10-15,222442,0.0,0,0,0,0
1251,9092,GT,2025-10-15,222443,5.26,0,4167,0,0
1251,9092,GT,2025-10-15,222444,1.26,0,1389,0,0
1251,9092,GT,2025-10-15,222445,1.61,0,2778,0,0
1251,9092,GT,2025-10-15,222446,0.0,0,0,0,0
1251,9092,GT,2025-10-15,222447,2.05,0,4167,1,1
1251,9092,GT,2025-10-15,222448,8.01,0,11112,0,0
1251,9092,GT,2025-10-15,222449,0.73,0,1389,0,0
1251,9092,GT,2025-10-15,222450,3.14,0,4167,0,1
1251,9092,GT,2025-10-15,222451,0.0,0,0,0,0
1251,9092,GT,2025-10-15,222452,1.86,0,1389,0,0
1251,9092,GT,2025-10-15,222453,16.59,9,22224,0,2
1251,9092,GT,2025-10-15,222454,6.23,9,8334,0,0
1251,9092,GT,2025-10-15,222455,5.82,0,9723,0,0
1251,9092,GT,2025-10-15,222456,2.34,0,5556,0,0
1251,9092,GT,2025-10-15,222457,2.3,9,2778,0,0
1251,9092,GT,2025-10-15,222458,2.59,19,9723,0,1
1251,9092,GT,2025-10-15,222459,0.39,0,2778,0,0
1251,9092,GT,2025-10-15,222460,4.36,19,8334,0,0
1251,9092,GT,2025-10-15,222461,1.96,0,2778,0,0
1251,9092,GT,2025-10-15,222462,2.4,0,5556,0,0
1251,9092,GT,2025-10-15,222463,1.61,9,4167,0,0
1251,9092,GT,2025-10-15,222464,2.16,9,6945,0,0
1251,9092,GT,2025-10-15,222465,1.95,0,4167,0,0
1251,9092,GT,2025-10-15,222466,0.8,0,1389,0,0
1251,9092,GT,2025-10-15,222467,5.53,0,4167,1,1
1251,9092,GT,2025-10-15,222468,1.47,0,6945,0,0
1251,9092,GT,2025-10-15,222470,4.39,28,6945,0,0
1251,9092,GT,2025-10-15,222471,0.0,0,0,0,0
1251,9092,GT,2025-10-15,222472,3.97,9,5556,1,2
3151,8407,GT,2025-10-15,210778,0.0,0,0,0,0
3151,8407,GT,2025-10-15,210779,0.0,0,0,0,0
3151,8407,GT,2025-10-15,210780,0.0,0,0,0,0
3151,8407,GT,2025-10-15,210781,0.8,9,2778,0,1
3151,8407,GT,2025-10-15,210782,0.0,0,0,0,1
3151,8407,GT,2025-10-15,210784,0.67,0,1389,0,0
3151,8407,GT,2025-10-15,210792,0.0,0,0,0,0
3151,8407,GT,2025-10-15,210793,2.84,9,1389,0,0
3151,8407,GT,2025-10-15,210794,0.3,0,1389,0,1
3151,8407,GT,2025-10-15,210795,7.67,0,11112,2,4
3151,8407,GT,2025-10-15,210796,0.0,0,0,0,0
3151,8407,GT,2025-10-15,210798,1.85,0,1389,0,0
3151,8407,GT,2025-10-15,210805,0.0,0,0,0,0
3151,8407,GT,2025-10-15,210806,1.34,0,2778,0,0
3151,8407,GT,2025-10-15,210807,0.0,0,0,0,1
3151,8407,GT,2025-10-15,210808,1.31,0,2778,0,0
3151,8407,GT,2025-10-15,210809,0.0,0,0,0,0
3151,8407,GT,2025-10-15,210811,1.2,9,1389,0,0
3151,8407,GT,2025-10-15,211183,0.0,0,0,0,1
3151,8407,GT,2025-10-15,211184,0.0,0,0,0,0
3151,8407,GT,2025-10-15,215817,0.0,0,0,0,0
3151,8407,GT,2025-10-15,215818,0.0,0,0,0,0
3151,8407,GT,2025-10-15,215819,0.0,0,0,0,0
3151,8407,GT,2025-10-15,215820,5.45,0,9723,1,1
3151,8407,GT,2025-10-15,215821,0.0,0,0,0,0
3151,8407,GT,2025-10-15,215823,0.0,0,0,0,0
3151,8407,GT,2025-10-15,218623,0.0,0,0,0,0
3151,8407,GT,2025-10-15,218624,0.0,0,0,0,0
3151,8407,GT,2025-10-15,218625,0.0,0,0,0,0
3151,8407,GT,2025-10-15,218626,7.19,0,12501,0,0
3151,8407,GT,2025-10-15,218627,0.0,0,0,0,0
3151,8407,GT,2025-10-15,218629,0.85,0,1389,0,0
3151,8407,GT,2025-10-15,219238,0.16,0,1389,0,0
3151,8407,GT,2025-10-15,219239,0.0,0,0,0,0
3151,8407,GT,2025-10-15,219240,0.48,0,1389,0,0
3151,8407,GT,2025-10-15,219241,0.0,0,0,0,0
3151,8407,GT,2025-10-15,219243,0.0,0,0,0,0
3151,8407,GT,2025-10-15,221223,0.23,28,1389,0,0
3151,8407,GT,2025-10-15,221224,0.0,0,0,0,0
3151,8407,GT,2025-10-15,221225,17.0,66,5556,0,0
3151,8407,GT,2025-10-15,221226,0.0,47,0,0,1
3151,8407,GT,2025-10-15,221227,0.0,19,0,0,0
3151,8407,GT,2025-10-15,221229,0.0,76,0,0,0
3151,8407,GT,2025-10-15,221230,0.0,0,0,0,0
3151,8407,GT,2025-10-15,221231,4.81,9,1389,0,0
3151,8407,GT,2025-10-15,221232,0.0,9,0,0,0
3151,8407,GT,2025-10-15,221233,0.35,0,1389,0,2
3151,8407,GT,2025-10-15,221234,0.0,0,0,0,0
3151,8407,GT,2025-10-15,221236,2.16,0,1389,0,0
3151,8407,GT,2025-10-15,221237,0.0,0,0,0,0
3151,8407,GT,2025-10-15,221238,0.0,0,0,0,0
3151,8407,GT,2025-10-15,221239,0.0,0,0,0,0
3151,8407,GT,2025-10-15,221240,0.77,0,2778,0,0
3151,8407,GT,2025-10-15,221241,0.0,0,0,0,0
3151,8407,GT,2025-10-15,221820,0.0,0,0,0,0
3151,8407,GT,2025-10-15,221822,0.0,0,0,0,0
3151,8407,GT,2025-10-15,221823,0.0,0,0,0,0
3151,8407,GT,2025-10-15,221825,0.0,0,0,0,0
3151,8407,GT,2025-10-15,221826,0.0,0,0,0,0
3151,8407,GT,2025-10-15,221827,0.89,0,1389,0,0
3151,8407,GT,2025-10-15,221828,0.0,0,0,0,0
3151,8407,GT,2025-10-15,221829,0.0,0,0,0,0
3151,8407,GT,2025-10-15,221830,0.0,0,0,0,0
3151,8407,GT,2025-10-15,221832,0.0,0,0,0,0
3151,8407,GT,2025-10-15,223278,0.37,0,1389,0,0
3151,8407,GT,2025-10-15,223279,0.48,0,2778,0,0
3151,8407,GT,2025-10-15,223280,0.0,9,0,0,0
3151,8407,GT,2025-10-15,223281,1.98,19,2778,0,0
3151,8407,GT,2025-10-15,223282,1.04,0,2778,0,0
3151,8407,GT,2025-10-15,223284,2.66,0,2778,0,0
3151,8407,GT,2025-10-15,223771,0.0,9,0,0,0
3151,8407,GT,2025-10-15,223772,1.16,19,1389,0,0
3151,8407,GT,2025-10-15,223773,2.92,9,2778,1,1
1251,9126,HN,2025-10-15,223902,0.38,0,1389,0,0
1251,9126,HN,2025-10-15,223903,0.0,19,0,0,0
1251,9126,HN,2025-10-15,223904,0.0,0,0,0,0
1251,9126,HN,2025-10-15,223905,0.0,19,0,0,0
1251,9126,HN,2025-10-15,223906,0.0,9,0,0,0
1251,9126,HN,2025-10-15,223907,0.0,9,0,0,0
1251,9126,HN,2025-10-15,223908,0.0,19,0,0,0
1251,9126,HN,2025-10-15,223909,0.0,9,0,0,0
1251,9126,HN,2025-10-15,223910,0.0,0,0,0,0
1251,9126,HN,2025-10-15,223911,0.0,0,0,0,0
1251,9126,HN,2025-10-15,223912,0.0,9,0,0,0
1251,9126,HN,2025-10-15,223913,0.0,0,0,0,0
1251,9126,HN,2025-10-15,223914,0.0,0,0,0,0
1251,9126,HN,2025-10-15,223915,1.94,9,2778,0,0
1251,9126,HN,2025-10-15,223916,0.0,0,0,0,0
1251,9126,HN,2025-10-15,223917,0.0,9,0,0,0
1251,9126,HN,2025-10-15,223918,0.4,38,2778,0,0
1251,9126,HN,2025-10-15,223919,0.0,9,0,0,0
1251,9126,HN,2025-10-15,223920,1.04,0,1389,0,0
1251,9126,HN,2025-10-15,223921,0.0,19,0,0,0
1251,9126,HN,2025-10-15,223922,2.0,0,1389,0,0
1251,9126,HN,2025-10-15,223923,0.0,9,0,0,0
1251,9126,HN,2025-10-15,223924,0.0,9,0,0,0
1251,9126,HN,2025-10-15,223925,2.67,9,1389,0,0
1251,9126,HN,2025-10-15,223926,0.0,0,0,0,0
1251,9126,HN,2025-10-15,223928,0.0,0,0,0,0
1251,9126,HN,2025-10-15,223930,0.0,0,0,0,0
1251,9126,HN,2025-10-15,223931,0.0,0,0,0,0
1251,9126,HN,2025-10-15,223933,4.27,0,2778,0,0
1251,9126,HN,2025-10-15,223934,0.0,9,0,0,0
1251,9126,HN,2025-10-15,223935,0.21,0,1389,0,0
1251,9126,HN,2025-10-15,223936,0.0,0,0,0,0
1847,7523,HN,2025-10-15,207904,0.0,0,0,0,0
1847,7523,HN,2025-10-15,207905,0.23,0,1389,0,0
1847,7523,HN,2025-10-15,207906,5.57,0,2778,0,0
1847,7523,HN,2025-10-15,207907,1.3,0,4167,1,2
1847,7523,HN,2025-10-15,207908,0.36,28,1389,0,1
1847,7523,HN,2025-10-15,207910,0.0,0,0,0,0
1847,7523,HN,2025-10-15,211405,0.0,0,0,0,0
1847,7523,HN,2025-10-15,211406,0.41,9,2778,0,0
1847,7523,HN,2025-10-15,211408,2.51,0,8334,0,2
1847,7523,HN,2025-10-15,211409,0.46,9,1389,0,0
1847,7523,HN,2025-10-15,211410,0.0,0,0,0,0
1847,7523,HN,2025-10-15,211411,1.07,28,2778,0,0
1847,7523,HN,2025-10-15,211412,0.0,19,0,0,0
1847,7523,HN,2025-10-15,211413,1.13,19,4167,0,1
1847,7523,HN,2025-10-15,211414,2.96,9,6945,0,0
1847,7523,HN,2025-10-15,211415,6.17,28,13890,0,2
1847,7523,HN,2025-10-15,211416,8.46,9,9723,0,1
1847,7523,HN,2025-10-15,211418,0.93,9,4167,1,0
1847,7523,HN,2025-10-15,219999,1.1,0,2778,0,0
1847,7523,HN,2025-10-15,220000,0.0,9,0,0,0
1847,7523,HN,2025-10-15,220001,1.1,0,2778,0,0
1847,7523,HN,2025-10-15,220002,6.87,9,11112,0,0
1847,7523,HN,2025-10-15,220003,1.93,19,5556,0,0
1847,7523,HN,2025-10-15,220005,0.0,19,0,0,0
1847,7523,HN,2025-10-15,223395,0.0,0,0,0,0
1847,7523,HN,2025-10-15,223396,0.0,9,0,0,0
1847,7523,HN,2025-10-15,223397,0.0,0,0,0,0
1251,7519,PE,2025-10-15,179932,0.0,9,0,0,0
1251,7519,PE,2025-10-15,179933,1.1,9,4167,0,0
1251,7519,PE,2025-10-15,179934,2.02,9,5556,0,0
1251,7519,PE,2025-10-15,179935,10.57,19,22224,1,4
1251,7519,PE,2025-10-15,179936,1.86,0,4167,0,0
1251,7519,PE,2025-10-15,179938,0.2,9,1389,0,0
1251,7519,PE,2025-10-15,179955,0.74,0,2778,0,0
1251,7519,PE,2025-10-15,179956,0.0,0,0,0,0
1251,7519,PE,2025-10-15,179957,0.92,0,2778,0,0
1251,7519,PE,2025-10-15,179958,5.23,0,12501,1,3
1251,7519,PE,2025-10-15,179959,0.0,0,0,0,0
1251,7519,PE,2025-10-15,180031,0.0,0,0,0,1
1251,7519,PE,2025-10-15,180032,1.63,9,4167,0,0
1251,7519,PE,2025-10-15,180033,1.21,0,1389,0,0
1251,7519,PE,2025-10-15,180034,0.53,19,1389,1,1
1251,7519,PE,2025-10-15,180035,0.32,0,1389,0,0
1251,7519,PE,2025-10-15,180037,0.0,0,0,0,0
1251,7519,PE,2025-10-15,180044,0.0,9,0,0,0
1251,7519,PE,2025-10-15,180045,0.34,0,1389,0,0
1251,7519,PE,2025-10-15,180046,0.52,9,1389,0,0
1251,7519,PE,2025-10-15,180047,0.21,0,1389,0,0
1251,7519,PE,2025-10-15,180048,0.0,0,0,0,0
1251,7519,PE,2025-10-15,180049,1.19,9,4167,1,1
1251,7519,PE,2025-10-15,180050,0.88,0,2778,0,0
1251,7519,PE,2025-10-15,180051,0.0,0,0,0,0
1251,7519,PE,2025-10-15,180052,0.68,0,1389,0,0
1251,7519,PE,2025-10-15,180053,3.59,0,2778,2,2
1251,7519,PE,2025-10-15,185056,0.62,0,1389,0,0
1251,7519,PE,2025-10-15,185057,1.93,0,8334,0,0
1251,7519,PE,2025-10-15,185058,0.45,19,1389,0,0
1251,7519,PE,2025-10-15,185059,0.68,0,2778,0,0
1251,7519,PE,2025-10-15,185060,1.56,9,2778,0,1
1251,7519,PE,2025-10-15,198818,0.0,0,0,0,0
1251,7519,PE,2025-10-15,198819,1.32,0,4167,0,1
1251,7519,PE,2025-10-15,198820,0.83,0,1389,0,0
1251,7519,PE,2025-10-15,198821,12.42,19,25002,1,2
1251,7519,PE,2025-10-15,198822,0.54,0,2778,0,0
1251,7519,PE,2025-10-15,199415,0.0,0,0,0,0
1251,7519,PE,2025-10-15,199628,0.0,0,0,1,1
1251,7519,PE,2025-10-15,199629,1.07,0,4167,1,0
1251,7519,PE,2025-10-15,199630,0.99,0,2778,1,1
1251,7519,PE,2025-10-15,199631,4.54,9,11112,0,0
1251,7519,PE,2025-10-15,199632,1.26,0,4167,0,0
1251,7519,PE,2025-10-15,199709,1.0,0,2778,0,1
1251,7519,PE,2025-10-15,199710,0.94,0,4167,0,0
1251,7519,PE,2025-10-15,199711,0.0,0,0,0,0
1251,7519,PE,2025-10-15,199712,3.52,19,11112,0,0
1251,7519,PE,2025-10-15,199713,0.0,0,0,1,2
1251,7519,PE,2025-10-15,206947,0.51,0,2778,0,0
1251,7519,PE,2025-10-15,207496,0.0,0,0,0,0
1251,7519,PE,2025-10-15,207769,0.0,0,0,0,0
1251,7519,PE,2025-10-15,211297,1.95,0,9723,0,1
1251,7519,PE,2025-10-15,211298,0.0,0,0,0,1
1251,7519,PE,2025-10-15,211299,1.94,0,5556,0,1
1251,7519,PE,2025-10-15,211300,4.0,0,9723,0,0
1251,7519,PE,2025-10-15,211301,0.0,0,0,0,0
1251,7519,PE,2025-10-15,211302,1.88,19,5556,0,2
1251,7519,PE,2025-10-15,211303,0.34,0,1389,0,0
1251,7519,PE,2025-10-15,211304,4.71,0,15279,0,0
1251,7519,PE,2025-10-15,211305,1.21,0,4167,0,0
1251,7519,PE,2025-10-15,211306,2.81,0,6945,0,0
1251,7519,PE,2025-10-15,211307,4.87,0,19446,1,4
1251,7519,PE,2025-10-15,211308,0.0,0,0,0,0
1251,7519,PE,2025-10-15,211309,1.23,19,5556,0,0
1251,7519,PE,2025-10-15,211317,0.21,0,1389,0,11
1251,7519,PE,2025-10-15,211318,1.34,0,2778,0,0
1251,7519,PE,2025-10-15,211319,0.0,0,0,0,0
1251,7519,PE,2025-10-15,211320,0.0,0,0,1,0
1251,7519,PE,2025-10-15,211321,6.9,9,29169,1,1
1251,7519,PE,2025-10-15,211323,0.29,9,1389,0,0
1251,7519,PE,2025-10-15,215302,0.19,0,1389,0,1
1251,7519,PE,2025-10-15,215303,0.0,0,0,0,0
1251,7519,PE,2025-10-15,215304,0.0,0,0,0,0
1251,7519,PE,2025-10-15,215305,0.0,0,0,0,0
1251,7519,PE,2025-10-15,215306,8.51,9,19446,0,2
1251,7519,PE,2025-10-15,215709,0.31,0,1389,0,1
1251,7519,PE,2025-10-15,215710,4.74,0,12501,0,0
1251,7519,PE,2025-10-15,215711,0.24,9,1389,0,1
1251,7519,PE,2025-10-15,215712,1.0,0,1389,1,0
1251,7519,PE,2025-10-15,215713,3.01,0,8334,0,1
1251,7519,PE,2025-10-15,215715,0.0,28,0,0,0
1251,7519,PE,2025-10-15,223426,1.53,9,8334,0,1
1251,7519,PE,2025-10-15,223427,2.02,9,9723,0,1
1251,7519,PE,2025-10-15,223428,0.0,0,0,0,0
1251,7519,PE,2025-10-15,223429,2.85,9,4167,0,1
1251,7519,PE,2025-10-15,223430,4.77,9,6945,0,0
1251,7519,PE,2025-10-15,223431,5.47,19,13890,0,4
1251,7519,PE,2025-10-15,223432,9.49,9,20835,0,1
1251,7517,SV,2025-10-15,179004,0.0,0,0,0,0
1251,7517,SV,2025-10-15,179005,2.85,19,5556,0,0
1251,7517,SV,2025-10-15,179006,0.0,0,0,0,0
1251,7517,SV,2025-10-15,179007,6.75,19,12501,1,1
1251,7517,SV,2025-10-15,179008,0.0,0,0,0,0
1251,7517,SV,2025-10-15,179023,0.0,0,0,0,0
1251,7517,SV,2025-10-15,179024,8.88,19,9723,0,1
1251,7517,SV,2025-10-15,179025,2.13,9,1389,0,0
1251,7517,SV,2025-10-15,179026,22.09,9,40281,0,3
1251,7517,SV,2025-10-15,198877,0.15,0,1389,0,0
1251,7517,SV,2025-10-15,198878,0.0,9,0,0,0
1251,7517,SV,2025-10-15,198879,0.0,0,0,0,0
1251,7517,SV,2025-10-15,198880,7.01,38,12501,0,3
1251,7517,SV,2025-10-15,198881,0.34,0,1389,0,0
1251,7517,SV,2025-10-15,198882,0.51,0,1389,0,0
1251,7517,SV,2025-10-15,198883,0.42,0,1389,0,0
1251,7517,SV,2025-10-15,198884,9.22,0,6945,0,0
1251,7517,SV,2025-10-15,198885,1.17,19,2778,1,2
1251,7517,SV,2025-10-15,198886,0.66,28,1389,0,1
1251,7517,SV,2025-10-15,198888,2.01,0,1389,0,0
1251,7517,SV,2025-10-15,198889,0.87,0,2778,0,0
1251,7517,SV,2025-10-15,198890,0.83,0,1389,0,0
1251,7517,SV,2025-10-15,198891,0.0,0,0,0,0
1251,7517,SV,2025-10-15,198892,3.23,28,4167,0,1
1251,7517,SV,2025-10-15,198893,1.16,0,2778,1,1
1251,7517,SV,2025-10-15,206128,0.0,0,0,0,0
1251,7517,SV,2025-10-15,206129,0.43,9,1389,0,0
1251,7517,SV,2025-10-15,206130,0.0,0,0,0,0
1251,7517,SV,2025-10-15,206131,6.44,9,11112,0,2
1251,7517,SV,2025-10-15,206132,1.04,0,1389,0,0
1251,7517,SV,2025-10-15,206133,0.0,0,0,0,0
1251,7517,SV,2025-10-15,206134,0.39,0,1389,0,0
1251,7517,SV,2025-10-15,206135,0.0,0,0,0,1
1251,7517,SV,2025-10-15,206136,0.33,9,1389,0,1
1251,7517,SV,2025-10-15,206137,0.0,9,0,0,1
1251,7517,SV,2025-10-15,207897,0.0,0,0,0,0
1251,7517,SV,2025-10-15,207898,0.0,0,0,0,0
1251,7517,SV,2025-10-15,207899,0.7,0,1389,0,0
1251,7517,SV,2025-10-15,207900,0.0,0,0,0,0
1251,7517,SV,2025-10-15,207901,0.0,0,0,0,0
1251,7517,SV,2025-10-15,207903,0.64,9,1389,0,0
1251,7517,SV,2025-10-15,215797,0.5,9,1389,0,0
1251,7517,SV,2025-10-15,215798,0.0,0,0,0,0
1251,7517,SV,2025-10-15,215799,0.68,0,2778,0,0
1251,7517,SV,2025-10-15,215800,0.0,0,0,0,0
1251,7517,SV,2025-10-15,215801,1.11,28,2778,0,1
1251,7517,SV,2025-10-15,220211,10.58,0,2778,0,0
1251,7517,SV,2025-10-15,220212,0.0,0,0,0,0
1251,7517,SV,2025-10-15,220213,0.85,0,1389,0,0
1251,7517,SV,2025-10-15,220214,1.76,19,1389,0,0
1251,7517,SV,2025-10-15,220215,4.91,9,4167,0,1
3151,8406,SV,2025-10-15,210819,0.0,0,0,0,0
3151,8406,SV,2025-10-15,210820,1.34,19,4167,1,4
3151,8406,SV,2025-10-15,210821,5.68,0,5556,0,1
3151,8406,SV,2025-10-15,210822,3.89,0,4167,0,1
3151,8406,SV,2025-10-15,210823,3.91,0,6945,0,0
3151,8406,SV,2025-10-15,210825,0.0,9,0,0,0
3151,8406,SV,2025-10-15,210829,0.0,0,0,0,0
3151,8406,SV,2025-10-15,210833,0.25,0,1389,0,0
3151,8406,SV,2025-10-15,210834,1.44,0,2778,0,1
3151,8406,SV,2025-10-15,210835,0.18,0,1389,0,0
3151,8406,SV,2025-10-15,210836,12.64,0,6945,0,5
3151,8406,SV,2025-10-15,210837,0.0,0,0,0,0
3151,8406,SV,2025-10-15,210839,0.0,0,0,0,0
3151,8406,SV,2025-10-15,210840,4.44,9,1389,0,0
3151,8406,SV,2025-10-15,210841,6.23,9,2778,0,0
3151,8406,SV,2025-10-15,210842,0.0,9,0,0,0
3151,8406,SV,2025-10-15,210843,3.4,0,4167,1,11
3151,8406,SV,2025-10-15,210846,0.0,0,0,0,0
3151,8406,SV,2025-10-15,215838,2.22,0,2778,0,2
3151,8406,SV,2025-10-15,215839,0.34,0,1389,0,0
3151,8406,SV,2025-10-15,215840,0.8,0,2778,0,0
3151,8406,SV,2025-10-15,215841,0.0,0,0,0,0
3151,8406,SV,2025-10-15,215842,0.0,0,0,0,1
3151,8406,SV,2025-10-15,215843,1.55,9,4167,0,1
3151,8406,SV,2025-10-15,215844,3.33,0,2778,1,2
3151,8406,SV,2025-10-15,215845,1.2,9,4167,0,0
3151,8406,SV,2025-10-15,215853,0.0,0,0,0,0
3151,8406,SV,2025-10-15,215854,0.0,0,0,0,0
3151,8406,SV,2025-10-15,215855,0.95,0,2778,0,1
3151,8406,SV,2025-10-15,215856,0.0,0,0,1,2
3151,8406,SV,2025-10-15,215857,0.49,0,1389,0,0
3151,8406,SV,2025-10-15,215859,0.0,0,0,0,0
3151,8406,SV,2025-10-15,218630,3.3,9,2778,1,3
3151,8406,SV,2025-10-15,218631,0.0,0,0,0,0
3151,8406,SV,2025-10-15,218632,0.0,9,0,0,0
3151,8406,SV,2025-10-15,218634,0.0,0,0,0,1
3151,8406,SV,2025-10-15,218635,0.98,0,2778,0,1
3151,8406,SV,2025-10-15,218636,0.88,0,2778,0,0
3151,8406,SV,2025-10-15,221021,0.0,0,0,0,1
3151,8406,SV,2025-10-15,221026,8.63,9,1389,0,0
3151,8406,SV,2025-10-15,221027,0.0,0,0,0,0
3151,8406,SV,2025-10-15,221028,0.0,0,0,0,1
3151,8406,SV,2025-10-15,221030,0.0,0,0,0,0
3151,8406,SV,2025-10-15,221031,5.39,0,2778,2,6
3151,8406,SV,2025-10-15,221032,4.94,0,5556,0,0
3151,8406,SV,2025-10-15,221033,0.36,0,1389,0,5
3151,8406,SV,2025-10-15,221034,0.93,0,1389,0,0
3151,8406,SV,2025-10-15,221035,0.0,0,0,0,0
3151,8406,SV,2025-10-15,221037,0.0,9,0,0,0
3151,8406,SV,2025-10-15,221038,24.49,0,11112,1,7
3151,8406,SV,2025-10-15,221039,0.15,0,1389,0,0
3151,8406,SV,2025-10-15,221242,0.0,0,0,0,0
3151,8406,SV,2025-10-15,221243,0.0,0,0,0,0
3151,8406,SV,2025-10-15,221244,2.05,0,1389,0,0
3151,8406,SV,2025-10-15,221245,6.35,19,4167,0,1
3151,8406,SV,2025-10-15,221246,0.0,19,0,0,0
3151,8406,SV,2025-10-15,221247,0.0,0,0,0,0
3151,8406,SV,2025-10-15,221248,0.0,0,0,0,0
3151,8406,SV,2025-10-15,221249,0.0,0,0,0,1
3151,8406,SV,2025-10-15,221250,0.0,0,0,0,0
3151,8406,SV,2025-10-15,221251,0.0,19,0,0,0
3151,8406,SV,2025-10-15,221252,0.0,0,0,0,0
3151,8406,SV,2025-10-15,221253,0.0,0,0,0,0
3151,8406,SV,2025-10-15,221254,0.0,0,0,0,0
3151,8406,SV,2025-10-15,221255,0.0,0,0,0,0
3151,8406,SV,2025-10-15,221256,5.9,0,4167,0,1
3151,8406,SV,2025-10-15,221258,0.0,0,0,0,0
3151,8406,SV,2025-10-15,221259,11.44,0,6945,1,3
3151,8406,SV,2025-10-15,221260,0.0,9,0,0,0
3151,8406,SV,2025-10-15,221833,0.0,0,0,0,0
3151,8406,SV,2025-10-15,221834,0.0,0,0,0,0
3151,8406,SV,2025-10-15,221835,0.0,0,0,1,1
3151,8406,SV,2025-10-15,221837,0.0,0,0,0,0
3151,8406,SV,2025-10-15,221838,0.0,0,0,0,0
3151,8406,SV,2025-10-15,221839,0.0,0,0,0,0
3151,8406,SV,2025-10-15,221840,0.0,0,0,0,0
3151,8406,SV,2025-10-15,221841,0.0,0,0,0,0
3151,8406,SV,2025-10-15,221842,0.0,0,0,0,0
3151,8406,SV,2025-10-15,221844,0.0,0,0,0,0
3151,8406,SV,2025-10-15,221845,0.0,0,0,0,1
3151,8406,SV,2025-10-15,221846,0.0,0,0,0,0
3151,8406,SV,2025-10-15,221847,0.0,9,0,0,0
3151,8406,SV,2025-10-15,221848,0.0,0,0,0,0
3151,8406,SV,2025-10-15,221849,0.4,0,1389,1,0
3151,8406,SV,2025-10-15,221850,0.0,0,0,0,0
3151,8406,SV,2025-10-15,221851,1.14,0,1389,0,0
3151,8406,SV,2025-10-15,221852,8.31,28,15279,0,4
3151,8406,SV,2025-10-15,221853,1.62,0,1389,0,0
3151,8406,SV,2025-10-15,221854,0.0,19,0,0,1
3151,8406,SV,2025-10-15,221855,0.0,0,0,0,0
3151,8406,SV,2025-10-15,221856,4.07,28,4167,0,1
3151,8406,SV,2025-10-15,221858,0.39,9,1389,0,0
3151,8406,SV,2025-10-15,221859,3.04,0,4167,0,1
3151,8406,SV,2025-10-15,221860,0.0,9,0,0,0
3151,8406,SV,2025-10-15,223768,16.42,0,1389,0,0
3151,8406,SV,2025-10-15,223769,20.58,47,9723,1,1
3151,8406,SV,2025-10-15,223770,0.0,0,0,0,0
1251,7927,CL,2025-10-16,203179,0.21,0,1420,0,0
1251,7927,CL,2025-10-16,203180,0.21,0,1420,0,0
1251,7927,CL,2025-10-16,203181,0.0,0,0,0,0
1251,7927,CL,2025-10-16,203182,0.89,0,2841,0,0
1251,7927,CL,2025-10-16,203183,8.31,0,19884,0,0
1251,7927,CL,2025-10-16,203184,0.0,0,0,0,0
1251,7927,CL,2025-10-16,203185,0.61,10,1420,0,0
1251,7927,CL,2025-10-16,203186,0.0,0,0,0,0
1251,7927,CL,2025-10-16,203187,0.0,0,0,0,0
1251,7927,CL,2025-10-16,203188,0.57,0,1420,0,0
1251,7927,CL,2025-10-16,203189,0.0,0,0,0,0
1251,7927,CL,2025-10-16,203190,0.0,0,0,0,0
1251,7927,CL,2025-10-16,203191,0.0,0,0,0,0
1251,7927,CL,2025-10-16,203192,0.0,0,0,0,0
1251,7927,CL,2025-10-16,203193,0.0,0,0,0,0
1251,7927,CL,2025-10-16,203195,5.5,29,5681,0,0
1251,7927,CL,2025-10-16,203196,0.0,0,0,0,0
1251,7927,CL,2025-10-16,203197,0.0,10,0,0,0
1251,7927,CL,2025-10-16,203198,0.0,19,0,0,1
1251,7927,CL,2025-10-16,203199,1.44,0,1420,0,0
1251,7927,CL,2025-10-16,212691,0.15,0,1420,0,0
1251,7927,CL,2025-10-16,212692,3.53,0,4261,0,0
1251,7927,CL,2025-10-16,212693,0.0,10,0,0,0
1251,7927,CL,2025-10-16,212694,0.58,0,1420,0,0
1251,7927,CL,2025-10-16,212695,0.0,0,0,0,0
1251,7927,CL,2025-10-16,215780,1.29,0,4261,0,0
1251,7927,CL,2025-10-16,215781,0.35,0,1420,0,0
1251,7927,CL,2025-10-16,215782,0.0,0,0,0,0
1251,7927,CL,2025-10-16,215783,1.28,10,4261,0,0
1251,7927,CL,2025-10-16,215784,0.0,0,0,0,0
1251,7927,CL,2025-10-16,215785,0.0,0,0,0,0
1251,7927,CL,2025-10-16,215786,0.85,10,4261,0,0
1251,7927,CL,2025-10-16,215787,3.54,0,11362,0,0
1251,7927,CL,2025-10-16,215788,0.36,0,2841,0,0
1251,7927,CL,2025-10-16,215789,0.0,0,0,0,0
1251,7927,CL,2025-10-16,215790,0.0,0,0,0,0
1251,7927,CL,2025-10-16,215791,0.48,0,2841,0,0
1251,7927,CL,2025-10-16,215792,0.18,0,1420,0,0
1251,7927,CL,2025-10-16,215793,8.29,29,26985,0,0
1251,7927,CL,2025-10-16,215794,6.76,0,1420,1,1
1251,7927,CL,2025-10-16,215795,0.0,0,0,0,0
1251,7927,CL,2025-10-16,220204,0.0,0,0,0,0
1251,7927,CL,2025-10-16,220205,2.34,0,5681,0,0
1251,7927,CL,2025-10-16,220206,4.02,10,5681,0,0
1251,7927,CL,2025-10-16,220207,0.68,0,2841,0,1
1251,7927,CL,2025-10-16,220208,0.0,0,0,0,0
1251,7927,CL,2025-10-16,222574,27.58,77,51130,1,1
1251,7927,CL,2025-10-16,222575,10.86,19,21304,0,1
1251,7927,CL,2025-10-16,222576,120.31,87,167592,2,4
1251,7518,CR,2025-10-16,197743,0.0,0,0,1,1
1251,7518,CR,2025-10-16,197744,19.89,202,12782,0,1
1251,7518,CR,2025-10-16,197745,1.08,10,5681,0,0
1251,7518,CR,2025-10-16,199813,4.57,0,2841,0,0
1251,7518,CR,2025-10-16,199814,1.58,0,4261,1,1
1251,7518,CR,2025-10-16,199815,1.24,67,1420,0,0
1251,7518,CR,2025-10-16,199816,0.0,29,0,0,0
1251,7518,CR,2025-10-16,199817,3.24,0,8522,0,0
1251,7518,CR,2025-10-16,199819,0.0,0,0,0,0
1251,7518,CR,2025-10-16,199820,5.79,0,9942,1,1
1251,7518,CR,2025-10-16,199821,1.07,0,1420,0,0
1251,7518,CR,2025-10-16,199822,0.0,19,0,2,2
1251,7518,CR,2025-10-16,199880,0.0,10,0,0,0
1251,7518,CR,2025-10-16,199881,0.0,0,0,0,0
1251,7518,CR,2025-10-16,199882,4.87,38,9942,0,0
1251,7518,CR,2025-10-16,199883,2.44,0,9942,1,2
1251,7518,CR,2025-10-16,199884,3.6,0,5681,0,0
1251,7518,CR,2025-10-16,199886,0.0,0,0,1,1
1251,7518,CR,2025-10-16,206121,12.03,0,5681,0,0
1251,7518,CR,2025-10-16,206122,1.17,0,1420,0,0
1251,7518,CR,2025-10-16,206123,8.25,48,2841,0,1
1251,7518,CR,2025-10-16,206124,15.0,29,14203,0,2
1251,7518,CR,2025-10-16,206125,8.85,0,11362,0,1
1251,7518,CR,2025-10-16,206127,0.0,0,0,1,1
1251,7518,CR,2025-10-16,209137,0.0,0,0,0,0
1251,7518,CR,2025-10-16,209138,0.2,0,1420,0,0
1251,7518,CR,2025-10-16,209139,21.59,29,21304,1,1
1251,7518,CR,2025-10-16,209140,48.82,10,29826,2,2
1251,7518,CR,2025-10-16,209141,50.0,10,68173,5,6
1251,7518,CR,2025-10-16,210923,0.25,0,1420,0,0
1251,7518,CR,2025-10-16,210924,0.58,0,2841,0,0
1251,7518,CR,2025-10-16,210925,20.92,115,11362,0,1
1251,7518,CR,2025-10-16,210926,11.57,38,22724,1,1
1251,7518,CR,2025-10-16,210927,6.81,0,14203,1,2
1251,7518,CR,2025-10-16,210929,1.05,0,1420,0,0
1251,7518,CR,2025-10-16,211373,1.58,10,1420,0,0
1251,7518,CR,2025-10-16,211374,0.0,0,0,0,0
1251,7518,CR,2025-10-16,211375,1.3,0,2841,0,0
1251,7518,CR,2025-10-16,211376,0.0,19,0,0,0
1251,7518,CR,2025-10-16,211377,15.67,10,19884,1,1
1251,7518,CR,2025-10-16,211378,0.0,0,0,0,0
1251,7518,CR,2025-10-16,211379,1.63,0,2841,0,0
1251,7518,CR,2025-10-16,211380,1.69,0,2841,0,0
1251,7518,CR,2025-10-16,211381,0.39,0,1420,0,0
1251,7518,CR,2025-10-16,211382,0.0,0,0,0,0
1251,7518,CR,2025-10-16,211384,0.0,0,0,0,0
1251,7518,CR,2025-10-16,212697,0.0,0,0,0,0
1251,7518,CR,2025-10-16,212698,4.63,0,2841,1,1
1251,7518,CR,2025-10-16,212699,0.0,10,0,0,0
1251,7518,CR,2025-10-16,212700,9.1,0,15623,0,2
1251,7518,CR,2025-10-16,212701,1.84,19,4261,0,0
1251,7518,CR,2025-10-16,212703,3.05,10,5681,0,0
1251,7518,CR,2025-10-16,215717,0.0,0,0,0,0
1251,7518,CR,2025-10-16,215718,0.0,0,0,0,0
1251,7518,CR,2025-10-16,215719,0.0,0,0,0,0
1251,7518,CR,2025-10-16,215720,11.76,115,4261,0,0
1251,7518,CR,2025-10-16,215721,12.93,10,8522,0,1
1251,7518,CR,2025-10-16,215722,0.0,0,0,0,0
1251,7518,CR,2025-10-16,215723,0.0,0,0,0,0
1251,7518,CR,2025-10-16,215724,54.46,29,92317,12,13
1251,7518,CR,2025-10-16,215725,3.32,0,5681,1,1
1251,7518,CR,2025-10-16,215726,30.05,164,11362,2,2
1251,7518,CR,2025-10-16,215727,4.2,0,5681,0,0
1251,7518,CR,2025-10-16,215728,0.0,10,0,0,0
1251,7518,CR,2025-10-16,215731,0.0,0,0,0,0
1251,7518,CR,2025-10-16,215732,3.97,0,2841,0,1
1251,7518,CR,2025-10-16,215733,2.92,29,5681,0,0
1251,7518,CR,2025-10-16,215734,8.32,0,4261,0,0
1251,7518,CR,2025-10-16,215735,0.0,0,0,0,0
1251,7518,CR,2025-10-16,221218,0.0,0,0,0,0
1251,7518,CR,2025-10-16,221219,5.68,0,8522,1,3
1251,7518,CR,2025-10-16,221220,0.0,10,0,0,0
1251,7518,CR,2025-10-16,221221,0.0,10,0,0,0
1251,7518,CR,2025-10-16,221222,1.64,10,2841,0,0
1251,7520,EC,2025-10-16,169629,11.2,38,9942,0,0
1251,7520,EC,2025-10-16,169630,7.9,48,5681,0,0
1251,7520,EC,2025-10-16,169631,6.85,10,8522,0,1
1251,7520,EC,2025-10-16,169632,2.38,0,5681,0,1
1251,7520,EC,2025-10-16,169634,0.0,10,0,0,0
1251,7520,EC,2025-10-16,169635,0.0,0,0,0,0
1251,7520,EC,2025-10-16,169642,14.55,10,7101,0,1
1251,7520,EC,2025-10-16,169643,3.28,0,4261,0,1
1251,7520,EC,2025-10-16,169644,8.72,19,8522,0,0
1251,7520,EC,2025-10-16,169645,4.55,29,5681,0,1
1251,7520,EC,2025-10-16,169647,0.0,0,0,0,0
1251,7520,EC,2025-10-16,169648,0.0,0,0,0,0
1251,7520,EC,2025-10-16,169649,0.0,0,0,0,0
1251,7520,EC,2025-10-16,169650,0.0,0,0,0,0
1251,7520,EC,2025-10-16,169651,15.46,58,22724,0,1
1251,7520,EC,2025-10-16,169652,19.64,19,11362,0,0
1251,7520,EC,2025-10-16,169654,0.0,10,0,0,0
1251,7520,EC,2025-10-16,169655,0.2,0,1420,0,0
1251,7520,EC,2025-10-16,169656,0.18,0,1420,0,0
1251,7520,EC,2025-10-16,169657,0.0,0,0,0,0
1251,7520,EC,2025-10-16,169658,0.0,0,0,0,0
1251,7520,EC,2025-10-16,169659,0.86,0,1420,0,0
1251,7520,EC,2025-10-16,169662,0.0,0,0,0,0
1251,7520,EC,2025-10-16,171430,0.0,0,0,0,0
1251,7520,EC,2025-10-16,171431,0.0,0,0,0,0
1251,7520,EC,2025-10-16,171433,2.19,0,5681,0,0
1251,7520,EC,2025-10-16,178393,0.0,0,0,0,0
1251,7520,EC,2025-10-16,178394,0.0,0,0,0,0
1251,7520,EC,2025-10-16,178395,3.69,0,7101,0,0
1251,7520,EC,2025-10-16,178397,0.0,10,0,0,0
1251,7520,EC,2025-10-16,178400,0.0,10,0,0,0
1251,7520,EC,2025-10-16,178401,0.0,0,0,0,0
1251,7520,EC,2025-10-16,178402,0.0,0,0,0,0
1251,7520,EC,2025-10-16,178404,2.49,0,1420,0,0
1251,7520,EC,2025-10-16,178406,0.0,0,0,0,0
1251,7520,EC,2025-10-16,178408,0.0,0,0,0,0
1251,7520,EC,2025-10-16,185841,1.42,0,1420,0,0
1251,7520,EC,2025-10-16,185842,0.0,0,0,0,1
1251,7520,EC,2025-10-16,185843,0.0,0,0,0,0
1251,7520,EC,2025-10-16,185844,0.0,0,0,0,0
1251,7520,EC,2025-10-16,185847,0.0,0,0,0,0
1251,7520,EC,2025-10-16,185863,0.0,0,0,0,0
1251,7520,EC,2025-10-16,185865,0.72,19,2841,0,0
1251,7520,EC,2025-10-16,185883,3.65,0,1420,0,0
1251,7520,EC,2025-10-16,185884,0.0,0,0,0,0
1251,7520,EC,2025-10-16,185885,1.95,0,2841,0,0
1251,7520,EC,2025-10-16,185886,3.28,0,1420,0,0
1251,7520,EC,2025-10-16,185888,0.0,0,0,0,0
1251,7520,EC,2025-10-16,185889,0.0,0,0,0,0
1251,7520,EC,2025-10-16,185895,1.17,10,2841,0,0
1251,7520,EC,2025-10-16,185897,4.0,0,1420,0,0
1251,7520,EC,2025-10-16,185900,0.0,0,0,0,0
1251,7520,EC,2025-10-16,193178,0.0,0,0,0,1
1251,7520,EC,2025-10-16,193179,0.0,0,0,0,0
1251,7520,EC,2025-10-16,193181,0.0,0,0,0,0
1251,7520,EC,2025-10-16,198841,0.0,0,0,0,0
1251,7520,EC,2025-10-16,198842,0.0,0,0,0,0
1251,7520,EC,2025-10-16,198843,1.96,0,1420,0,0
1251,7520,EC,2025-10-16,198844,3.03,10,7101,0,0
1251,7520,EC,2025-10-16,198845,0.0,0,0,0,0
1251,7520,EC,2025-10-16,198847,0.0,0,0,0,0
1251,7520,EC,2025-10-16,199723,0.4,10,2841,0,0
1251,7520,EC,2025-10-16,199724,11.17,19,34086,1,2
1251,7520,EC,2025-10-16,199725,1.99,38,7101,2,1
1251,7520,EC,2025-10-16,199727,0.17,0,1420,0,0
1251,7520,EC,2025-10-16,199729,1.73,0,4261,0,0
1251,7520,EC,2025-10-16,200172,2.72,10,5681,0,0
1251,7520,EC,2025-10-16,200173,27.11,19,24145,0,1
1251,7520,EC,2025-10-16,200174,1.27,38,4261,0,0
1251,7520,EC,2025-10-16,200175,22.16,10,34086,2,2
1251,7520,EC,2025-10-16,200176,7.78,10,18463,0,0
1251,7520,EC,2025-10-16,200178,10.81,58,5681,1,0
1251,7520,EC,2025-10-16,206105,0.0,10,0,0,0
1251,7520,EC,2025-10-16,206106,4.2,0,7101,1,0
1251,7520,EC,2025-10-16,206107,3.94,48,15623,0,0
1251,7520,EC,2025-10-16,206108,7.73,19,21304,1,1
1251,7520,EC,2025-10-16,206109,6.09,10,5681,0,0
1251,7520,EC,2025-10-16,206111,1.77,0,1420,0,0
1251,7520,EC,2025-10-16,206947,0.91,29,4261,0,0
1251,7520,EC,2025-10-16,206948,5.32,58,2841,0,1
1251,7520,EC,2025-10-16,215742,0.0,0,0,0,0
1251,7520,EC,2025-10-16,215744,0.74,0,1420,0,0
1251,7520,EC,2025-10-16,215745,1.01,0,1420,0,0
1251,7520,EC,2025-10-16,215747,0.0,0,0,0,0
1251,7520,EC,2025-10-16,215748,0.3,0,1420,0,0
1251,7520,EC,2025-10-16,215750,0.0,0,0,0,0
1251,7520,EC,2025-10-16,215751,2.26,0,2841,1,0
1251,7520,EC,2025-10-16,215752,2.48,10,1420,0,0
1251,7520,EC,2025-10-16,215753,2.48,0,1420,0,0
1251,7520,EC,2025-10-16,215754,0.0,0,0,0,0
1251,7520,EC,2025-10-16,215755,0.0,0,0,0,0
1251,7520,EC,2025-10-16,215756,0.0,0,0,0,0
1251,7520,EC,2025-10-16,215757,0.0,0,0,0,0
1251,7520,EC,2025-10-16,215758,1.4,0,1420,0,1
1251,7520,EC,2025-10-16,215760,0.0,0,0,0,0
1251,7520,EC,2025-10-16,215761,0.0,10,0,0,0
1251,7520,EC,2025-10-16,215762,1.49,0,5681,0,0
1251,7520,EC,2025-10-16,215763,0.77,10,1420,0,0
1251,7520,EC,2025-10-16,215764,0.0,0,0,0,0
1251,7520,EC,2025-10-16,215765,0.0,0,0,0,0
1251,7520,EC,2025-10-16,215767,0.0,0,0,0,0
1251,7520,EC,2025-10-16,215768,0.93,19,1420,0,0
1251,7520,EC,2025-10-16,215769,0.0,0,0,0,0
1251,7520,EC,2025-10-16,215770,0.0,0,0,0,0
1251,7520,EC,2025-10-16,215772,0.0,19,0,0,1
1251,7520,EC,2025-10-16,215773,0.52,10,1420,0,0
1251,7520,EC,2025-10-16,215774,4.89,19,4261,0,0
1251,7520,EC,2025-10-16,215775,0.0,10,0,0,0
1251,7520,EC,2025-10-16,215776,0.0,0,0,0,0
1251,7520,EC,2025-10-16,215777,1.92,0,1420,0,0
1251,7520,EC,2025-10-16,215778,9.08,19,14203,0,0
1251,7520,EC,2025-10-16,215779,12.45,0,7101,0,0
1251,7520,EC,2025-10-16,222498,19.22,58,28405,0,0
1251,7520,EC,2025-10-16,222499,44.67,29,59651,0,4
1251,7520,EC,2025-10-16,222500,0.67,327,2841,0,1
1252,7521,EC,2025-10-16,169776,0.0,0,0,0,0
1252,7521,EC,2025-10-16,169777,6.14,10,12782,1,2
1252,7521,EC,2025-10-16,169778,0.62,0,1420,0,0
1252,7521,EC,2025-10-16,169779,17.14,10,8522,0,2
1252,7521,EC,2025-10-16,169782,17.78,0,4261,0,0
1252,7521,EC,2025-10-16,180358,0.0,0,0,0,0
1252,7521,EC,2025-10-16,180359,1.65,0,1420,0,1
1252,7521,EC,2025-10-16,180360,5.22,48,12782,1,2
1252,7521,EC,2025-10-16,180361,4.48,0,1420,0,0
1252,7521,EC,2025-10-16,180363,0.0,0,0,0,0
1252,7521,EC,2025-10-16,198765,0.0,0,0,0,0
1252,7521,EC,2025-10-16,198766,0.0,10,0,0,0
1252,7521,EC,2025-10-16,198767,0.0,19,0,0,0
1252,7521,EC,2025-10-16,198768,17.51,0,12782,0,3
1252,7521,EC,2025-10-16,198769,0.0,10,0,0,0
1252,7521,EC,2025-10-16,198772,0.0,0,0,0,0
1252,7521,EC,2025-10-16,198773,4.17,10,4261,0,3
1252,7521,EC,2025-10-16,198774,0.0,0,0,0,0
1252,7521,EC,2025-10-16,198775,1.59,0,1420,0,2
1252,7521,EC,2025-10-16,198776,0.0,0,0,0,0
1252,7521,EC,2025-10-16,198778,1.91,10,1420,0,0
1252,7521,EC,2025-10-16,198780,0.96,10,2841,0,0
1252,7521,EC,2025-10-16,198781,0.0,29,0,0,0
1252,7521,EC,2025-10-16,198782,15.06,0,5681,0,1
1252,7521,EC,2025-10-16,198783,17.49,0,7101,0,5
1252,7521,EC,2025-10-16,198799,0.0,0,0,0,0
1252,7521,EC,2025-10-16,198800,0.29,38,1420,0,0
1252,7521,EC,2025-10-16,198801,9.94,38,12782,0,0
1252,7521,EC,2025-10-16,198802,17.54,19,18463,0,0
1252,7521,EC,2025-10-16,198803,0.0,0,0,0,0
1252,7521,EC,2025-10-16,198805,0.0,19,0,0,0
1252,7521,EC,2025-10-16,211158,0.0,0,0,0,0
1252,7521,EC,2025-10-16,211159,1.15,0,1420,1,0
1252,7521,EC,2025-10-16,211160,0.0,0,0,0,0
1252,7521,EC,2025-10-16,211161,29.32,96,46869,0,1
1252,7521,EC,2025-10-16,211162,1.73,29,2841,0,1
1252,7521,EC,2025-10-16,211164,0.0,0,0,0,0
1252,7521,EC,2025-10-16,215274,0.0,0,0,0,0
1252,7521,EC,2025-10-16,215275,0.0,10,0,0,0
1252,7521,EC,2025-10-16,215276,0.0,10,0,0,0
1252,7521,EC,2025-10-16,215277,27.29,0,25565,1,5
1252,7521,EC,2025-10-16,215278,0.0,0,0,0,1
1252,7521,EC,2025-10-16,215280,4.33,29,4261,0,0
1252,7521,EC,2025-10-16,221211,0.0,0,0,0,0
1252,7521,EC,2025-10-16,221212,10.56,0,5681,0,1
1252,7521,EC,2025-10-16,221213,0.0,10,0,0,0
1252,7521,EC,2025-10-16,221214,0.45,0,1420,0,0
1252,7521,EC,2025-10-16,221215,1.13,0,1420,0,0
1252,7521,EC,2025-10-16,221217,1.38,10,2841,0,0
1252,7522,EC,2025-10-16,169698,0.0,19,0,0,0
1252,7522,EC,2025-10-16,169699,0.0,10,0,0,0
1252,7522,EC,2025-10-16,169700,0.0,0,0,0,0
1252,7522,EC,2025-10-16,169701,2.14,0,4261,0,0
1252,7522,EC,2025-10-16,169702,0.0,0,0,0,0
1252,7522,EC,2025-10-16,169704,3.01,0,4261,0,0
1252,7522,EC,2025-10-16,169719,0.0,0,0,0,0
1252,7522,EC,2025-10-16,169720,0.0,0,0,0,0
1252,7522,EC,2025-10-16,169721,0.0,10,0,0,0
1252,7522,EC,2025-10-16,169722,0.0,0,0,0,0
1252,7522,EC,2025-10-16,169723,1.15,0,2841,0,0
1252,7522,EC,2025-10-16,169725,0.0,0,0,0,0
1252,7522,EC,2025-10-16,180343,0.0,0,0,0,0
1252,7522,EC,2025-10-16,180344,0.0,0,0,0,0
1252,7522,EC,2025-10-16,180345,0.0,0,0,0,0
1252,7522,EC,2025-10-16,180346,1.54,10,1420,1,1
1252,7522,EC,2025-10-16,180347,0.46,0,1420,0,0
1252,7522,EC,2025-10-16,180349,0.0,0,0,0,0
1252,7522,EC,2025-10-16,192876,0.0,0,0,0,0
1252,7522,EC,2025-10-16,192877,0.0,0,0,1,0
1252,7522,EC,2025-10-16,192878,2.67,10,1420,0,0
1252,7522,EC,2025-10-16,192879,1.64,0,4261,0,1
1252,7522,EC,2025-10-16,192880,0.0,0,0,0,0
1252,7522,EC,2025-10-16,192882,0.0,0,0,0,1
1252,7522,EC,2025-10-16,192883,0.0,0,0,0,0
1252,7522,EC,2025-10-16,192885,0.0,0,0,0,0
1252,7522,EC,2025-10-16,192886,0.0,10,0,0,0
1252,7522,EC,2025-10-16,192887,0.0,0,0,0,0
1252,7522,EC,2025-10-16,192890,0.21,0,1420,0,0
1252,7522,EC,2025-10-16,192891,0.0,0,0,0,0
1252,7522,EC,2025-10-16,192892,0.0,0,0,0,0
1252,7522,EC,2025-10-16,192893,0.9,0,2841,1,0
1252,7522,EC,2025-10-16,192894,0.0,0,0,0,0
1252,7522,EC,2025-10-16,192896,0.0,0,0,0,0
1252,7522,EC,2025-10-16,192904,0.0,0,0,0,0
1252,7522,EC,2025-10-16,192905,0.56,0,1420,0,0
1252,7522,EC,2025-10-16,192906,0.0,0,0,0,0
1252,7522,EC,2025-10-16,192907,3.48,0,2841,0,2
1252,7522,EC,2025-10-16,192908,0.0,0,0,0,0
1252,7522,EC,2025-10-16,192910,2.04,19,4261,0,0
1252,7522,EC,2025-10-16,198737,0.0,0,0,0,0
1252,7522,EC,2025-10-16,198738,0.0,0,0,0,0
1252,7522,EC,2025-10-16,198739,1.21,19,1420,0,1
1252,7522,EC,2025-10-16,198740,0.0,0,0,1,0
1252,7522,EC,2025-10-16,198741,0.0,0,0,0,0
1252,7522,EC,2025-10-16,198743,16.28,0,4261,0,0
1252,7522,EC,2025-10-16,198744,0.0,0,0,0,0
1252,7522,EC,2025-10-16,198745,0.0,0,0,0,0
1252,7522,EC,2025-10-16,198746,0.0,0,0,0,0
1252,7522,EC,2025-10-16,198747,1.72,10,4261,0,1
1252,7522,EC,2025-10-16,198748,0.44,0,1420,0,0
1252,7522,EC,2025-10-16,207466,12.36,0,4261,0,0
1252,7522,EC,2025-10-16,207467,30.13,38,12782,0,0
1252,7522,EC,2025-10-16,207470,21.17,10,5681,1,0
1252,7522,EC,2025-10-16,207471,46.78,10,19884,0,0
1252,7522,EC,2025-10-16,213498,0.0,0,0,0,0
1252,7522,EC,2025-10-16,213499,0.0,0,0,0,0
1252,7522,EC,2025-10-16,213500,0.0,0,0,0,0
1252,7522,EC,2025-10-16,213501,9.88,10,4261,0,0
1252,7522,EC,2025-10-16,213502,0.0,0,0,0,0
1252,7522,EC,2025-10-16,213503,1.04,0,1420,1,0
1252,7522,EC,2025-10-16,213504,5.23,19,4261,0,0
1252,7522,EC,2025-10-16,213505,4.57,0,4261,0,0
1252,7522,EC,2025-10-16,213506,2.06,0,2841,0,1
1252,7522,EC,2025-10-16,214305,0.0,0,0,0,0
1252,7522,EC,2025-10-16,214306,0.0,0,0,0,0
1252,7522,EC,2025-10-16,214307,3.92,0,2841,0,1
1252,7522,EC,2025-10-16,214308,0.0,0,0,0,0
1252,7522,EC,2025-10-16,214310,0.0,0,0,0,0
1252,7522,EC,2025-10-16,218184,0.27,10,1420,0,0
1252,7522,EC,2025-10-16,218185,0.48,0,1420,0,0
1252,7522,EC,2025-10-16,218186,1.33,10,1420,0,0
1252,7522,EC,2025-10-16,218187,9.92,0,4261,0,0
1252,7522,EC,2025-10-16,218188,0.0,0,0,0,0
1252,7522,EC,2025-10-16,220195,0.0,0,0,1,0
1252,7522,EC,2025-10-16,221187,0.0,0,0,0,0
1252,7522,EC,2025-10-16,221188,0.0,0,0,0,0
1252,7522,EC,2025-10-16,221189,0.0,0,0,0,0
1252,7522,EC,2025-10-16,221190,3.85,10,1420,0,0
1252,7522,EC,2025-10-16,221191,0.0,0,0,0,0
1252,7522,EC,2025-10-16,221193,1.64,0,1420,0,0
1252,7522,EC,2025-10-16,221194,0.0,0,0,0,0
1252,7522,EC,2025-10-16,221195,0.0,0,0,0,0
1252,7522,EC,2025-10-16,221196,2.87,0,1420,2,2
1252,7522,EC,2025-10-16,221197,0.0,0,0,0,0
1252,7522,EC,2025-10-16,221198,0.0,10,0,0,0
1252,7522,EC,2025-10-16,221199,2.97,0,4261,0,0
1252,7522,EC,2025-10-16,221200,3.68,19,2841,0,0
1252,7522,EC,2025-10-16,221201,0.0,0,0,0,0
1252,7522,EC,2025-10-16,221202,0.0,0,0,0,0
1252,7522,EC,2025-10-16,221207,0.0,0,0,0,0
1252,7522,EC,2025-10-16,221209,0.0,0,0,0,0
1252,7522,EC,2025-10-16,221210,0.0,0,0,0,0
1252,7522,EC,2025-10-16,221817,0.0,0,0,0,0
1252,7522,EC,2025-10-16,221818,0.0,0,0,0,0
1252,7522,EC,2025-10-16,223267,5.67,0,1420,0,0
1252,7522,EC,2025-10-16,223268,0.33,0,1420,0,0
1252,7522,EC,2025-10-16,223269,4.59,0,2841,0,0
1252,7522,EC,2025-10-16,223270,0.0,0,0,0,0
1252,7522,EC,2025-10-16,223271,0.0,0,0,0,0
1252,7522,EC,2025-10-16,223272,0.0,0,0,0,0
1252,7522,EC,2025-10-16,223273,0.0,10,0,0,0
1252,7522,EC,2025-10-16,223274,0.64,0,1420,0,0
1252,7522,EC,2025-10-16,223275,3.76,10,2841,0,1
1252,7522,EC,2025-10-16,223276,0.0,0,0,0,0
1252,7522,EC,2025-10-16,224104,0.0,0,0,0,0
1252,7522,EC,2025-10-16,224105,1.48,67,2841,1,1
1252,7522,EC,2025-10-16,224106,0.0,0,0,0,1
1252,7522,EC,2025-10-16,224107,15.91,29,9942,0,1
1252,7522,EC,2025-10-16,224108,9.95,10,5681,0,0
1252,7522,EC,2025-10-16,224110,0.0,0,0,0,0
1252,7522,EC,2025-10-16,224111,0.44,0,1420,0,0
1252,7522,EC,2025-10-16,224113,7.54,38,12782,0,1
1252,7522,EC,2025-10-16,224114,0.3,0,1420,0,0
1252,7522,EC,2025-10-16,224122,0.0,10,0,0,0
1252,7522,EC,2025-10-16,224123,0.0,10,0,0,0
1252,7522,EC,2025-10-16,224124,0.0,10,0,0,0
1252,7522,EC,2025-10-16,224125,1.72,10,4261,0,0
1252,7522,EC,2025-10-16,224126,0.0,10,0,0,0
1252,7522,EC,2025-10-16,224128,0.0,0,0,0,0
1252,7522,EC,2025-10-16,224129,0.0,10,0,0,0
1252,7522,EC,2025-10-16,224130,6.1,10,4261,0,0
1252,7522,EC,2025-10-16,224131,6.23,19,12782,0,1
1252,7522,EC,2025-10-16,224132,0.0,0,0,0,0
1252,7522,EC,2025-10-16,224134,0.0,10,0,0,0
1252,7522,EC,2025-10-16,224135,3.55,0,2841,0,0
1252,7522,EC,2025-10-16,224136,0.0,19,0,0,0
1252,7522,EC,2025-10-16,224137,6.92,19,12782,0,0
1252,7522,EC,2025-10-16,224138,0.0,0,0,0,0
1252,7522,EC,2025-10-16,224139,0.0,10,0,0,0
1252,7522,EC,2025-10-16,224140,0.0,19,0,0,0
1252,7522,EC,2025-10-16,224141,2.04,10,4261,0,0
1252,7522,EC,2025-10-16,224142,0.47,10,1420,0,0
1252,7522,EC,2025-10-16,224143,0.41,10,1420,0,0
1252,7522,EC,2025-10-16,224144,0.78,29,1420,0,0
1252,7522,EC,2025-10-16,224145,3.0,19,15623,0,0
1252,7522,EC,2025-10-16,224146,2.22,10,1420,0,0
1252,7522,EC,2025-10-16,224150,0.0,0,0,0,0
1252,7522,EC,2025-10-16,224151,0.0,0,0,0,0
1251,9092,GT,2025-10-16,222434,0.49,0,2841,0,0
1251,9092,GT,2025-10-16,222435,9.23,0,17043,0,0
1251,9092,GT,2025-10-16,222436,0.0,0,0,0,0
1251,9092,GT,2025-10-16,222437,4.0,0,9942,0,0
1251,9092,GT,2025-10-16,222438,0.7,10,2841,0,0
1251,9092,GT,2025-10-16,222439,0.78,0,1420,0,0
1251,9092,GT,2025-10-16,222440,3.81,10,2841,0,0
1251,9092,GT,2025-10-16,222441,1.43,0,1420,0,0
1251,9092,GT,2025-10-16,222442,0.37,10,1420,0,0
1251,9092,GT,2025-10-16,222443,11.06,0,8522,0,0
1251,9092,GT,2025-10-16,222444,4.59,10,2841,0,0
1251,9092,GT,2025-10-16,222445,3.61,29,8522,0,0
1251,9092,GT,2025-10-16,222446,2.23,0,2841,0,0
1251,9092,GT,2025-10-16,222447,3.83,0,2841,0,0
1251,9092,GT,2025-10-16,222448,6.33,0,11362,0,0
1251,9092,GT,2025-10-16,222449,1.4,0,1420,0,0
1251,9092,GT,2025-10-16,222450,1.93,19,2841,0,0
1251,9092,GT,2025-10-16,222451,0.0,0,0,0,0
1251,9092,GT,2025-10-16,222452,0.55,0,2841,0,0
1251,9092,GT,2025-10-16,222453,9.9,19,18463,0,0
1251,9092,GT,2025-10-16,222454,5.2,0,4261,0,1
1251,9092,GT,2025-10-16,222455,8.17,0,12782,1,0
1251,9092,GT,2025-10-16,222456,0.0,0,0,0,1
1251,9092,GT,2025-10-16,222457,0.33,10,1420,0,0
1251,9092,GT,2025-10-16,222458,8.11,10,9942,1,1
1251,9092,GT,2025-10-16,222459,1.13,0,2841,0,0
1251,9092,GT,2025-10-16,222460,7.41,0,9942,0,0
1251,9092,GT,2025-10-16,222461,0.0,19,0,0,0
1251,9092,GT,2025-10-16,222462,1.94,10,1420,0,0
1251,9092,GT,2025-10-16,222463,17.72,10,4261,0,1
1251,9092,GT,2025-10-16,222464,0.84,0,4261,0,0
1251,9092,GT,2025-10-16,222465,2.74,0,4261,0,0
1251,9092,GT,2025-10-16,222466,4.55,0,5681,0,0
1251,9092,GT,2025-10-16,222467,0.0,0,0,0,0
1251,9092,GT,2025-10-16,222468,3.11,10,9942,0,0
1251,9092,GT,2025-10-16,222470,0.0,10,0,0,0
1251,9092,GT,2025-10-16,222471,2.42,0,2841,0,0
1251,9092,GT,2025-10-16,222472,5.02,0,11362,0,2
3151,8407,GT,2025-10-16,210778,0.0,0,0,0,0
3151,8407,GT,2025-10-16,210779,0.0,0,0,0,0
3151,8407,GT,2025-10-16,210780,0.0,0,0,0,0
3151,8407,GT,2025-10-16,210781,0.73,0,2841,1,1
3151,8407,GT,2025-10-16,210782,1.17,0,2841,0,0
3151,8407,GT,2025-10-16,210784,0.0,0,0,0,0
3151,8407,GT,2025-10-16,210792,0.0,0,0,0,0
3151,8407,GT,2025-10-16,210793,1.19,0,2841,0,0
3151,8407,GT,2025-10-16,210794,2.61,19,5681,0,0
3151,8407,GT,2025-10-16,210795,10.0,29,15623,0,1
3151,8407,GT,2025-10-16,210796,0.92,0,1420,0,0
3151,8407,GT,2025-10-16,210798,0.0,29,0,0,1
3151,8407,GT,2025-10-16,210805,0.0,0,0,0,0
3151,8407,GT,2025-10-16,210806,0.0,0,0,0,1
3151,8407,GT,2025-10-16,210807,0.0,19,0,0,0
3151,8407,GT,2025-10-16,210808,4.02,0,7101,0,1
3151,8407,GT,2025-10-16,210809,0.91,10,1420,0,0
3151,8407,GT,2025-10-16,210811,0.0,0,0,0,1
3151,8407,GT,2025-10-16,214323,0.0,0,0,0,0
3151,8407,GT,2025-10-16,215818,0.0,0,0,0,1
3151,8407,GT,2025-10-16,215819,0.0,0,0,0,0
3151,8407,GT,2025-10-16,215820,11.07,0,5681,0,0
3151,8407,GT,2025-10-16,215821,0.0,0,0,0,0
3151,8407,GT,2025-10-16,215823,0.0,0,0,0,0
3151,8407,GT,2025-10-16,218623,0.0,0,0,0,0
3151,8407,GT,2025-10-16,218624,0.0,0,0,0,0
3151,8407,GT,2025-10-16,218625,1.67,0,1420,0,0
3151,8407,GT,2025-10-16,218626,3.0,10,5681,2,3
3151,8407,GT,2025-10-16,218627,0.0,0,0,0,0
3151,8407,GT,2025-10-16,218628,0.0,0,0,0,0
3151,8407,GT,2025-10-16,218629,0.0,10,0,0,0
3151,8407,GT,2025-10-16,219238,0.39,0,1420,0,1
3151,8407,GT,2025-10-16,219239,3.6,0,1420,0,0
3151,8407,GT,2025-10-16,219240,1.5,0,2841,0,0
3151,8407,GT,2025-10-16,219241,1.12,0,1420,0,0
3151,8407,GT,2025-10-16,219243,0.0,0,0,0,0
3151,8407,GT,2025-10-16,221223,0.0,0,0,0,0
3151,8407,GT,2025-10-16,221224,0.0,0,0,0,0
3151,8407,GT,2025-10-16,221225,0.0,0,0,0,1
3151,8407,GT,2025-10-16,221226,0.0,10,0,0,0
3151,8407,GT,2025-10-16,221227,0.86,10,1420,0,0
3151,8407,GT,2025-10-16,221229,0.0,19,0,0,0
3151,8407,GT,2025-10-16,221231,3.96,0,4261,0,1
3151,8407,GT,2025-10-16,221232,0.56,10,1420,0,0
3151,8407,GT,2025-10-16,221233,6.92,0,4261,0,1
3151,8407,GT,2025-10-16,221234,0.0,0,0,0,0
3151,8407,GT,2025-10-16,221236,0.35,0,1420,0,0
3151,8407,GT,2025-10-16,221237,0.0,0,0,0,0
3151,8407,GT,2025-10-16,221238,0.0,0,0,0,1
3151,8407,GT,2025-10-16,221239,0.0,0,0,0,0
3151,8407,GT,2025-10-16,221240,2.79,0,1420,0,0
3151,8407,GT,2025-10-16,221241,0.0,0,0,0,0
3151,8407,GT,2025-10-16,221819,0.0,0,0,0,0
3151,8407,GT,2025-10-16,221823,0.0,0,0,0,0
3151,8407,GT,2025-10-16,221826,0.0,0,0,0,0
3151,8407,GT,2025-10-16,221827,0.0,0,0,0,0
3151,8407,GT,2025-10-16,221828,0.0,0,0,0,0
3151,8407,GT,2025-10-16,221829,0.0,0,0,0,0
3151,8407,GT,2025-10-16,221832,0.0,0,0,0,0
3151,8407,GT,2025-10-16,223278,0.0,0,0,0,0
3151,8407,GT,2025-10-16,223279,1.05,0,2841,0,0
3151,8407,GT,2025-10-16,223280,0.0,0,0,0,0
3151,8407,GT,2025-10-16,223281,0.0,0,0,0,0
3151,8407,GT,2025-10-16,223282,1.26,19,2841,0,0
3151,8407,GT,2025-10-16,223284,2.46,10,2841,0,0
3151,8407,GT,2025-10-16,223771,0.0,0,0,0,0
3151,8407,GT,2025-10-16,223772,0.0,10,0,0,0
3151,8407,GT,2025-10-16,223773,0.75,0,2841,0,1
3151,8407,GT,2025-10-16,224154,0.0,0,0,0,0
3151,8407,GT,2025-10-16,224155,1.24,0,2841,0,0
3151,8407,GT,2025-10-16,224156,2.09,19,1420,0,0
3151,8407,GT,2025-10-16,224157,0.35,10,1420,0,0
3151,8407,GT,2025-10-16,224158,2.82,19,1420,0,0
3151,8407,GT,2025-10-16,224159,0.0,0,0,0,0
3151,8407,GT,2025-10-16,224160,0.0,19,0,0,0
1251,9126,HN,2025-10-16,223902,5.67,10,1420,0,0
1251,9126,HN,2025-10-16,223903,1.47,10,2841,0,0
1251,9126,HN,2025-10-16,223904,0.0,0,0,0,0
1251,9126,HN,2025-10-16,223905,2.52,29,1420,0,0
1251,9126,HN,2025-10-16,223906,2.39,58,5681,0,0
1251,9126,HN,2025-10-16,223907,0.0,0,0,0,0
1251,9126,HN,2025-10-16,223908,5.07,19,1420,0,0
1251,9126,HN,2025-10-16,223909,1.12,0,2841,0,0
1251,9126,HN,2025-10-16,223910,5.14,67,5681,0,0
1251,9126,HN,2025-10-16,223911,0.27,10,1420,0,0
1251,9126,HN,2025-10-16,223912,0.77,19,1420,0,0
1251,9126,HN,2025-10-16,223913,0.0,29,0,0,0
1251,9126,HN,2025-10-16,223914,0.0,10,0,0,0
1251,9126,HN,2025-10-16,223915,3.11,48,7101,0,0
1251,9126,HN,2025-10-16,223916,4.14,48,7101,0,0
1251,9126,HN,2025-10-16,223917,3.03,0,1420,0,0
1251,9126,HN,2025-10-16,223918,0.0,19,0,0,0
1251,9126,HN,2025-10-16,223919,0.43,10,1420,0,0
1251,9126,HN,2025-10-16,223920,5.91,48,9942,0,0
1251,9126,HN,2025-10-16,223921,6.7,29,7101,0,0
1251,9126,HN,2025-10-16,223922,0.0,19,0,0,0
1251,9126,HN,2025-10-16,223923,0.0,0,0,0,0
1251,9126,HN,2025-10-16,223924,0.0,0,0,0,0
1251,9126,HN,2025-10-16,223925,6.98,19,4261,0,0
1251,9126,HN,2025-10-16,223926,2.49,19,4261,0,0
1251,9126,HN,2025-10-16,223927,0.0,0,0,0,0
1251,9126,HN,2025-10-16,223928,2.8,19,4261,0,0
1251,9126,HN,2025-10-16,223929,0.0,0,0,0,0
1251,9126,HN,2025-10-16,223930,10.33,0,7101,0,0
1251,9126,HN,2025-10-16,223931,0.25,10,1420,0,0
1251,9126,HN,2025-10-16,223932,0.0,0,0,0,0
1251,9126,HN,2025-10-16,223933,3.18,67,4261,0,0
1251,9126,HN,2025-10-16,223934,3.87,0,1420,0,0
1251,9126,HN,2025-10-16,223935,0.15,19,1420,0,0
1251,9126,HN,2025-10-16,223936,1.2,10,1420,0,0
1847,7523,HN,2025-10-16,207904,0.0,10,0,0,0
1847,7523,HN,2025-10-16,207905,2.05,10,4261,0,0
1847,7523,HN,2025-10-16,207906,0.41,19,1420,0,0
1847,7523,HN,2025-10-16,207907,4.16,10,8522,0,0
1847,7523,HN,2025-10-16,207908,0.0,10,0,0,0
1847,7523,HN,2025-10-16,207910,0.22,0,1420,0,0
1847,7523,HN,2025-10-16,211405,0.0,0,0,0,0
1847,7523,HN,2025-10-16,211406,1.33,0,7101,0,0
1847,7523,HN,2025-10-16,211408,2.81,10,9942,1,0
1847,7523,HN,2025-10-16,211409,0.45,0,1420,0,0
1847,7523,HN,2025-10-16,211411,0.81,10,1420,0,0
1847,7523,HN,2025-10-16,211412,1.82,0,2841,0,1
1847,7523,HN,2025-10-16,211413,0.92,10,2841,0,0
1847,7523,HN,2025-10-16,211414,1.78,19,4261,0,0
1847,7523,HN,2025-10-16,211415,1.04,0,4261,0,4
1847,7523,HN,2025-10-16,211416,2.78,10,7101,1,0
1847,7523,HN,2025-10-16,211418,2.03,10,4261,0,0
1847,7523,HN,2025-10-16,219999,0.0,0,0,0,0
1847,7523,HN,2025-10-16,220000,2.34,0,1420,0,0
1847,7523,HN,2025-10-16,220001,0.44,0,1420,0,0
1847,7523,HN,2025-10-16,220002,5.66,19,14203,1,1
1847,7523,HN,2025-10-16,220003,0.43,0,1420,0,0
1847,7523,HN,2025-10-16,220005,1.49,19,2841,0,0
1847,7523,HN,2025-10-16,223395,0.0,0,0,0,0
1847,7523,HN,2025-10-16,223396,1.09,0,2841,0,0
1847,7523,HN,2025-10-16,223397,0.0,0,0,0,0
1251,7519,PE,2025-10-16,179932,0.17,0,1420,0,0
1251,7519,PE,2025-10-16,179933,0.81,10,4261,0,0
1251,7519,PE,2025-10-16,179934,3.99,0,8522,0,0
1251,7519,PE,2025-10-16,179935,8.71,29,25565,0,0
1251,7519,PE,2025-10-16,179936,1.94,0,4261,0,1
1251,7519,PE,2025-10-16,179937,0.0,0,0,0,0
1251,7519,PE,2025-10-16,179938,1.76,10,2841,0,0
1251,7519,PE,2025-10-16,179955,0.0,0,0,0,0
1251,7519,PE,2025-10-16,179956,0.18,0,1420,0,0
1251,7519,PE,2025-10-16,179957,0.0,0,0,0,1
1251,7519,PE,2025-10-16,179958,3.85,0,11362,1,1
1251,7519,PE,2025-10-16,179959,0.0,0,0,0,1
1251,7519,PE,2025-10-16,180031,0.0,0,0,0,0
1251,7519,PE,2025-10-16,180032,0.0,0,0,0,0
1251,7519,PE,2025-10-16,180033,0.0,0,0,0,0
1251,7519,PE,2025-10-16,180034,0.0,0,0,0,0
1251,7519,PE,2025-10-16,180035,0.0,0,0,0,1
1251,7519,PE,2025-10-16,180036,0.0,0,0,0,0
1251,7519,PE,2025-10-16,180037,0.0,0,0,0,0
1251,7519,PE,2025-10-16,180044,0.0,0,0,0,0
1251,7519,PE,2025-10-16,180045,0.0,0,0,0,0
1251,7519,PE,2025-10-16,180046,0.0,0,0,0,0
1251,7519,PE,2025-10-16,180047,0.0,0,0,0,0
1251,7519,PE,2025-10-16,180048,0.0,0,0,0,0
1251,7519,PE,2025-10-16,180049,0.32,0,1420,0,1
1251,7519,PE,2025-10-16,180050,0.0,0,0,0,1
1251,7519,PE,2025-10-16,180051,0.0,0,0,0,0
1251,7519,PE,2025-10-16,180052,0.43,0,1420,1,2
1251,7519,PE,2025-10-16,180053,0.0,0,0,0,0
1251,7519,PE,2025-10-16,185056,1.23,0,1420,0,0
1251,7519,PE,2025-10-16,185057,1.82,0,8522,0,0
1251,7519,PE,2025-10-16,185058,2.52,10,8522,0,0
1251,7519,PE,2025-10-16,185059,12.63,10,5681,0,0
1251,7519,PE,2025-10-16,185060,0.0,0,0,0,0
1251,7519,PE,2025-10-16,198818,1.27,0,4261,0,3
1251,7519,PE,2025-10-16,198819,1.54,0,5681,0,0
1251,7519,PE,2025-10-16,198820,0.0,0,0,0,0
1251,7519,PE,2025-10-16,198821,7.85,77,25565,0,3
1251,7519,PE,2025-10-16,198822,3.25,10,7101,0,1
1251,7519,PE,2025-10-16,199628,1.52,10,5681,0,0
1251,7519,PE,2025-10-16,199629,2.41,0,7101,0,0
1251,7519,PE,2025-10-16,199630,0.0,38,0,0,1
1251,7519,PE,2025-10-16,199631,1.19,10,2841,0,0
1251,7519,PE,2025-10-16,199632,1.49,0,7101,0,2
1251,7519,PE,2025-10-16,199709,0.0,0,0,0,0
1251,7519,PE,2025-10-16,199710,0.0,0,0,0,1
1251,7519,PE,2025-10-16,199711,0.0,0,0,0,0
1251,7519,PE,2025-10-16,199712,0.0,0,0,0,0
1251,7519,PE,2025-10-16,199713,0.0,0,0,0,0
1251,7519,PE,2025-10-16,206947,2.69,19,8522,0,0
1251,7519,PE,2025-10-16,211297,5.37,0,15623,0,0
1251,7519,PE,2025-10-16,211298,2.25,10,5681,0,0
1251,7519,PE,2025-10-16,211299,1.49,0,4261,0,0
1251,7519,PE,2025-10-16,211300,4.36,10,18463,0,0
1251,7519,PE,2025-10-16,211301,0.0,0,0,0,0
1251,7519,PE,2025-10-16,211302,3.06,19,9942,0,0
1251,7519,PE,2025-10-16,211303,0.0,10,0,0,0
1251,7519,PE,2025-10-16,211304,3.21,10,14203,0,1
1251,7519,PE,2025-10-16,211305,3.24,0,8522,0,1
1251,7519,PE,2025-10-16,211306,2.92,0,9942,0,1
1251,7519,PE,2025-10-16,211307,15.2,0,46869,1,1
1251,7519,PE,2025-10-16,211308,0.0,0,0,0,0
1251,7519,PE,2025-10-16,211309,0.79,10,1420,0,0
1251,7519,PE,2025-10-16,211317,0.77,0,1420,0,1
1251,7519,PE,2025-10-16,211318,0.0,10,0,0,0
1251,7519,PE,2025-10-16,211319,0.0,0,0,0,0
1251,7519,PE,2025-10-16,211320,1.9,0,4261,0,1
1251,7519,PE,2025-10-16,211321,9.26,0,32666,0,1
1251,7519,PE,2025-10-16,211323,1.15,0,4261,0,0
1251,7519,PE,2025-10-16,215302,0.0,0,0,0,0
1251,7519,PE,2025-10-16,215303,0.0,0,0,0,0
1251,7519,PE,2025-10-16,215304,0.0,0,0,0,0
1251,7519,PE,2025-10-16,215305,0.0,0,0,0,0
1251,7519,PE,2025-10-16,215306,2.78,0,1420,0,0
1251,7519,PE,2025-10-16,215709,0.99,0,4261,0,0
1251,7519,PE,2025-10-16,215710,4.38,29,14203,0,1
1251,7519,PE,2025-10-16,215711,0.0,0,0,0,0
1251,7519,PE,2025-10-16,215712,0.0,0,0,0,2
1251,7519,PE,2025-10-16,215713,0.76,0,2841,0,0
1251,7519,PE,2025-10-16,215714,0.0,0,0,0,0
1251,7519,PE,2025-10-16,215715,0.0,0,0,0,0
1251,7519,PE,2025-10-16,223426,4.03,0,17043,0,1
1251,7519,PE,2025-10-16,223427,2.88,0,12782,0,0
1251,7519,PE,2025-10-16,223429,3.03,19,8522,1,0
1251,7519,PE,2025-10-16,223430,1.17,0,4261,0,0
1251,7519,PE,2025-10-16,223431,5.22,10,18463,0,0
1251,7519,PE,2025-10-16,223432,8.43,10,28405,0,1
1251,7517,SV,2025-10-16,179004,0.0,0,0,1,1
1251,7517,SV,2025-10-16,179005,1.24,10,4261,0,0
1251,7517,SV,2025-10-16,179006,0.0,10,0,0,0
1251,7517,SV,2025-10-16,179007,10.34,19,11362,0,0
1251,7517,SV,2025-10-16,179008,2.99,0,4261,0,0
1251,7517,SV,2025-10-16,179023,0.0,0,0,0,0
1251,7517,SV,2025-10-16,179024,17.66,38,18463,0,0
1251,7517,SV,2025-10-16,179025,8.74,19,4261,1,0
1251,7517,SV,2025-10-16,179026,18.27,10,25565,0,1
1251,7517,SV,2025-10-16,198877,0.33,0,1420,0,0
1251,7517,SV,2025-10-16,198878,1.12,0,1420,0,0
1251,7517,SV,2025-10-16,198879,0.0,0,0,0,0
1251,7517,SV,2025-10-16,198880,11.21,29,14203,1,1
1251,7517,SV,2025-10-16,198881,5.41,0,7101,0,0
1251,7517,SV,2025-10-16,198882,0.0,0,0,0,0
1251,7517,SV,2025-10-16,198883,0.54,0,1420,0,0
1251,7517,SV,2025-10-16,198884,0.26,0,1420,0,0
1251,7517,SV,2025-10-16,198885,0.81,19,1420,0,0
1251,7517,SV,2025-10-16,198886,0.8,0,1420,0,0
1251,7517,SV,2025-10-16,198888,0.26,0,1420,0,0
1251,7517,SV,2025-10-16,198889,0.0,0,0,0,0
1251,7517,SV,2025-10-16,198890,0.18,0,1420,0,0
1251,7517,SV,2025-10-16,198891,0.85,0,1420,0,0
1251,7517,SV,2025-10-16,198892,5.11,10,14203,0,0
1251,7517,SV,2025-10-16,198893,0.42,10,1420,0,0
1251,7517,SV,2025-10-16,206128,0.0,0,0,0,0
1251,7517,SV,2025-10-16,206129,0.0,10,0,0,0
1251,7517,SV,2025-10-16,206130,0.0,10,0,0,0
1251,7517,SV,2025-10-16,206131,4.84,19,8522,0,2
1251,7517,SV,2025-10-16,206132,0.85,0,1420,0,0
1251,7517,SV,2025-10-16,206133,0.0,0,0,0,0
1251,7517,SV,2025-10-16,206134,2.9,10,4261,0,0
1251,7517,SV,2025-10-16,206135,0.0,0,0,0,0
1251,7517,SV,2025-10-16,206136,0.71,0,2841,0,1
1251,7517,SV,2025-10-16,206137,0.55,10,2841,0,0
1251,7517,SV,2025-10-16,207897,0.0,0,0,0,0
1251,7517,SV,2025-10-16,207898,0.0,0,0,0,0
1251,7517,SV,2025-10-16,207899,0.0,0,0,0,0
1251,7517,SV,2025-10-16,207900,1.7,0,4261,0,0
1251,7517,SV,2025-10-16,207901,0.0,0,0,0,0
1251,7517,SV,2025-10-16,207903,1.23,19,1420,0,0
1251,7517,SV,2025-10-16,215796,0.0,0,0,0,0
1251,7517,SV,2025-10-16,215797,0.0,0,0,0,0
1251,7517,SV,2025-10-16,215798,0.0,0,0,0,0
1251,7517,SV,2025-10-16,215799,0.0,0,0,0,0
1251,7517,SV,2025-10-16,215800,0.0,0,0,0,0
1251,7517,SV,2025-10-16,215801,4.41,0,5681,0,1
1251,7517,SV,2025-10-16,220211,1.87,10,1420,0,0
1251,7517,SV,2025-10-16,220212,0.35,0,1420,0,0
1251,7517,SV,2025-10-16,220213,14.85,29,1420,0,1
1251,7517,SV,2025-10-16,220214,0.84,0,2841,0,0
1251,7517,SV,2025-10-16,220215,1.62,10,4261,0,1
3151,8406,SV,2025-10-16,210819,0.0,0,0,0,0
3151,8406,SV,2025-10-16,210820,1.77,10,4261,1,2
3151,8406,SV,2025-10-16,210821,1.06,10,1420,0,2
3151,8406,SV,2025-10-16,210822,1.16,0,1420,0,0
3151,8406,SV,2025-10-16,210823,6.08,0,2841,0,0
3151,8406,SV,2025-10-16,210825,1.82,29,2841,0,1
3151,8406,SV,2025-10-16,210833,0.35,0,1420,0,0
3151,8406,SV,2025-10-16,210834,0.0,0,0,0,0
3151,8406,SV,2025-10-16,210835,0.0,0,0,0,0
3151,8406,SV,2025-10-16,210836,1.27,0,4261,1,3
3151,8406,SV,2025-10-16,210837,0.0,10,0,0,0
3151,8406,SV,2025-10-16,210839,0.0,0,0,0,0
3151,8406,SV,2025-10-16,210840,0.0,0,0,0,0
3151,8406,SV,2025-10-16,210841,0.0,10,0,0,1
3151,8406,SV,2025-10-16,210842,0.0,0,0,1,1
3151,8406,SV,2025-10-16,210843,5.53,0,8522,0,6
3151,8406,SV,2025-10-16,210846,1.09,0,2841,0,0
3151,8406,SV,2025-10-16,215838,4.32,0,2841,0,0
3151,8406,SV,2025-10-16,215839,0.0,0,0,0,0
3151,8406,SV,2025-10-16,215840,2.07,10,4261,0,1
3151,8406,SV,2025-10-16,215842,0.0,0,0,0,0
3151,8406,SV,2025-10-16,215843,3.29,0,1420,1,2
3151,8406,SV,2025-10-16,215844,3.09,0,7101,0,1
3151,8406,SV,2025-10-16,215845,1.79,10,4261,0,0
3151,8406,SV,2025-10-16,215853,0.0,0,0,0,0
3151,8406,SV,2025-10-16,215854,0.0,0,0,0,0
3151,8406,SV,2025-10-16,215855,1.72,0,1420,0,0
3151,8406,SV,2025-10-16,215856,0.0,0,0,0,1
3151,8406,SV,2025-10-16,215857,0.0,0,0,0,1
3151,8406,SV,2025-10-16,215859,0.0,0,0,0,0
3151,8406,SV,2025-10-16,218630,2.61,0,2841,0,0
3151,8406,SV,2025-10-16,218631,0.0,0,0,0,0
3151,8406,SV,2025-10-16,218632,3.43,0,4261,0,0
3151,8406,SV,2025-10-16,218634,0.0,0,0,0,0
3151,8406,SV,2025-10-16,218635,1.74,0,2841,0,1
3151,8406,SV,2025-10-16,218636,0.55,0,2841,0,0
3151,8406,SV,2025-10-16,221026,0.73,10,1420,0,0
3151,8406,SV,2025-10-16,221027,0.15,10,1420,0,0
3151,8406,SV,2025-10-16,221028,0.63,0,1420,0,0
3151,8406,SV,2025-10-16,221030,0.0,0,0,0,0
3151,8406,SV,2025-10-16,221031,5.74,10,7101,0,0
3151,8406,SV,2025-10-16,221032,1.38,0,2841,0,1
3151,8406,SV,2025-10-16,221033,1.71,19,1420,0,1
3151,8406,SV,2025-10-16,221034,0.0,0,0,0,0
3151,8406,SV,2025-10-16,221035,0.0,0,0,0,1
3151,8406,SV,2025-10-16,221037,0.0,0,0,0,0
3151,8406,SV,2025-10-16,221038,7.72,19,7101,0,2
3151,8406,SV,2025-10-16,221039,3.36,0,2841,0,0
3151,8406,SV,2025-10-16,221242,0.0,10,0,0,0
3151,8406,SV,2025-10-16,221243,2.42,0,1420,0,1
3151,8406,SV,2025-10-16,221244,0.21,29,1420,0,0
3151,8406,SV,2025-10-16,221245,0.0,10,0,0,0
3151,8406,SV,2025-10-16,221246,0.0,0,0,0,0
3151,8406,SV,2025-10-16,221247,0.0,0,0,0,0
3151,8406,SV,2025-10-16,221248,0.0,0,0,0,0
3151,8406,SV,2025-10-16,221249,1.99,10,1420,0,1
3151,8406,SV,2025-10-16,221251,0.86,0,1420,0,0
3151,8406,SV,2025-10-16,221252,2.64,0,1420,0,1
3151,8406,SV,2025-10-16,221253,0.0,10,0,0,1
3151,8406,SV,2025-10-16,221254,0.0,0,0,0,0
3151,8406,SV,2025-10-16,221255,0.0,0,0,0,0
3151,8406,SV,2025-10-16,221256,0.0,0,0,0,1
3151,8406,SV,2025-10-16,221258,0.0,10,0,0,0
3151,8406,SV,2025-10-16,221259,2.72,10,2841,0,2
3151,8406,SV,2025-10-16,221260,1.34,0,2841,0,0
3151,8406,SV,2025-10-16,221833,0.0,0,0,0,0
3151,8406,SV,2025-10-16,221835,0.0,0,0,0,0
3151,8406,SV,2025-10-16,221838,0.0,0,0,0,0
3151,8406,SV,2025-10-16,221839,0.0,0,0,0,0
3151,8406,SV,2025-10-16,221840,0.0,0,0,0,0
3151,8406,SV,2025-10-16,221841,0.0,0,0,1,0
3151,8406,SV,2025-10-16,221842,0.0,0,0,0,0
3151,8406,SV,2025-10-16,221845,0.0,0,0,0,1
3151,8406,SV,2025-10-16,221846,0.0,0,0,0,0
3151,8406,SV,2025-10-16,221847,0.0,0,0,0,0
3151,8406,SV,2025-10-16,221848,0.0,0,0,0,0
3151,8406,SV,2025-10-16,221849,1.99,0,2841,0,0
3151,8406,SV,2025-10-16,221851,0.0,0,0,0,0
3151,8406,SV,2025-10-16,221852,14.74,10,17043,1,4
3151,8406,SV,2025-10-16,221853,0.0,0,0,0,0
3151,8406,SV,2025-10-16,221854,0.0,19,0,0,0
3151,8406,SV,2025-10-16,221855,0.0,0,0,0,0
3151,8406,SV,2025-10-16,221856,0.42,10,2841,1,0
3151,8406,SV,2025-10-16,221858,0.0,0,0,0,0
3151,8406,SV,2025-10-16,221859,4.19,10,5681,0,1
3151,8406,SV,2025-10-16,221860,0.0,0,0,0,0
3151,8406,SV,2025-10-16,223768,0.0,19,0,0,0
3151,8406,SV,2025-10-16,223769,0.84,0,1420,0,0
3151,8406,SV,2025-10-16,223770,0.0,0,0,0,0
3151,8406,SV,2025-10-16,224161,14.78,29,9942,0,0
3151,8406,SV,2025-10-16,224162,0.0,0,0,0,0
3151,8406,SV,2025-10-16,224163,0.0,19,0,0,0
3151,8406,SV,2025-10-16,224164,0.0,0,0,0,0
3151,8406,SV,2025-10-16,224165,5.18,29,7101,0,0
3151,8406,SV,2025-10-16,224166,0.0,0,0,0,0
1251,7927,CL,2025-10-17,203179,0.85,0,1448,0,0
1251,7927,CL,2025-10-17,203180,0.16,0,1448,0,0
1251,7927,CL,2025-10-17,203181,0.0,8,0,0,0
1251,7927,CL,2025-10-17,203182,3.23,8,5791,0,0
1251,7927,CL,2025-10-17,203183,1.6,0,4343,0,0
1251,7927,CL,2025-10-17,203184,0.0,0,0,0,0
1251,7927,CL,2025-10-17,203185,5.29,0,4343,0,1
1251,7927,CL,2025-10-17,203186,3.88,25,4343,0,0
1251,7927,CL,2025-10-17,203187,5.42,8,2896,0,0
1251,7927,CL,2025-10-17,203188,4.98,16,8687,0,0
1251,7927,CL,2025-10-17,203189,0.81,0,2896,0,2
1251,7927,CL,2025-10-17,203191,4.91,0,5791,0,0
1251,7927,CL,2025-10-17,203192,4.59,0,5791,0,0
1251,7927,CL,2025-10-17,203193,6.28,8,8687,0,0
1251,7927,CL,2025-10-17,203195,6.69,49,10134,0,0
1251,7927,CL,2025-10-17,203196,3.12,0,7239,0,0
1251,7927,CL,2025-10-17,203197,2.04,8,1448,0,0
1251,7927,CL,2025-10-17,203198,0.84,33,1448,0,0
1251,7927,CL,2025-10-17,203199,33.04,16,31851,1,1
1251,7927,CL,2025-10-17,212691,0.0,0,0,0,0
1251,7927,CL,2025-10-17,212692,0.32,0,1448,0,0
1251,7927,CL,2025-10-17,212693,0.0,0,0,0,0
1251,7927,CL,2025-10-17,212694,0.0,0,0,0,0
1251,7927,CL,2025-10-17,212695,0.0,0,0,0,0
1251,7927,CL,2025-10-17,215780,0.0,0,0,0,0
1251,7927,CL,2025-10-17,215781,0.0,8,0,0,0
1251,7927,CL,2025-10-17,215782,0.83,0,1448,0,0
1251,7927,CL,2025-10-17,215783,1.05,0,1448,0,0
1251,7927,CL,2025-10-17,215784,0.0,0,0,0,0
1251,7927,CL,2025-10-17,215785,1.05,0,1448,0,0
1251,7927,CL,2025-10-17,215786,0.0,0,0,0,0
1251,7927,CL,2025-10-17,215787,1.26,8,2896,0,0
1251,7927,CL,2025-10-17,215788,4.36,0,8687,0,0
1251,7927,CL,2025-10-17,215789,0.31,0,1448,0,0
1251,7927,CL,2025-10-17,215790,0.27,8,1448,0,0
1251,7927,CL,2025-10-17,215791,0.0,0,0,0,0
1251,7927,CL,2025-10-17,215792,0.4,0,1448,0,0
1251,7927,CL,2025-10-17,215793,7.11,16,27508,1,3
1251,7927,CL,2025-10-17,215794,0.0,0,0,0,0
1251,7927,CL,2025-10-17,220204,0.67,0,1448,0,0
1251,7927,CL,2025-10-17,220205,1.28,0,1448,0,0
1251,7927,CL,2025-10-17,220206,0.67,0,2896,0,0
1251,7927,CL,2025-10-17,220207,0.46,8,2896,0,1
1251,7927,CL,2025-10-17,220208,0.18,0,1448,0,0
1251,7927,CL,2025-10-17,222574,3.68,25,4343,0,1
1251,7927,CL,2025-10-17,222575,10.66,33,7239,0,1
1251,7927,CL,2025-10-17,222576,24.07,25,49224,2,3
1251,7518,CR,2025-10-17,197743,3.73,0,8687,2,2
1251,7518,CR,2025-10-17,197744,16.83,360,10134,4,6
1251,7518,CR,2025-10-17,197745,6.14,33,20269,0,0
1251,7518,CR,2025-10-17,199813,0.94,0,1448,0,0
1251,7518,CR,2025-10-17,199814,12.63,8,8687,0,1
1251,7518,CR,2025-10-17,199815,6.59,66,4343,0,0
1251,7518,CR,2025-10-17,199816,0.0,33,0,0,0
1251,7518,CR,2025-10-17,199817,13.25,49,21717,1,1
1251,7518,CR,2025-10-17,199819,1.3,8,2896,0,0
1251,7518,CR,2025-10-17,199820,47.45,41,97001,5,7
1251,7518,CR,2025-10-17,199821,1.61,0,1448,0,0
1251,7518,CR,2025-10-17,199822,8.15,8,5791,1,1
1251,7518,CR,2025-10-17,199880,4.27,8,2896,0,0
1251,7518,CR,2025-10-17,199881,7.03,0,5791,0,0
1251,7518,CR,2025-10-17,199882,19.09,16,11582,0,0
1251,7518,CR,2025-10-17,199883,24.53,49,24612,2,3
1251,7518,CR,2025-10-17,199884,6.19,0,13030,0,0
1251,7518,CR,2025-10-17,199886,1.5,8,4343,0,0
1251,7518,CR,2025-10-17,206121,8.39,0,8687,3,3
1251,7518,CR,2025-10-17,206122,0.0,0,0,1,1
1251,7518,CR,2025-10-17,206123,0.58,16,1448,1,1
1251,7518,CR,2025-10-17,206124,9.36,8,23164,2,3
1251,7518,CR,2025-10-17,206125,5.59,57,17373,0,0
1251,7518,CR,2025-10-17,206127,0.0,0,0,0,0
1251,7518,CR,2025-10-17,209137,0.0,8,0,0,0
1251,7518,CR,2025-10-17,209138,0.0,0,0,0,0
1251,7518,CR,2025-10-17,209139,29.33,25,30403,0,0
1251,7518,CR,2025-10-17,209140,34.18,8,18821,1,1
1251,7518,CR,2025-10-17,209141,51.36,41,94105,4,4
1251,7518,CR,2025-10-17,210923,0.21,8,1448,0,0
1251,7518,CR,2025-10-17,210924,10.06,8,10134,0,1
1251,7518,CR,2025-10-17,210925,18.44,98,8687,2,2
1251,7518,CR,2025-10-17,210926,12.73,25,30403,1,2
1251,7518,CR,2025-10-17,210927,16.22,0,15925,0,0
1251,7518,CR,2025-10-17,210929,1.18,0,1448,0,0
1251,7518,CR,2025-10-17,211373,0.28,0,1448,0,0
1251,7518,CR,2025-10-17,211374,0.0,0,0,0,0
1251,7518,CR,2025-10-17,211375,0.63,16,1448,0,0
1251,7518,CR,2025-10-17,211376,7.68,16,11582,0,0
1251,7518,CR,2025-10-17,211377,30.27,41,20269,2,3
1251,7518,CR,2025-10-17,211378,5.22,0,7239,0,1
1251,7518,CR,2025-10-17,211379,1.91,16,2896,0,0
1251,7518,CR,2025-10-17,211380,11.91,0,10134,1,1
1251,7518,CR,2025-10-17,211381,1.26,0,1448,0,0
1251,7518,CR,2025-10-17,211382,0.0,0,0,0,0
1251,7518,CR,2025-10-17,211384,0.42,0,1448,0,0
1251,7518,CR,2025-10-17,212697,1.67,8,1448,0,1
1251,7518,CR,2025-10-17,212698,1.55,0,5791,0,1
1251,7518,CR,2025-10-17,212699,0.0,0,0,0,0
1251,7518,CR,2025-10-17,212700,24.02,8,20269,4,4
1251,7518,CR,2025-10-17,212701,13.13,25,13030,0,0
1251,7518,CR,2025-10-17,212702,4.0,0,1448,0,0
1251,7518,CR,2025-10-17,212703,6.16,16,8687,0,0
1251,7518,CR,2025-10-17,215717,4.12,0,1448,0,0
1251,7518,CR,2025-10-17,215718,0.0,0,0,0,0
1251,7518,CR,2025-10-17,215719,2.85,8,2896,0,0
1251,7518,CR,2025-10-17,215720,4.58,98,1448,2,3
1251,7518,CR,2025-10-17,215721,5.64,16,11582,0,0
1251,7518,CR,2025-10-17,215722,0.0,0,0,0,0
1251,7518,CR,2025-10-17,215723,0.0,8,0,0,0
1251,7518,CR,2025-10-17,215724,61.97,0,102792,3,5
1251,7518,CR,2025-10-17,215725,7.07,16,5791,0,0
1251,7518,CR,2025-10-17,215726,7.22,188,4343,0,1
1251,7518,CR,2025-10-17,215727,6.16,8,10134,0,0
1251,7518,CR,2025-10-17,215728,0.0,16,0,0,0
1251,7518,CR,2025-10-17,215731,0.0,8,0,0,0
1251,7518,CR,2025-10-17,215732,1.17,8,1448,0,0
1251,7518,CR,2025-10-17,215733,2.42,0,5791,3,1
1251,7518,CR,2025-10-17,215734,1.05,0,1448,0,0
1251,7518,CR,2025-10-17,215735,0.6,8,1448,0,0
1251,7518,CR,2025-10-17,221218,0.0,16,0,0,0
1251,7518,CR,2025-10-17,221219,39.15,16,17373,0,0
1251,7518,CR,2025-10-17,221220,2.33,8,4343,0,0
1251,7518,CR,2025-10-17,221221,2.79,8,5791,1,1
1251,7518,CR,2025-10-17,221222,9.66,0,11582,0,0
1251,7520,EC,2025-10-17,169629,7.22,33,11582,0,0
1251,7520,EC,2025-10-17,169630,1.02,16,1448,0,0
1251,7520,EC,2025-10-17,169631,12.94,8,14478,0,0
1251,7520,EC,2025-10-17,169632,9.28,8,10134,1,1
1251,7520,EC,2025-10-17,169634,0.0,0,0,0,0
1251,7520,EC,2025-10-17,169635,0.0,16,0,0,0
1251,7520,EC,2025-10-17,169642,2.2,16,5791,0,0
1251,7520,EC,2025-10-17,169643,0.0,16,0,1,1
1251,7520,EC,2025-10-17,169644,18.11,0,10134,0,0
1251,7520,EC,2025-10-17,169645,1.41,0,2896,0,0
1251,7520,EC,2025-10-17,169647,0.0,25,0,0,0
1251,7520,EC,2025-10-17,169648,0.17,0,1448,0,0
1251,7520,EC,2025-10-17,169649,0.33,8,1448,0,0
1251,7520,EC,2025-10-17,169650,0.44,0,1448,0,0
1251,7520,EC,2025-10-17,169651,22.05,49,40538,1,0
1251,7520,EC,2025-10-17,169652,2.78,0,4343,0,0
1251,7520,EC,2025-10-17,169655,0.0,0,0,0,0
1251,7520,EC,2025-10-17,169656,0.0,0,0,0,0
1251,7520,EC,2025-10-17,169657,7.78,0,1448,0,0
1251,7520,EC,2025-10-17,169658,0.0,8,0,0,0
1251,7520,EC,2025-10-17,169659,0.0,0,0,0,0
1251,7520,EC,2025-10-17,169662,2.03,25,4343,0,0
1251,7520,EC,2025-10-17,171430,0.0,0,0,0,0
1251,7520,EC,2025-10-17,171431,0.0,8,0,0,0
1251,7520,EC,2025-10-17,171432,0.0,0,0,0,0
1251,7520,EC,2025-10-17,171433,0.96,0,1448,0,1
1251,7520,EC,2025-10-17,178392,0.0,0,0,1,0
1251,7520,EC,2025-10-17,178393,9.39,0,5791,0,1
1251,7520,EC,2025-10-17,178394,0.0,0,0,0,0
1251,7520,EC,2025-10-17,178395,2.25,0,2896,0,1
1251,7520,EC,2025-10-17,178397,0.73,0,2896,0,0
1251,7520,EC,2025-10-17,178398,0.0,0,0,0,0
1251,7520,EC,2025-10-17,178400,0.19,8,1448,0,0
1251,7520,EC,2025-10-17,178401,0.0,0,0,0,0
1251,7520,EC,2025-10-17,178402,0.0,0,0,0,0
1251,7520,EC,2025-10-17,178404,0.0,0,0,0,0
1251,7520,EC,2025-10-17,185841,0.57,0,2896,0,1
1251,7520,EC,2025-10-17,185842,0.46,0,1448,0,0
1251,7520,EC,2025-10-17,185843,0.0,0,0,0,0
1251,7520,EC,2025-10-17,185844,0.0,0,0,0,0
1251,7520,EC,2025-10-17,185847,0.0,0,0,0,0
1251,7520,EC,2025-10-17,185862,0.0,0,0,0,0
1251,7520,EC,2025-10-17,185863,0.0,0,0,0,0
1251,7520,EC,2025-10-17,185865,7.27,33,14478,0,0
1251,7520,EC,2025-10-17,185866,0.0,0,0,0,0
1251,7520,EC,2025-10-17,185883,0.6,8,1448,0,0
1251,7520,EC,2025-10-17,185884,0.0,0,0,0,0
1251,7520,EC,2025-10-17,185885,2.3,41,10134,0,0
1251,7520,EC,2025-10-17,185886,2.12,0,4343,0,0
1251,7520,EC,2025-10-17,185889,0.0,0,0,0,0
1251,7520,EC,2025-10-17,185895,0.0,25,0,0,1
1251,7520,EC,2025-10-17,185897,0.0,8,0,0,0
1251,7520,EC,2025-10-17,185900,0.0,0,0,0,0
1251,7520,EC,2025-10-17,193178,0.42,0,2896,0,0
1251,7520,EC,2025-10-17,193181,1.02,0,2896,0,0
1251,7520,EC,2025-10-17,198841,0.0,0,0,0,0
1251,7520,EC,2025-10-17,198842,0.0,0,0,0,0
1251,7520,EC,2025-10-17,198843,4.09,0,1448,0,0
1251,7520,EC,2025-10-17,198844,4.05,16,7239,1,1
1251,7520,EC,2025-10-17,198845,0.2,0,1448,0,0
1251,7520,EC,2025-10-17,198847,0.0,0,0,0,0
1251,7520,EC,2025-10-17,199723,0.0,0,0,0,0
1251,7520,EC,2025-10-17,199724,6.68,0,15925,0,0
1251,7520,EC,2025-10-17,199725,0.68,57,2896,0,1
1251,7520,EC,2025-10-17,199727,2.03,16,4343,0,0
1251,7520,EC,2025-10-17,199729,0.0,0,0,0,0
1251,7520,EC,2025-10-17,200172,4.6,16,2896,0,0
1251,7520,EC,2025-10-17,200173,23.85,16,20269,1,1
1251,7520,EC,2025-10-17,200174,0.0,0,0,0,0
1251,7520,EC,2025-10-17,200175,10.58,41,30403,0,4
1251,7520,EC,2025-10-17,200176,2.61,0,5791,0,1
1251,7520,EC,2025-10-17,200178,3.05,16,5791,1,0
1251,7520,EC,2025-10-17,206105,0.0,8,0,0,0
1251,7520,EC,2025-10-17,206106,1.78,0,5791,2,0
1251,7520,EC,2025-10-17,206107,1.32,57,2896,0,0
1251,7520,EC,2025-10-17,206108,24.87,25,23164,1,3
1251,7520,EC,2025-10-17,206109,2.49,25,5791,0,0
1251,7520,EC,2025-10-17,206111,0.0,0,0,0,0
1251,7520,EC,2025-10-17,206947,0.0,33,0,0,1
1251,7520,EC,2025-10-17,206948,3.5,16,2896,0,0
1251,7520,EC,2025-10-17,215737,0.0,0,0,0,0
1251,7520,EC,2025-10-17,215742,0.0,0,0,0,0
1251,7520,EC,2025-10-17,215744,0.0,0,0,0,0
1251,7520,EC,2025-10-17,215745,6.52,8,4343,0,0
1251,7520,EC,2025-10-17,215747,1.35,0,2896,0,0
1251,7520,EC,2025-10-17,215748,0.0,0,0,0,0
1251,7520,EC,2025-10-17,215750,0.0,0,0,0,0
1251,7520,EC,2025-10-17,215751,0.4,8,2896,1,0
1251,7520,EC,2025-10-17,215752,0.94,0,1448,0,1
1251,7520,EC,2025-10-17,215753,3.36,0,1448,0,0
1251,7520,EC,2025-10-17,215755,0.0,0,0,0,0
1251,7520,EC,2025-10-17,215756,0.0,16,0,0,0
1251,7520,EC,2025-10-17,215757,0.0,0,0,0,0
1251,7520,EC,2025-10-17,215758,0.31,0,1448,0,0
1251,7520,EC,2025-10-17,215760,3.22,16,2896,0,1
1251,7520,EC,2025-10-17,215761,0.0,0,0,0,0
1251,7520,EC,2025-10-17,215762,9.15,16,27508,0,0
1251,7520,EC,2025-10-17,215763,1.13,8,2896,0,0
1251,7520,EC,2025-10-17,215764,1.74,16,7239,0,0
1251,7520,EC,2025-10-17,215765,6.93,0,4343,0,0
1251,7520,EC,2025-10-17,215768,3.66,8,2896,0,0
1251,7520,EC,2025-10-17,215769,0.0,0,0,0,0
1251,7520,EC,2025-10-17,215770,0.0,8,0,0,0
1251,7520,EC,2025-10-17,215772,5.45,0,2896,0,0
1251,7520,EC,2025-10-17,215773,2.94,25,4343,0,0
1251,7520,EC,2025-10-17,215774,2.65,41,5791,0,0
1251,7520,EC,2025-10-17,215775,0.0,0,0,0,0
1251,7520,EC,2025-10-17,215776,0.0,0,0,0,0
1251,7520,EC,2025-10-17,215777,2.87,16,5791,0,0
1251,7520,EC,2025-10-17,215778,4.84,41,8687,0,1
1251,7520,EC,2025-10-17,215779,0.99,0,1448,0,0
1251,7520,EC,2025-10-17,222498,23.6,66,26060,1,2
1251,7520,EC,2025-10-17,222499,40.31,16,50672,1,2
1251,7520,EC,2025-10-17,222500,6.84,180,5791,0,0
1252,7521,EC,2025-10-17,169777,20.2,49,15925,0,1
1252,7521,EC,2025-10-17,169778,3.26,57,4343,0,0
1252,7521,EC,2025-10-17,169779,41.9,8,21717,0,2
1252,7521,EC,2025-10-17,169780,0.0,0,0,0,0
1252,7521,EC,2025-10-17,169782,28.66,33,7239,0,1
1252,7521,EC,2025-10-17,180358,0.0,0,0,0,0
1252,7521,EC,2025-10-17,180359,4.05,0,2896,0,0
1252,7521,EC,2025-10-17,180360,32.35,8,18821,0,2
1252,7521,EC,2025-10-17,180361,0.0,0,0,0,1
1252,7521,EC,2025-10-17,198765,0.0,0,0,0,0
1252,7521,EC,2025-10-17,198766,0.0,8,0,0,0
1252,7521,EC,2025-10-17,198767,9.3,41,5791,0,0
1252,7521,EC,2025-10-17,198768,40.08,25,21717,1,0
1252,7521,EC,2025-10-17,198769,1.1,0,1448,0,0
1252,7521,EC,2025-10-17,198772,0.0,0,0,0,0
1252,7521,EC,2025-10-17,198773,44.37,49,23164,0,0
1252,7521,EC,2025-10-17,198774,0.0,0,0,0,0
1252,7521,EC,2025-10-17,198775,0.0,0,0,0,0
1252,7521,EC,2025-10-17,198776,2.99,0,1448,0,0
1252,7521,EC,2025-10-17,198778,10.6,8,4343,0,1
1252,7521,EC,2025-10-17,198780,5.89,25,4343,0,0
1252,7521,EC,2025-10-17,198781,0.0,8,0,0,0
1252,7521,EC,2025-10-17,198782,18.27,16,5791,1,3
1252,7521,EC,2025-10-17,198783,32.68,0,10134,0,0
1252,7521,EC,2025-10-17,198799,0.0,0,0,0,0
1252,7521,EC,2025-10-17,198800,4.42,8,10134,0,0
1252,7521,EC,2025-10-17,198801,10.62,66,5791,0,1
1252,7521,EC,2025-10-17,198802,39.82,0,24612,0,0
1252,7521,EC,2025-10-17,198803,0.34,0,1448,0,0
1252,7521,EC,2025-10-17,198805,0.0,0,0,0,0
1252,7521,EC,2025-10-17,211158,0.0,0,0,0,0
1252,7521,EC,2025-10-17,211159,0.0,0,0,0,0
1252,7521,EC,2025-10-17,211160,0.0,0,0,0,0
1252,7521,EC,2025-10-17,211161,55.23,66,65150,0,2
1252,7521,EC,2025-10-17,211162,2.03,0,4343,0,0
1252,7521,EC,2025-10-17,211164,0.0,0,0,0,0
1252,7521,EC,2025-10-17,215274,0.0,8,0,0,0
1252,7521,EC,2025-10-17,215275,3.08,8,2896,0,0
1252,7521,EC,2025-10-17,215276,5.21,33,5791,0,1
1252,7521,EC,2025-10-17,215277,52.71,41,34747,1,5
1252,7521,EC,2025-10-17,215278,0.0,0,0,0,0
1252,7521,EC,2025-10-17,215280,17.27,41,15925,0,1
1252,7521,EC,2025-10-17,221211,0.18,0,1448,0,0
1252,7521,EC,2025-10-17,221212,6.49,16,7239,1,1
1252,7521,EC,2025-10-17,221213,0.0,0,0,0,0
1252,7521,EC,2025-10-17,221214,6.1,16,5791,0,1
1252,7521,EC,2025-10-17,221215,7.57,8,4343,0,0
1252,7521,EC,2025-10-17,221217,4.74,0,1448,0,0
1252,7522,EC,2025-10-17,169698,5.06,0,2896,0,0
1252,7522,EC,2025-10-17,169699,0.0,0,0,0,0
1252,7522,EC,2025-10-17,169700,0.0,0,0,0,0
1252,7522,EC,2025-10-17,169701,8.14,0,5791,1,0
1252,7522,EC,2025-10-17,169702,0.0,0,0,0,1
1252,7522,EC,2025-10-17,169704,0.93,16,1448,0,0
1252,7522,EC,2025-10-17,169719,0.0,8,0,0,0
1252,7522,EC,2025-10-17,169720,0.0,0,0,0,0
1252,7522,EC,2025-10-17,169721,4.1,8,2896,0,0
1252,7522,EC,2025-10-17,169722,3.19,8,2896,1,1
1252,7522,EC,2025-10-17,169723,0.0,0,0,0,0
1252,7522,EC,2025-10-17,169725,1.0,8,1448,0,0
1252,7522,EC,2025-10-17,180343,0.0,0,0,0,0
1252,7522,EC,2025-10-17,180344,0.0,0,0,0,0
1252,7522,EC,2025-10-17,180345,0.0,8,0,0,0
1252,7522,EC,2025-10-17,180346,10.22,8,4343,0,1
1252,7522,EC,2025-10-17,180347,1.06,16,1448,0,1
1252,7522,EC,2025-10-17,192877,1.12,0,2896,0,0
1252,7522,EC,2025-10-17,192878,13.78,16,5791,0,0
1252,7522,EC,2025-10-17,192879,0.65,0,1448,0,0
1252,7522,EC,2025-10-17,192880,0.0,0,0,0,0
1252,7522,EC,2025-10-17,192882,0.0,0,0,0,0
1252,7522,EC,2025-10-17,192883,0.0,0,0,0,0
1252,7522,EC,2025-10-17,192884,0.0,0,0,0,0
1252,7522,EC,2025-10-17,192885,0.0,0,0,0,0
1252,7522,EC,2025-10-17,192886,1.68,0,7239,0,0
1252,7522,EC,2025-10-17,192887,0.41,0,1448,0,0
1252,7522,EC,2025-10-17,192890,0.0,0,0,0,0
1252,7522,EC,2025-10-17,192891,0.0,0,0,0,0
1252,7522,EC,2025-10-17,192892,0.0,0,0,0,0
1252,7522,EC,2025-10-17,192893,6.5,0,7239,0,1
1252,7522,EC,2025-10-17,192894,0.0,0,0,0,0
1252,7522,EC,2025-10-17,192896,0.0,0,0,0,0
1252,7522,EC,2025-10-17,192905,0.0,8,0,1,0
1252,7522,EC,2025-10-17,192906,3.48,8,4343,0,0
1252,7522,EC,2025-10-17,192907,7.61,8,14478,0,1
1252,7522,EC,2025-10-17,192908,0.67,0,1448,0,0
1252,7522,EC,2025-10-17,192910,4.19,16,5791,1,1
1252,7522,EC,2025-10-17,198737,0.87,0,1448,0,0
1252,7522,EC,2025-10-17,198738,0.22,8,1448,0,1
1252,7522,EC,2025-10-17,198739,0.24,8,1448,0,0
1252,7522,EC,2025-10-17,198740,7.03,0,8687,0,0
1252,7522,EC,2025-10-17,198741,0.0,0,0,0,0
1252,7522,EC,2025-10-17,198743,4.97,0,5791,0,0
1252,7522,EC,2025-10-17,198744,0.0,0,0,0,0
1252,7522,EC,2025-10-17,198745,0.0,8,0,0,0
1252,7522,EC,2025-10-17,198746,0.0,8,0,0,0
1252,7522,EC,2025-10-17,198747,3.07,8,7239,0,0
1252,7522,EC,2025-10-17,198748,0.0,8,0,0,0
1252,7522,EC,2025-10-17,207466,16.46,8,7239,0,1
1252,7522,EC,2025-10-17,207467,19.76,8,8687,0,2
1252,7522,EC,2025-10-17,207470,20.34,8,10134,1,2
1252,7522,EC,2025-10-17,207471,47.97,33,10134,1,4
1252,7522,EC,2025-10-17,213498,0.16,0,1448,0,0
1252,7522,EC,2025-10-17,213499,0.85,0,1448,0,0
1252,7522,EC,2025-10-17,213500,0.0,16,0,0,1
1252,7522,EC,2025-10-17,213501,7.85,0,5791,0,2
1252,7522,EC,2025-10-17,213502,0.0,0,0,0,0
1252,7522,EC,2025-10-17,213503,8.19,16,5791,0,0
1252,7522,EC,2025-10-17,213504,7.69,0,4343,0,0
1252,7522,EC,2025-10-17,213505,4.29,8,11582,0,1
1252,7522,EC,2025-10-17,213506,0.0,16,0,0,0
1252,7522,EC,2025-10-17,214305,0.67,0,1448,0,0
1252,7522,EC,2025-10-17,214306,0.0,16,0,0,0
1252,7522,EC,2025-10-17,214307,3.37,8,4343,1,2
1252,7522,EC,2025-10-17,214308,0.0,0,0,0,0
1252,7522,EC,2025-10-17,214310,1.41,16,2896,0,0
1252,7522,EC,2025-10-17,218184,0.0,0,0,0,0
1252,7522,EC,2025-10-17,218185,0.0,0,0,0,0
1252,7522,EC,2025-10-17,218186,0.0,0,0,0,0
1252,7522,EC,2025-10-17,218187,2.11,33,8687,3,2
1252,7522,EC,2025-10-17,218188,0.75,0,1448,0,0
1252,7522,EC,2025-10-17,218193,0.0,0,0,0,0
1252,7522,EC,2025-10-17,220179,0.0,0,0,0,0
1252,7522,EC,2025-10-17,220185,0.0,0,0,0,0
1252,7522,EC,2025-10-17,221015,0.0,0,0,0,0
1252,7522,EC,2025-10-17,221187,0.0,0,0,0,0
1252,7522,EC,2025-10-17,221188,4.9,16,2896,0,0
1252,7522,EC,2025-10-17,221189,0.0,0,0,0,0
1252,7522,EC,2025-10-17,221190,0.0,25,0,0,1
1252,7522,EC,2025-10-17,221191,0.76,0,1448,0,0
1252,7522,EC,2025-10-17,221193,0.92,0,1448,0,0
1252,7522,EC,2025-10-17,221194,0.0,0,0,0,0
1252,7522,EC,2025-10-17,221195,0.0,8,0,0,0
1252,7522,EC,2025-10-17,221196,6.89,0,7239,2,1
1252,7522,EC,2025-10-17,221197,5.86,0,1448,0,0
1252,7522,EC,2025-10-17,221198,4.25,8,1448,0,0
1252,7522,EC,2025-10-17,221199,1.7,8,4343,0,1
1252,7522,EC,2025-10-17,221200,1.4,16,4343,0,0
1252,7522,EC,2025-10-17,221201,0.0,0,0,0,0
1252,7522,EC,2025-10-17,221202,2.69,0,1448,0,0
1252,7522,EC,2025-10-17,221205,0.0,8,0,0,0
1252,7522,EC,2025-10-17,221207,1.37,0,1448,0,0
1252,7522,EC,2025-10-17,221209,0.0,0,0,0,0
1252,7522,EC,2025-10-17,221210,0.0,8,0,0,0
1252,7522,EC,2025-10-17,223267,0.0,0,0,0,1
1252,7522,EC,2025-10-17,223268,0.0,8,0,0,0
1252,7522,EC,2025-10-17,223269,2.71,8,4343,0,0
1252,7522,EC,2025-10-17,223270,12.69,8,4343,1,0
1252,7522,EC,2025-10-17,223271,0.0,0,0,0,0
1252,7522,EC,2025-10-17,223272,0.0,0,0,0,0
1252,7522,EC,2025-10-17,223273,1.75,0,2896,0,1
1252,7522,EC,2025-10-17,223274,7.51,8,2896,0,0
1252,7522,EC,2025-10-17,223275,13.29,25,8687,0,1
1252,7522,EC,2025-10-17,224104,0.0,0,0,0,0
1252,7522,EC,2025-10-17,224105,31.91,57,11582,0,0
1252,7522,EC,2025-10-17,224106,0.23,8,1448,0,0
1252,7522,EC,2025-10-17,224107,0.0,0,0,0,1
1252,7522,EC,2025-10-17,224108,0.62,0,1448,0,0
1252,7522,EC,2025-10-17,224109,0.0,0,0,0,0
1252,7522,EC,2025-10-17,224110,1.82,8,1448,0,0
1252,7522,EC,2025-10-17,224111,0.0,0,0,0,0
1252,7522,EC,2025-10-17,224112,0.0,25,0,0,0
1252,7522,EC,2025-10-17,224113,6.69,16,7239,0,0
1252,7522,EC,2025-10-17,224114,0.0,0,0,0,0
1252,7522,EC,2025-10-17,224116,0.0,16,0,0,0
1252,7522,EC,2025-10-17,224117,0.0,0,0,0,0
1252,7522,EC,2025-10-17,224118,0.0,0,0,0,0
1252,7522,EC,2025-10-17,224119,7.96,33,2896,0,1
1252,7522,EC,2025-10-17,224120,0.0,8,0,0,0
1252,7522,EC,2025-10-17,224122,0.0,8,0,0,0
1252,7522,EC,2025-10-17,224123,1.24,0,1448,0,0
1252,7522,EC,2025-10-17,224124,0.0,0,0,0,0
1252,7522,EC,2025-10-17,224125,2.7,0,2896,0,0
1252,7522,EC,2025-10-17,224126,0.36,0,1448,0,0
1252,7522,EC,2025-10-17,224128,0.0,8,0,1,1
1252,7522,EC,2025-10-17,224129,6.25,0,4343,0,0
1252,7522,EC,2025-10-17,224130,0.0,0,0,0,0
1252,7522,EC,2025-10-17,224131,2.82,25,5791,0,0
1252,7522,EC,2025-10-17,224132,26.02,16,4343,0,1
1252,7522,EC,2025-10-17,224134,0.0,0,0,0,0
1252,7522,EC,2025-10-17,224135,4.04,0,2896,0,0
1252,7522,EC,2025-10-17,224136,1.33,0,1448,0,0
1252,7522,EC,2025-10-17,224137,3.69,8,5791,0,0
1252,7522,EC,2025-10-17,224138,0.0,8,0,0,0
1252,7522,EC,2025-10-17,224139,1.11,0,1448,0,0
1252,7522,EC,2025-10-17,224140,0.0,0,0,0,0
1252,7522,EC,2025-10-17,224141,0.24,8,1448,0,0
1252,7522,EC,2025-10-17,224142,0.0,25,0,0,0
1252,7522,EC,2025-10-17,224143,0.0,0,0,0,0
1252,7522,EC,2025-10-17,224144,0.0,0,0,0,0
1252,7522,EC,2025-10-17,224145,16.42,16,37642,0,0
1252,7522,EC,2025-10-17,224146,0.0,0,0,0,0
1252,7522,EC,2025-10-17,224150,0.0,0,0,0,0
1252,7522,EC,2025-10-17,224151,0.0,0,0,0,0
1251,9092,GT,2025-10-17,222434,1.59,8,5791,0,0
1251,9092,GT,2025-10-17,222435,18.45,0,31851,0,0
1251,9092,GT,2025-10-17,222436,0.0,0,0,0,0
1251,9092,GT,2025-10-17,222437,7.8,0,13030,0,1
1251,9092,GT,2025-10-17,222438,2.74,0,4343,0,0
1251,9092,GT,2025-10-17,222439,4.11,0,5791,0,0
1251,9092,GT,2025-10-17,222440,0.0,0,0,0,0
1251,9092,GT,2025-10-17,222441,1.6,0,1448,0,0
1251,9092,GT,2025-10-17,222442,0.0,0,0,0,0
1251,9092,GT,2025-10-17,222443,1.76,16,2896,0,0
1251,9092,GT,2025-10-17,222444,0.0,16,0,0,0
1251,9092,GT,2025-10-17,222445,1.22,0,2896,0,0
1251,9092,GT,2025-10-17,222446,0.0,0,0,0,0
1251,9092,GT,2025-10-17,222447,7.5,0,4343,1,1
1251,9092,GT,2025-10-17,222448,10.3,0,13030,0,2
1251,9092,GT,2025-10-17,222449,0.0,8,0,0,0
1251,9092,GT,2025-10-17,222450,2.84,25,2896,0,2
1251,9092,GT,2025-10-17,222451,1.77,0,2896,0,0
1251,9092,GT,2025-10-17,222452,0.21,0,1448,0,0
1251,9092,GT,2025-10-17,222453,5.14,0,11582,0,1
1251,9092,GT,2025-10-17,222454,4.39,0,5791,0,0
1251,9092,GT,2025-10-17,222455,4.47,0,4343,0,0
1251,9092,GT,2025-10-17,222456,1.06,0,1448,0,0
1251,9092,GT,2025-10-17,222457,0.59,0,1448,0,0
1251,9092,GT,2025-10-17,222458,5.27,0,7239,0,0
1251,9092,GT,2025-10-17,222459,6.19,8,8687,0,0
1251,9092,GT,2025-10-17,222460,10.12,33,7239,0,0
1251,9092,GT,2025-10-17,222461,5.3,8,1448,0,0
1251,9092,GT,2025-10-17,222462,0.0,8,0,0,0
1251,9092,GT,2025-10-17,222463,7.49,8,8687,0,1
1251,9092,GT,2025-10-17,222464,0.28,0,1448,0,0
1251,9092,GT,2025-10-17,222465,0.0,0,0,0,0
1251,9092,GT,2025-10-17,222466,1.46,0,1448,0,0
1251,9092,GT,2025-10-17,222467,1.98,0,2896,0,0
1251,9092,GT,2025-10-17,222468,9.81,0,8687,0,0
1251,9092,GT,2025-10-17,222470,3.58,33,4343,0,0
1251,9092,GT,2025-10-17,222471,0.39,0,1448,0,0
1251,9092,GT,2025-10-17,222472,17.79,0,13030,0,1
3151,8407,GT,2025-10-17,210778,0.0,0,0,0,0
3151,8407,GT,2025-10-17,210779,0.0,0,0,0,0
3151,8407,GT,2025-10-17,210780,0.0,8,0,0,0
3151,8407,GT,2025-10-17,210781,1.23,8,2896,0,0
3151,8407,GT,2025-10-17,210782,0.9,0,2896,0,0
3151,8407,GT,2025-10-17,210784,0.0,0,0,0,0
3151,8407,GT,2025-10-17,210792,0.0,0,0,0,0
3151,8407,GT,2025-10-17,210793,1.12,0,1448,0,1
3151,8407,GT,2025-10-17,210794,0.76,8,1448,0,0
3151,8407,GT,2025-10-17,210795,3.85,16,5791,0,1
3151,8407,GT,2025-10-17,210796,0.0,0,0,0,0
3151,8407,GT,2025-10-17,210798,0.0,0,0,0,0
3151,8407,GT,2025-10-17,210805,0.3,0,1448,0,0
3151,8407,GT,2025-10-17,210806,0.0,0,0,0,0
3151,8407,GT,2025-10-17,210807,0.38,0,1448,0,0
3151,8407,GT,2025-10-17,210808,1.89,0,4343,0,0
3151,8407,GT,2025-10-17,210809,6.92,0,1448,0,0
3151,8407,GT,2025-10-17,210811,2.77,16,4343,0,1
3151,8407,GT,2025-10-17,214328,0.0,0,0,0,0
3151,8407,GT,2025-10-17,215819,0.0,0,0,0,0
3151,8407,GT,2025-10-17,215820,1.92,8,4343,0,1
3151,8407,GT,2025-10-17,215821,0.0,0,0,0,0
3151,8407,GT,2025-10-17,215823,0.0,0,0,0,0
3151,8407,GT,2025-10-17,218623,0.0,0,0,0,0
3151,8407,GT,2025-10-17,218624,0.0,0,0,0,0
3151,8407,GT,2025-10-17,218625,0.0,0,0,0,0
3151,8407,GT,2025-10-17,218626,10.17,0,15925,0,0
3151,8407,GT,2025-10-17,218627,0.41,0,1448,0,0
3151,8407,GT,2025-10-17,218629,4.86,0,4343,0,0
3151,8407,GT,2025-10-17,219238,1.85,0,1448,0,0
3151,8407,GT,2025-10-17,219239,0.0,0,0,0,0
3151,8407,GT,2025-10-17,219240,0.7,0,1448,0,0
3151,8407,GT,2025-10-17,219241,0.0,0,0,0,0
3151,8407,GT,2025-10-17,219243,1.12,0,1448,0,0
3151,8407,GT,2025-10-17,221223,2.13,8,2896,0,0
3151,8407,GT,2025-10-17,221224,0.0,8,0,0,0
3151,8407,GT,2025-10-17,221225,0.79,0,2896,0,0
3151,8407,GT,2025-10-17,221226,0.0,8,0,0,0
3151,8407,GT,2025-10-17,221227,0.0,0,0,0,0
3151,8407,GT,2025-10-17,221229,3.12,8,1448,0,0
3151,8407,GT,2025-10-17,221230,0.0,0,0,0,0
3151,8407,GT,2025-10-17,221231,1.68,16,4343,0,0
3151,8407,GT,2025-10-17,221232,0.0,0,0,0,0
3151,8407,GT,2025-10-17,221233,0.99,16,2896,0,0
3151,8407,GT,2025-10-17,221234,0.57,0,1448,0,0
3151,8407,GT,2025-10-17,221236,0.0,0,0,0,0
3151,8407,GT,2025-10-17,221237,0.0,0,0,0,0
3151,8407,GT,2025-10-17,221238,0.0,0,0,0,0
3151,8407,GT,2025-10-17,221239,0.0,0,0,0,0
3151,8407,GT,2025-10-17,221240,0.57,8,1448,0,0
3151,8407,GT,2025-10-17,221241,0.56,0,1448,0,0
3151,8407,GT,2025-10-17,221822,0.0,0,0,0,0
3151,8407,GT,2025-10-17,221823,0.0,0,0,0,0
3151,8407,GT,2025-10-17,221826,0.0,0,0,0,0
3151,8407,GT,2025-10-17,221832,0.0,0,0,0,0
3151,8407,GT,2025-10-17,223278,0.0,0,0,0,0
3151,8407,GT,2025-10-17,223279,1.31,16,2896,0,0
3151,8407,GT,2025-10-17,223280,0.0,0,0,0,1
3151,8407,GT,2025-10-17,223281,5.58,8,4343,0,0
3151,8407,GT,2025-10-17,223282,0.0,8,0,0,0
3151,8407,GT,2025-10-17,223284,3.28,0,8687,0,0
3151,8407,GT,2025-10-17,223771,0.0,8,0,0,0
3151,8407,GT,2025-10-17,223772,0.45,8,1448,0,0
3151,8407,GT,2025-10-17,223773,1.28,8,2896,0,0
3151,8407,GT,2025-10-17,224154,0.0,16,0,0,0
3151,8407,GT,2025-10-17,224155,0.66,0,1448,0,0
3151,8407,GT,2025-10-17,224156,0.0,0,0,0,0
3151,8407,GT,2025-10-17,224157,2.0,41,2896,0,0
3151,8407,GT,2025-10-17,224158,0.0,16,0,0,0
3151,8407,GT,2025-10-17,224159,0.0,0,0,0,0
3151,8407,GT,2025-10-17,224160,0.0,8,0,0,0
1251,9126,HN,2025-10-17,223902,0.22,8,1448,0,0
1251,9126,HN,2025-10-17,223903,1.47,0,4343,0,0
1251,9126,HN,2025-10-17,223904,0.0,8,0,0,0
1251,9126,HN,2025-10-17,223905,1.61,33,4343,0,0
1251,9126,HN,2025-10-17,223906,3.72,82,13030,0,0
1251,9126,HN,2025-10-17,223907,0.0,25,0,0,0
1251,9126,HN,2025-10-17,223908,4.43,16,5791,0,0
1251,9126,HN,2025-10-17,223909,1.46,8,2896,0,0
1251,9126,HN,2025-10-17,223910,7.11,49,15925,0,0
1251,9126,HN,2025-10-17,223911,0.6,25,1448,0,0
1251,9126,HN,2025-10-17,223912,0.0,8,0,0,0
1251,9126,HN,2025-10-17,223913,0.59,49,2896,0,1
1251,9126,HN,2025-10-17,223914,0.0,0,0,0,0
1251,9126,HN,2025-10-17,223915,2.66,8,8687,0,1
1251,9126,HN,2025-10-17,223916,1.12,8,4343,0,0
1251,9126,HN,2025-10-17,223917,0.47,16,1448,0,0
1251,9126,HN,2025-10-17,223918,7.07,16,4343,0,0
1251,9126,HN,2025-10-17,223919,3.56,33,5791,0,0
1251,9126,HN,2025-10-17,223920,1.05,25,4343,0,0
1251,9126,HN,2025-10-17,223921,0.78,16,1448,0,0
1251,9126,HN,2025-10-17,223922,1.47,8,1448,0,0
1251,9126,HN,2025-10-17,223923,1.01,16,4343,0,0
1251,9126,HN,2025-10-17,223924,1.88,16,7239,0,0
1251,9126,HN,2025-10-17,223925,4.6,25,11582,0,0
1251,9126,HN,2025-10-17,223926,2.1,57,5791,0,1
1251,9126,HN,2025-10-17,223927,0.0,0,0,0,0
1251,9126,HN,2025-10-17,223928,1.49,8,2896,0,0
1251,9126,HN,2025-10-17,223929,0.0,49,0,0,0
1251,9126,HN,2025-10-17,223930,2.15,25,5791,0,0
1251,9126,HN,2025-10-17,223931,2.32,8,4343,0,0
1251,9126,HN,2025-10-17,223932,0.0,0,0,0,0
1251,9126,HN,2025-10-17,223933,0.62,16,2896,0,0
1251,9126,HN,2025-10-17,223934,0.0,25,0,0,0
1251,9126,HN,2025-10-17,223935,1.26,16,4343,0,0
1251,9126,HN,2025-10-17,223936,4.18,8,1448,0,0
1847,7523,HN,2025-10-17,207904,0.0,0,0,0,0
1847,7523,HN,2025-10-17,207905,2.06,0,5791,0,0
1847,7523,HN,2025-10-17,207906,0.5,8,1448,0,0
1847,7523,HN,2025-10-17,207907,1.34,0,5791,0,1
1847,7523,HN,2025-10-17,207908,3.06,0,1448,0,0
1847,7523,HN,2025-10-17,207910,0.0,0,0,0,0
1847,7523,HN,2025-10-17,211405,0.0,0,0,0,0
1847,7523,HN,2025-10-17,211406,0.39,8,2896,0,1
1847,7523,HN,2025-10-17,211408,5.92,0,14478,2,1
1847,7523,HN,2025-10-17,211409,0.57,8,1448,0,0
1847,7523,HN,2025-10-17,211411,1.15,8,2896,0,2
1847,7523,HN,2025-10-17,211412,0.0,0,0,0,0
1847,7523,HN,2025-10-17,211413,3.05,16,8687,0,0
1847,7523,HN,2025-10-17,211414,8.58,25,8687,0,0
1847,7523,HN,2025-10-17,211415,0.67,8,1448,0,1
1847,7523,HN,2025-10-17,211416,5.94,0,4343,0,0
1847,7523,HN,2025-10-17,211418,1.14,16,1448,0,0
1847,7523,HN,2025-10-17,219999,0.0,0,0,0,0
1847,7523,HN,2025-10-17,220000,0.45,0,1448,0,0
1847,7523,HN,2025-10-17,220001,3.19,0,5791,0,0
1847,7523,HN,2025-10-17,220002,5.47,33,14478,1,2
1847,7523,HN,2025-10-17,220003,0.0,0,0,0,0
1847,7523,HN,2025-10-17,220005,0.0,16,0,0,0
1847,7523,HN,2025-10-17,223395,0.0,0,0,0,0
1847,7523,HN,2025-10-17,223396,0.0,0,0,0,0
1847,7523,HN,2025-10-17,223397,0.68,0,1448,0,0
1251,7519,PE,2025-10-17,179932,0.39,0,1448,0,0
1251,7519,PE,2025-10-17,179933,1.73,0,5791,0,0
1251,7519,PE,2025-10-17,179934,3.61,0,7239,0,0
1251,7519,PE,2025-10-17,179935,11.74,8,28955,1,2
1251,7519,PE,2025-10-17,179936,1.6,16,5791,0,0
1251,7519,PE,2025-10-17,179938,1.8,8,4343,0,0
1251,7519,PE,2025-10-17,179955,0.33,0,1448,0,0
1251,7519,PE,2025-10-17,179956,0.0,0,0,0,1
1251,7519,PE,2025-10-17,179957,0.71,0,2896,0,0
1251,7519,PE,2025-10-17,179958,4.92,8,7239,0,0
1251,7519,PE,2025-10-17,179959,1.32,0,1448,0,0
1251,7519,PE,2025-10-17,180031,0.0,0,0,0,0
1251,7519,PE,2025-10-17,180032,0.0,0,0,0,1
1251,7519,PE,2025-10-17,180033,0.0,0,0,0,0
1251,7519,PE,2025-10-17,180034,0.0,0,0,0,0
1251,7519,PE,2025-10-17,180035,0.0,0,0,0,1
1251,7519,PE,2025-10-17,180037,0.0,0,0,0,0
1251,7519,PE,2025-10-17,180044,0.0,0,0,0,0
1251,7519,PE,2025-10-17,180045,0.0,0,0,0,0
1251,7519,PE,2025-10-17,180046,0.0,0,0,0,1
1251,7519,PE,2025-10-17,180047,0.0,0,0,0,0
1251,7519,PE,2025-10-17,180048,0.0,0,0,0,0
1251,7519,PE,2025-10-17,180049,0.0,0,0,0,1
1251,7519,PE,2025-10-17,180050,0.0,0,0,0,0
1251,7519,PE,2025-10-17,180051,0.0,0,0,0,0
1251,7519,PE,2025-10-17,180052,0.0,0,0,0,0
1251,7519,PE,2025-10-17,180053,0.0,0,0,0,0
1251,7519,PE,2025-10-17,185056,0.96,0,2896,0,0
1251,7519,PE,2025-10-17,185057,0.74,8,4343,0,0
1251,7519,PE,2025-10-17,185058,2.1,8,4343,0,0
1251,7519,PE,2025-10-17,185059,0.92,8,1448,0,0
1251,7519,PE,2025-10-17,185060,2.31,8,8687,0,0
1251,7519,PE,2025-10-17,198818,0.93,0,5791,0,2
1251,7519,PE,2025-10-17,198819,2.47,0,10134,0,0
1251,7519,PE,2025-10-17,198820,2.76,8,7239,0,1
1251,7519,PE,2025-10-17,198821,18.4,16,34747,1,0
1251,7519,PE,2025-10-17,198822,4.21,0,11582,0,0
1251,7519,PE,2025-10-17,199415,0.0,0,0,0,0
1251,7519,PE,2025-10-17,199628,3.23,0,7239,0,0
1251,7519,PE,2025-10-17,199629,0.9,0,4343,0,0
1251,7519,PE,2025-10-17,199630,3.23,0,4343,0,0
1251,7519,PE,2025-10-17,199631,3.05,0,8687,0,0
1251,7519,PE,2025-10-17,199632,2.38,0,7239,0,0
1251,7519,PE,2025-10-17,199709,0.0,0,0,0,0
1251,7519,PE,2025-10-17,199710,0.0,0,0,0,0
1251,7519,PE,2025-10-17,199711,0.0,0,0,0,0
1251,7519,PE,2025-10-17,199712,0.0,0,0,0,0
1251,7519,PE,2025-10-17,199713,32.03,0,2896,0,0
1251,7519,PE,2025-10-17,206947,1.99,0,5791,0,0
1251,7519,PE,2025-10-17,207496,0.0,0,0,0,0
1251,7519,PE,2025-10-17,207768,0.0,0,0,0,0
1251,7519,PE,2025-10-17,211297,6.55,0,24612,0,1
1251,7519,PE,2025-10-17,211298,5.05,0,15925,0,0
1251,7519,PE,2025-10-17,211299,0.21,0,1448,0,0
1251,7519,PE,2025-10-17,211300,29.68,33,31851,0,0
1251,7519,PE,2025-10-17,211301,0.21,0,1448,0,0
1251,7519,PE,2025-10-17,211302,4.04,16,10134,0,0
1251,7519,PE,2025-10-17,211303,1.47,0,2896,0,0
1251,7519,PE,2025-10-17,211304,5.08,0,18821,1,3
1251,7519,PE,2025-10-17,211305,1.19,0,4343,0,0
1251,7519,PE,2025-10-17,211306,5.74,0,8687,0,0
1251,7519,PE,2025-10-17,211307,10.22,16,34747,0,0
1251,7519,PE,2025-10-17,211308,0.0,0,0,0,0
1251,7519,PE,2025-10-17,211309,12.44,66,37642,0,0
1251,7519,PE,2025-10-17,211317,2.47,8,4343,0,0
1251,7519,PE,2025-10-17,211318,0.7,0,1448,0,0
1251,7519,PE,2025-10-17,211319,0.0,0,0,0,0
1251,7519,PE,2025-10-17,211320,0.72,0,1448,0,0
1251,7519,PE,2025-10-17,211321,5.51,16,15925,0,0
1251,7519,PE,2025-10-17,211323,0.25,8,1448,0,0
1251,7519,PE,2025-10-17,215302,0.0,0,0,0,0
1251,7519,PE,2025-10-17,215303,0.0,0,0,0,0
1251,7519,PE,2025-10-17,215304,0.0,0,0,0,0
1251,7519,PE,2025-10-17,215305,0.0,0,0,0,0
1251,7519,PE,2025-10-17,215306,0.0,0,0,0,1
1251,7519,PE,2025-10-17,215709,0.99,0,2896,0,0
1251,7519,PE,2025-10-17,215710,6.02,8,20269,1,1
1251,7519,PE,2025-10-17,215711,0.48,0,1448,0,0
1251,7519,PE,2025-10-17,215712,1.51,16,4343,0,1
1251,7519,PE,2025-10-17,215713,0.42,0,1448,0,0
1251,7519,PE,2025-10-17,215715,0.24,0,1448,0,0
1251,7519,PE,2025-10-17,223426,5.21,8,18821,0,0
1251,7519,PE,2025-10-17,223427,0.89,0,4343,0,1
1251,7519,PE,2025-10-17,223429,4.44,33,14478,0,0
1251,7519,PE,2025-10-17,223430,2.7,0,8687,0,0
1251,7519,PE,2025-10-17,223431,6.88,25,23164,1,1
1251,7519,PE,2025-10-17,223432,11.09,0,36194,0,0
1251,7517,SV,2025-10-17,179004,0.0,8,0,0,0
1251,7517,SV,2025-10-17,179005,1.55,0,2896,0,0
1251,7517,SV,2025-10-17,179006,0.0,0,0,0,0
1251,7517,SV,2025-10-17,179007,7.45,8,13030,0,1
1251,7517,SV,2025-10-17,179008,0.0,8,0,0,0
1251,7517,SV,2025-10-17,179023,0.27,0,1448,0,0
1251,7517,SV,2025-10-17,179024,14.32,16,21717,0,1
1251,7517,SV,2025-10-17,179025,1.46,8,4343,0,1
1251,7517,SV,2025-10-17,179026,17.59,33,26060,1,2
1251,7517,SV,2025-10-17,198877,0.0,0,0,0,0
1251,7517,SV,2025-10-17,198878,0.0,0,0,0,0
1251,7517,SV,2025-10-17,198879,0.0,0,0,0,0
1251,7517,SV,2025-10-17,198880,2.75,49,5791,0,1
1251,7517,SV,2025-10-17,198881,0.21,0,1448,0,0
1251,7517,SV,2025-10-17,198882,0.57,0,1448,0,0
1251,7517,SV,2025-10-17,198883,0.0,0,0,0,0
1251,7517,SV,2025-10-17,198884,1.51,16,4343,0,0
1251,7517,SV,2025-10-17,198885,1.4,16,4343,0,0
1251,7517,SV,2025-10-17,198886,0.18,16,1448,0,0
1251,7517,SV,2025-10-17,198887,0.0,0,0,0,0
1251,7517,SV,2025-10-17,198888,0.0,0,0,0,0
1251,7517,SV,2025-10-17,198889,0.0,0,0,0,0
1251,7517,SV,2025-10-17,198890,0.0,8,0,0,0
1251,7517,SV,2025-10-17,198891,0.0,8,0,0,0
1251,7517,SV,2025-10-17,198892,3.12,25,8687,0,1
1251,7517,SV,2025-10-17,198893,0.0,16,0,0,0
1251,7517,SV,2025-10-17,206128,0.0,0,0,0,0
1251,7517,SV,2025-10-17,206129,1.03,0,1448,0,0
1251,7517,SV,2025-10-17,206130,0.99,0,1448,0,0
1251,7517,SV,2025-10-17,206131,5.65,41,13030,0,2
1251,7517,SV,2025-10-17,206132,1.1,0,2896,0,0
1251,7517,SV,2025-10-17,206133,0.22,0,1448,0,0
1251,7517,SV,2025-10-17,206134,2.4,8,2896,0,0
1251,7517,SV,2025-10-17,206135,0.0,0,0,0,0
1251,7517,SV,2025-10-17,206136,4.09,8,7239,0,0
1251,7517,SV,2025-10-17,206137,0.22,8,1448,0,0
1251,7517,SV,2025-10-17,207897,0.0,0,0,0,0
1251,7517,SV,2025-10-17,207898,0.0,16,0,0,0
1251,7517,SV,2025-10-17,207899,0.0,0,0,0,0
1251,7517,SV,2025-10-17,207900,0.47,0,1448,2,2
1251,7517,SV,2025-10-17,207901,0.0,0,0,0,0
1251,7517,SV,2025-10-17,207903,1.26,16,2896,0,0
1251,7517,SV,2025-10-17,215796,0.0,0,0,0,0
1251,7517,SV,2025-10-17,215797,0.0,0,0,0,0
1251,7517,SV,2025-10-17,215799,0.74,0,2896,0,0
1251,7517,SV,2025-10-17,215800,0.0,0,0,0,0
1251,7517,SV,2025-10-17,215801,15.67,16,13030,0,1
1251,7517,SV,2025-10-17,220211,0.65,16,1448,0,0
1251,7517,SV,2025-10-17,220212,0.0,0,0,0,0
1251,7517,SV,2025-10-17,220213,0.0,25,0,0,0
1251,7517,SV,2025-10-17,220214,1.62,8,1448,0,0
1251,7517,SV,2025-10-17,220215,4.2,0,5791,0,1
3151,8406,SV,2025-10-17,210819,3.33,0,1448,0,0
3151,8406,SV,2025-10-17,210820,2.99,0,4343,0,0
3151,8406,SV,2025-10-17,210821,1.57,0,2896,0,0
3151,8406,SV,2025-10-17,210822,2.12,8,5791,0,1
3151,8406,SV,2025-10-17,210823,0.99,16,4343,0,0
3151,8406,SV,2025-10-17,210825,0.0,8,0,0,0
3151,8406,SV,2025-10-17,210833,0.0,0,0,0,0
3151,8406,SV,2025-10-17,210834,1.11,16,2896,0,0
3151,8406,SV,2025-10-17,210835,0.0,8,0,0,0
3151,8406,SV,2025-10-17,210836,5.91,8,10134,0,0
3151,8406,SV,2025-10-17,210837,0.0,0,0,0,0
3151,8406,SV,2025-10-17,210839,0.0,0,0,0,0
3151,8406,SV,2025-10-17,210840,0.0,0,0,0,1
3151,8406,SV,2025-10-17,210841,2.61,0,2896,0,0
3151,8406,SV,2025-10-17,210842,0.0,0,0,1,2
3151,8406,SV,2025-10-17,210843,9.51,0,11582,0,1
3151,8406,SV,2025-10-17,210846,1.68,0,2896,0,0
3151,8406,SV,2025-10-17,215838,0.0,0,0,0,0
3151,8406,SV,2025-10-17,215839,0.0,0,0,0,0
3151,8406,SV,2025-10-17,215840,3.52,16,4343,1,3
3151,8406,SV,2025-10-17,215842,0.0,0,0,0,0
3151,8406,SV,2025-10-17,215843,11.95,0,2896,1,0
3151,8406,SV,2025-10-17,215844,3.01,8,2896,0,0
3151,8406,SV,2025-10-17,215845,3.95,8,7239,0,0
3151,8406,SV,2025-10-17,215853,0.0,0,0,0,0
3151,8406,SV,2025-10-17,215854,1.69,0,1448,0,0
3151,8406,SV,2025-10-17,215855,3.96,8,1448,0,0
3151,8406,SV,2025-10-17,215856,2.08,0,4343,1,0
3151,8406,SV,2025-10-17,215857,0.0,0,0,0,0
3151,8406,SV,2025-10-17,215859,0.0,0,0,0,0
3151,8406,SV,2025-10-17,218630,0.0,0,0,1,1
3151,8406,SV,2025-10-17,218631,0.0,0,0,0,0
3151,8406,SV,2025-10-17,218632,1.45,0,4343,0,2
3151,8406,SV,2025-10-17,218634,0.0,8,0,0,0
3151,8406,SV,2025-10-17,218635,5.54,0,5791,0,0
3151,8406,SV,2025-10-17,218636,2.47,0,2896,0,0
3151,8406,SV,2025-10-17,220216,0.0,0,0,0,0
3151,8406,SV,2025-10-17,221026,0.0,0,0,0,0
3151,8406,SV,2025-10-17,221027,0.0,0,0,0,0
3151,8406,SV,2025-10-17,221028,0.27,8,1448,0,1
3151,8406,SV,2025-10-17,221030,0.0,0,0,0,1
3151,8406,SV,2025-10-17,221031,0.3,0,1448,1,0
3151,8406,SV,2025-10-17,221032,4.19,0,7239,0,0
3151,8406,SV,2025-10-17,221033,8.39,8,4343,0,0
3151,8406,SV,2025-10-17,221034,0.0,0,0,0,0
3151,8406,SV,2025-10-17,221035,0.0,0,0,0,0
3151,8406,SV,2025-10-17,221036,0.0,0,0,0,0
3151,8406,SV,2025-10-17,221037,0.0,0,0,0,1
3151,8406,SV,2025-10-17,221038,4.52,0,8687,2,4
3151,8406,SV,2025-10-17,221039,0.0,8,0,0,0
3151,8406,SV,2025-10-17,221242,0.0,0,0,0,0
3151,8406,SV,2025-10-17,221243,1.37,0,1448,0,0
3151,8406,SV,2025-10-17,221244,0.81,8,1448,0,0
3151,8406,SV,2025-10-17,221245,0.0,8,0,0,0
3151,8406,SV,2025-10-17,221246,0.0,0,0,0,0
3151,8406,SV,2025-10-17,221247,4.11,0,1448,0,0
3151,8406,SV,2025-10-17,221248,0.0,0,0,0,0
3151,8406,SV,2025-10-17,221249,2.21,0,1448,0,0
3151,8406,SV,2025-10-17,221251,1.98,0,1448,0,0
3151,8406,SV,2025-10-17,221252,0.0,0,0,0,1
3151,8406,SV,2025-10-17,221253,8.33,8,1448,1,0
3151,8406,SV,2025-10-17,221254,0.0,0,0,0,0
3151,8406,SV,2025-10-17,221255,0.0,0,0,0,0
3151,8406,SV,2025-10-17,221256,1.49,0,2896,0,0
3151,8406,SV,2025-10-17,221258,0.0,0,0,0,0
3151,8406,SV,2025-10-17,221259,6.53,16,7239,0,0
3151,8406,SV,2025-10-17,221260,0.0,0,0,0,0
3151,8406,SV,2025-10-17,221833,0.0,0,0,0,0
3151,8406,SV,2025-10-17,221835,0.0,0,0,0,0
3151,8406,SV,2025-10-17,221838,0.0,0,0,0,0
3151,8406,SV,2025-10-17,221840,0.0,0,0,0,0
3151,8406,SV,2025-10-17,221841,0.0,0,0,0,0
3151,8406,SV,2025-10-17,221842,0.0,0,0,0,0
3151,8406,SV,2025-10-17,221845,0.0,0,0,0,0
3151,8406,SV,2025-10-17,221846,0.0,0,0,0,0
3151,8406,SV,2025-10-17,221847,0.88,16,1448,0,0
3151,8406,SV,2025-10-17,221848,0.0,8,0,0,0
3151,8406,SV,2025-10-17,221849,0.62,0,1448,0,2
3151,8406,SV,2025-10-17,221851,3.65,8,2896,0,0
3151,8406,SV,2025-10-17,221852,14.67,8,24612,2,4
3151,8406,SV,2025-10-17,221853,0.0,8,0,0,0
3151,8406,SV,2025-10-17,221854,1.38,25,2896,0,0
3151,8406,SV,2025-10-17,221855,0.0,0,0,0,0
3151,8406,SV,2025-10-17,221856,2.63,0,5791,0,2
3151,8406,SV,2025-10-17,221858,0.25,0,1448,0,0
3151,8406,SV,2025-10-17,221859,10.52,16,14478,1,1
3151,8406,SV,2025-10-17,221860,0.7,0,1448,0,0
3151,8406,SV,2025-10-17,223768,1.68,0,2896,0,0
3151,8406,SV,2025-10-17,223769,0.0,0,0,0,1
3151,8406,SV,2025-10-17,223770,0.36,0,1448,0,0
3151,8406,SV,2025-10-17,224161,9.37,8,8687,0,0
3151,8406,SV,2025-10-17,224162,1.44,16,2896,0,0
3151,8406,SV,2025-10-17,224163,0.0,0,0,0,0
3151,8406,SV,2025-10-17,224164,1.33,16,2896,0,0
3151,8406,SV,2025-10-17,224165,0.26,8,1448,0,0
3151,8406,SV,2025-10-17,224166,0.0,0,0,0,0
1251,7927,CL,2025-10-18,203179,0.18,0,1420,0,0
1251,7927,CL,2025-10-18,203180,0.58,0,2839,1,0
1251,7927,CL,2025-10-18,203181,3.94,8,2839,0,0
1251,7927,CL,2025-10-18,203182,3.64,8,1420,0,0
1251,7927,CL,2025-10-18,203183,0.0,0,0,0,0
1251,7927,CL,2025-10-18,203184,0.0,0,0,0,0
1251,7927,CL,2025-10-18,203185,3.77,0,9937,0,0
1251,7927,CL,2025-10-18,203186,5.76,8,5678,0,0
1251,7927,CL,2025-10-18,203187,0.0,0,0,0,0
1251,7927,CL,2025-10-18,203188,11.47,25,15615,0,0
1251,7927,CL,2025-10-18,203189,0.0,0,0,0,0
1251,7927,CL,2025-10-18,203190,0.0,0,0,0,0
1251,7927,CL,2025-10-18,203191,7.81,8,5678,1,2
1251,7927,CL,2025-10-18,203192,3.44,8,4259,0,0
1251,7927,CL,2025-10-18,203193,3.34,0,5678,0,0
1251,7927,CL,2025-10-18,203195,9.91,16,12776,0,0
1251,7927,CL,2025-10-18,203196,6.22,16,9937,1,1
1251,7927,CL,2025-10-18,203197,1.93,0,2839,0,0
1251,7927,CL,2025-10-18,203198,1.24,58,1420,0,0
1251,7927,CL,2025-10-18,203199,22.14,0,35490,0,3
1251,7927,CL,2025-10-18,212691,0.0,0,0,0,0
1251,7927,CL,2025-10-18,212692,0.67,8,2839,0,0
1251,7927,CL,2025-10-18,212693,0.0,8,0,0,0
1251,7927,CL,2025-10-18,212694,1.33,0,5678,0,0
1251,7927,CL,2025-10-18,212695,0.0,0,0,0,0
1251,7927,CL,2025-10-18,215780,0.19,0,1420,0,0
1251,7927,CL,2025-10-18,215781,0.58,0,1420,0,0
1251,7927,CL,2025-10-18,215782,0.0,16,0,0,0
1251,7927,CL,2025-10-18,215783,0.21,0,1420,0,1
1251,7927,CL,2025-10-18,215784,0.0,8,0,0,0
1251,7927,CL,2025-10-18,215785,0.0,0,0,0,0
1251,7927,CL,2025-10-18,215786,0.0,0,0,0,0
1251,7927,CL,2025-10-18,215787,0.38,0,2839,0,1
1251,7927,CL,2025-10-18,215788,0.0,0,0,0,0
1251,7927,CL,2025-10-18,215789,0.0,0,0,0,0
1251,7927,CL,2025-10-18,215790,0.3,16,1420,0,0
1251,7927,CL,2025-10-18,215791,0.0,0,0,0,0
1251,7927,CL,2025-10-18,215792,1.54,8,5678,0,0
1251,7927,CL,2025-10-18,215793,5.51,41,28392,0,1
1251,7927,CL,2025-10-18,215794,0.0,0,0,0,0
1251,7927,CL,2025-10-18,220204,0.0,0,0,0,0
1251,7927,CL,2025-10-18,220205,0.0,0,0,0,0
1251,7927,CL,2025-10-18,220206,0.39,0,1420,0,1
1251,7927,CL,2025-10-18,220207,3.12,8,11357,0,0
1251,7927,CL,2025-10-18,220208,0.0,0,0,0,0
1251,7927,CL,2025-10-18,222574,0.0,41,0,1,2
1251,7927,CL,2025-10-18,222575,1.73,0,5678,0,0
1251,7927,CL,2025-10-18,222576,31.99,49,70980,1,5
1251,7518,CR,2025-10-18,197743,10.05,8,12776,0,0
1251,7518,CR,2025-10-18,197744,47.51,584,14196,0,1
1251,7518,CR,2025-10-18,197745,29.45,132,55364,2,2
1251,7518,CR,2025-10-18,199813,5.61,0,1420,0,1
1251,7518,CR,2025-10-18,199814,11.92,16,11357,0,1
1251,7518,CR,2025-10-18,199815,5.83,115,5678,0,1
1251,7518,CR,2025-10-18,199816,0.0,74,0,0,0
1251,7518,CR,2025-10-18,199817,15.09,41,32651,0,1
1251,7518,CR,2025-10-18,199819,4.29,16,9937,0,0
1251,7518,CR,2025-10-18,199820,66.2,33,66721,2,3
1251,7518,CR,2025-10-18,199821,3.84,0,2839,1,1
1251,7518,CR,2025-10-18,199822,13.88,25,11357,0,0
1251,7518,CR,2025-10-18,199823,0.0,0,0,0,0
1251,7518,CR,2025-10-18,199880,0.0,0,0,0,0
1251,7518,CR,2025-10-18,199881,8.46,8,5678,0,0
1251,7518,CR,2025-10-18,199882,24.12,41,15615,0,1
1251,7518,CR,2025-10-18,199883,16.18,0,18455,1,2
1251,7518,CR,2025-10-18,199884,11.6,8,9937,0,0
1251,7518,CR,2025-10-18,199886,9.57,49,22713,0,0
1251,7518,CR,2025-10-18,206121,12.75,0,2839,0,0
1251,7518,CR,2025-10-18,206122,0.0,16,0,0,0
1251,7518,CR,2025-10-18,206123,5.09,41,2839,1,1
1251,7518,CR,2025-10-18,206124,33.05,16,34070,0,0
1251,7518,CR,2025-10-18,206125,8.28,33,15615,0,1
1251,7518,CR,2025-10-18,206127,1.39,49,2839,0,0
1251,7518,CR,2025-10-18,209137,16.71,16,4259,0,0
1251,7518,CR,2025-10-18,209138,0.0,0,0,0,0
1251,7518,CR,2025-10-18,209139,65.71,115,63882,1,1
1251,7518,CR,2025-10-18,209140,36.87,49,21294,0,0
1251,7518,CR,2025-10-18,209141,200.97,74,224295,2,2
1251,7518,CR,2025-10-18,210923,8.83,16,8518,0,0
1251,7518,CR,2025-10-18,210924,4.15,16,8518,0,0
1251,7518,CR,2025-10-18,210925,52.66,198,21294,0,0
1251,7518,CR,2025-10-18,210926,112.55,165,102211,4,2
1251,7518,CR,2025-10-18,210927,25.56,8,32651,0,0
1251,7518,CR,2025-10-18,210929,10.43,82,25553,0,0
1251,7518,CR,2025-10-18,211372,0.0,0,0,0,0
1251,7518,CR,2025-10-18,211373,20.03,25,12776,0,0
1251,7518,CR,2025-10-18,211374,0.0,0,0,0,0
1251,7518,CR,2025-10-18,211375,23.78,41,11357,0,1
1251,7518,CR,2025-10-18,211376,20.01,25,15615,0,0
1251,7518,CR,2025-10-18,211377,53.25,25,35490,0,0
1251,7518,CR,2025-10-18,211378,5.76,8,8518,0,0
1251,7518,CR,2025-10-18,211379,14.99,25,19874,1,1
1251,7518,CR,2025-10-18,211380,17.04,25,15615,0,0
1251,7518,CR,2025-10-18,211381,8.89,16,8518,3,4
1251,7518,CR,2025-10-18,211382,2.42,0,1420,0,0
1251,7518,CR,2025-10-18,211384,0.0,0,0,0,0
1251,7518,CR,2025-10-18,212697,0.59,8,1420,0,0
1251,7518,CR,2025-10-18,212698,10.0,16,15615,0,0
1251,7518,CR,2025-10-18,212699,0.0,0,0,0,0
1251,7518,CR,2025-10-18,212700,55.55,91,44007,1,0
1251,7518,CR,2025-10-18,212701,23.19,33,31231,0,0
1251,7518,CR,2025-10-18,212703,17.94,16,12776,0,0
1251,7518,CR,2025-10-18,215717,1.81,0,1420,0,0
1251,7518,CR,2025-10-18,215718,0.0,0,0,0,0
1251,7518,CR,2025-10-18,215719,5.66,25,5678,0,0
1251,7518,CR,2025-10-18,215720,11.98,107,7098,0,0
1251,7518,CR,2025-10-18,215721,27.45,74,19874,1,1
1251,7518,CR,2025-10-18,215722,0.0,0,0,0,0
1251,7518,CR,2025-10-18,215723,0.0,8,0,0,0
1251,7518,CR,2025-10-18,215724,165.85,239,161833,0,2
1251,7518,CR,2025-10-18,215725,12.38,16,12776,0,0
1251,7518,CR,2025-10-18,215726,36.49,247,12776,1,1
1251,7518,CR,2025-10-18,215727,22.38,0,17035,0,0
1251,7518,CR,2025-10-18,215728,0.51,0,1420,0,0
1251,7518,CR,2025-10-18,215731,3.09,8,1420,0,0
1251,7518,CR,2025-10-18,215732,0.0,0,0,0,0
1251,7518,CR,2025-10-18,215733,17.28,25,15615,0,0
1251,7518,CR,2025-10-18,215734,1.56,0,1420,0,0
1251,7518,CR,2025-10-18,215735,11.74,8,14196,0,0
1251,7518,CR,2025-10-18,221218,5.44,0,2839,0,0
1251,7518,CR,2025-10-18,221219,16.98,41,18455,0,1
1251,7518,CR,2025-10-18,221220,16.61,16,9937,0,0
1251,7518,CR,2025-10-18,221221,30.11,33,46846,0,0
1251,7518,CR,2025-10-18,221222,2.63,0,5678,1,1
1251,7520,EC,2025-10-18,169629,22.52,16,18455,0,0
1251,7520,EC,2025-10-18,169630,3.21,16,4259,0,0
1251,7520,EC,2025-10-18,169631,8.19,41,17035,0,1
1251,7520,EC,2025-10-18,169632,7.06,0,7098,0,1
1251,7520,EC,2025-10-18,169634,0.0,0,0,0,0
1251,7520,EC,2025-10-18,169635,0.0,0,0,0,0
1251,7520,EC,2025-10-18,169642,7.87,8,11357,0,0
1251,7520,EC,2025-10-18,169643,0.0,0,0,0,0
1251,7520,EC,2025-10-18,169644,10.57,33,11357,0,0
1251,7520,EC,2025-10-18,169645,5.48,8,5678,0,0
1251,7520,EC,2025-10-18,169647,2.45,25,2839,0,0
1251,7520,EC,2025-10-18,169648,0.0,0,0,0,0
1251,7520,EC,2025-10-18,169649,0.0,0,0,0,0
1251,7520,EC,2025-10-18,169650,0.0,0,0,0,0
1251,7520,EC,2025-10-18,169651,16.72,16,24133,0,0
1251,7520,EC,2025-10-18,169652,12.1,16,12776,0,1
1251,7520,EC,2025-10-18,169654,0.0,0,0,0,0
1251,7520,EC,2025-10-18,169655,0.16,8,1420,0,0
1251,7520,EC,2025-10-18,169656,0.0,0,0,0,0
1251,7520,EC,2025-10-18,169657,0.0,0,0,0,0
1251,7520,EC,2025-10-18,169658,0.0,0,0,0,0
1251,7520,EC,2025-10-18,169659,1.91,0,2839,0,0
1251,7520,EC,2025-10-18,169660,3.9,0,1420,0,0
1251,7520,EC,2025-10-18,169662,3.44,8,4259,0,0
1251,7520,EC,2025-10-18,171430,0.0,0,0,0,0
1251,7520,EC,2025-10-18,171431,0.0,0,0,0,0
1251,7520,EC,2025-10-18,171432,0.0,0,0,0,0
1251,7520,EC,2025-10-18,171433,0.0,0,0,0,0
1251,7520,EC,2025-10-18,178393,0.0,0,0,0,0
1251,7520,EC,2025-10-18,178394,5.97,8,2839,0,1
1251,7520,EC,2025-10-18,178395,2.44,0,4259,1,0
1251,7520,EC,2025-10-18,178397,0.0,8,0,0,0
1251,7520,EC,2025-10-18,178400,0.0,0,0,0,0
1251,7520,EC,2025-10-18,178401,0.0,0,0,0,0
1251,7520,EC,2025-10-18,178402,0.0,0,0,0,0
1251,7520,EC,2025-10-18,178404,0.0,0,0,0,0
1251,7520,EC,2025-10-18,185841,0.73,0,1420,0,1
1251,7520,EC,2025-10-18,185842,0.0,8,0,1,0
1251,7520,EC,2025-10-18,185843,0.0,0,0,0,0
1251,7520,EC,2025-10-18,185844,0.0,0,0,0,0
1251,7520,EC,2025-10-18,185847,1.36,0,1420,0,0
1251,7520,EC,2025-10-18,185862,0.0,0,0,0,0
1251,7520,EC,2025-10-18,185863,4.4,0,2839,0,0
1251,7520,EC,2025-10-18,185865,2.22,8,2839,0,0
1251,7520,EC,2025-10-18,185866,0.0,0,0,0,0
1251,7520,EC,2025-10-18,185883,0.0,0,0,0,0
1251,7520,EC,2025-10-18,185884,0.0,0,0,0,0
1251,7520,EC,2025-10-18,185885,7.55,8,15615,0,1
1251,7520,EC,2025-10-18,185886,0.57,16,1420,0,0
1251,7520,EC,2025-10-18,185888,0.0,0,0,0,0
1251,7520,EC,2025-10-18,185889,0.0,0,0,0,0
1251,7520,EC,2025-10-18,185895,0.0,0,0,0,0
1251,7520,EC,2025-10-18,185897,0.0,0,0,0,0
1251,7520,EC,2025-10-18,185900,0.0,0,0,0,0
1251,7520,EC,2025-10-18,193178,0.0,8,0,0,0
1251,7520,EC,2025-10-18,193179,0.0,8,0,0,0
1251,7520,EC,2025-10-18,193181,0.0,0,0,0,0
1251,7520,EC,2025-10-18,198841,0.0,0,0,0,0
1251,7520,EC,2025-10-18,198842,0.0,0,0,0,0
1251,7520,EC,2025-10-18,198843,0.0,0,0,0,0
1251,7520,EC,2025-10-18,198844,5.98,16,4259,0,0
1251,7520,EC,2025-10-18,198847,0.0,0,0,0,0
1251,7520,EC,2025-10-18,199723,0.0,0,0,0,0
1251,7520,EC,2025-10-18,199724,6.44,8,19874,1,0
1251,7520,EC,2025-10-18,199725,0.0,49,0,0,0
1251,7520,EC,2025-10-18,199727,1.08,8,1420,0,1
1251,7520,EC,2025-10-18,199729,0.25,8,1420,0,0
1251,7520,EC,2025-10-18,199803,0.0,0,0,0,0
1251,7520,EC,2025-10-18,200172,1.14,8,2839,0,0
1251,7520,EC,2025-10-18,200173,9.88,25,22713,0,0
1251,7520,EC,2025-10-18,200174,1.61,16,4259,1,2
1251,7520,EC,2025-10-18,200175,21.33,25,29811,3,6
1251,7520,EC,2025-10-18,200176,1.73,0,4259,0,1
1251,7520,EC,2025-10-18,200178,6.37,25,11357,0,0
1251,7520,EC,2025-10-18,206105,3.61,0,2839,0,0
1251,7520,EC,2025-10-18,206106,0.9,16,2839,2,1
1251,7520,EC,2025-10-18,206107,1.8,25,1420,0,1
1251,7520,EC,2025-10-18,206108,11.22,33,17035,3,1
1251,7520,EC,2025-10-18,206109,4.44,0,7098,0,1
1251,7520,EC,2025-10-18,206111,1.51,8,4259,0,0
1251,7520,EC,2025-10-18,206947,7.79,16,2839,0,0
1251,7520,EC,2025-10-18,206948,4.51,16,5678,0,0
1251,7520,EC,2025-10-18,215742,0.0,0,0,0,0
1251,7520,EC,2025-10-18,215744,4.52,16,2839,0,0
1251,7520,EC,2025-10-18,215745,6.12,0,2839,0,0
1251,7520,EC,2025-10-18,215746,0.0,0,0,0,0
1251,7520,EC,2025-10-18,215747,0.0,0,0,0,0
1251,7520,EC,2025-10-18,215748,0.0,0,0,0,0
1251,7520,EC,2025-10-18,215750,5.6,0,4259,0,0
1251,7520,EC,2025-10-18,215751,1.23,0,1420,0,1
1251,7520,EC,2025-10-18,215752,3.9,8,7098,0,0
1251,7520,EC,2025-10-18,215753,0.0,0,0,0,0
1251,7520,EC,2025-10-18,215754,0.0,0,0,0,0
1251,7520,EC,2025-10-18,215755,0.0,8,0,0,0
1251,7520,EC,2025-10-18,215756,0.0,0,0,0,0
1251,7520,EC,2025-10-18,215758,2.68,0,2839,0,0
1251,7520,EC,2025-10-18,215760,0.0,0,0,0,0
1251,7520,EC,2025-10-18,215762,0.56,0,1420,0,0
1251,7520,EC,2025-10-18,215763,7.26,16,2839,0,0
1251,7520,EC,2025-10-18,215764,1.23,0,4259,0,0
1251,7520,EC,2025-10-18,215765,2.36,8,4259,0,0
1251,7520,EC,2025-10-18,215768,4.1,8,2839,0,0
1251,7520,EC,2025-10-18,215769,0.0,0,0,0,0
1251,7520,EC,2025-10-18,215770,0.0,8,0,0,0
1251,7520,EC,2025-10-18,215772,0.0,0,0,0,0
1251,7520,EC,2025-10-18,215773,5.4,8,5678,0,0
1251,7520,EC,2025-10-18,215774,2.96,16,4259,0,1
1251,7520,EC,2025-10-18,215775,0.0,0,0,0,1
1251,7520,EC,2025-10-18,215776,0.0,0,0,0,0
1251,7520,EC,2025-10-18,215777,0.0,8,0,0,0
1251,7520,EC,2025-10-18,215778,18.48,25,34070,1,1
1251,7520,EC,2025-10-18,215779,0.0,0,0,0,0
1251,7520,EC,2025-10-18,222498,34.28,49,28392,2,4
1251,7520,EC,2025-10-18,222499,70.64,49,59623,3,3
1251,7520,EC,2025-10-18,222500,11.32,189,4259,0,0
1252,7521,EC,2025-10-18,169776,0.0,0,0,0,0
1252,7521,EC,2025-10-18,169777,1.79,25,7098,2,6
1252,7521,EC,2025-10-18,169778,7.44,8,7098,0,2
1252,7521,EC,2025-10-18,169779,28.54,25,19874,0,2
1252,7521,EC,2025-10-18,169780,0.0,8,0,0,0
1252,7521,EC,2025-10-18,169782,10.83,25,8518,0,0
1252,7521,EC,2025-10-18,180358,0.0,0,0,0,0
1252,7521,EC,2025-10-18,180359,2.89,8,1420,0,1
1252,7521,EC,2025-10-18,180360,25.16,0,19874,1,1
1252,7521,EC,2025-10-18,180361,0.0,0,0,0,0
1252,7521,EC,2025-10-18,198765,0.0,0,0,0,0
1252,7521,EC,2025-10-18,198766,4.15,25,5678,0,1
1252,7521,EC,2025-10-18,198767,3.87,58,8518,0,0
1252,7521,EC,2025-10-18,198768,38.13,25,44007,0,7
1252,7521,EC,2025-10-18,198769,9.09,8,4259,0,0
1252,7521,EC,2025-10-18,198772,0.0,0,0,0,0
1252,7521,EC,2025-10-18,198773,8.01,0,5678,0,1
1252,7521,EC,2025-10-18,198774,11.22,8,2839,0,0
1252,7521,EC,2025-10-18,198775,0.0,0,0,0,1
1252,7521,EC,2025-10-18,198776,0.0,0,0,0,0
1252,7521,EC,2025-10-18,198778,0.0,16,0,0,1
1252,7521,EC,2025-10-18,198779,0.0,8,0,0,0
1252,7521,EC,2025-10-18,198780,6.42,25,5678,0,0
1252,7521,EC,2025-10-18,198781,0.0,8,0,0,0
1252,7521,EC,2025-10-18,198782,17.57,16,11357,0,1
1252,7521,EC,2025-10-18,198783,20.21,16,15615,1,3
1252,7521,EC,2025-10-18,198799,0.0,0,0,0,0
1252,7521,EC,2025-10-18,198800,3.81,8,5678,0,0
1252,7521,EC,2025-10-18,198801,25.5,33,7098,0,0
1252,7521,EC,2025-10-18,198802,24.14,33,19874,2,1
1252,7521,EC,2025-10-18,198803,0.0,0,0,0,0
1252,7521,EC,2025-10-18,198805,0.88,0,1420,0,0
1252,7521,EC,2025-10-18,211158,0.0,0,0,0,0
1252,7521,EC,2025-10-18,211159,0.19,0,1420,0,0
1252,7521,EC,2025-10-18,211160,0.0,0,0,0,0
1252,7521,EC,2025-10-18,211161,48.6,33,31231,0,3
1252,7521,EC,2025-10-18,211162,10.96,16,8518,0,1
1252,7521,EC,2025-10-18,211164,0.0,0,0,0,0
1252,7521,EC,2025-10-18,215274,0.0,8,0,0,0
1252,7521,EC,2025-10-18,215275,1.06,25,2839,0,1
1252,7521,EC,2025-10-18,215276,11.99,58,9937,0,0
1252,7521,EC,2025-10-18,215277,13.61,16,19874,2,14
1252,7521,EC,2025-10-18,215278,0.0,0,0,0,0
1252,7521,EC,2025-10-18,215280,1.76,99,2839,0,0
1252,7521,EC,2025-10-18,221211,0.0,8,0,0,0
1252,7521,EC,2025-10-18,221212,18.16,0,8518,0,2
1252,7521,EC,2025-10-18,221213,0.44,16,1420,0,0
1252,7521,EC,2025-10-18,221214,0.0,0,0,0,0
1252,7521,EC,2025-10-18,221215,0.0,0,0,0,0
1252,7521,EC,2025-10-18,221217,11.68,0,4259,0,0
1252,7522,EC,2025-10-18,169698,3.68,0,1420,0,0
1252,7522,EC,2025-10-18,169699,0.0,0,0,0,0
1252,7522,EC,2025-10-18,169700,0.0,0,0,0,0
1252,7522,EC,2025-10-18,169701,0.0,0,0,0,1
1252,7522,EC,2025-10-18,169702,1.29,0,2839,0,0
1252,7522,EC,2025-10-18,169704,8.07,0,8518,0,0
1252,7522,EC,2025-10-18,169719,0.0,0,0,0,0
1252,7522,EC,2025-10-18,169720,0.0,0,0,0,0
1252,7522,EC,2025-10-18,169721,0.0,8,0,0,0
1252,7522,EC,2025-10-18,169722,0.0,0,0,1,1
1252,7522,EC,2025-10-18,169723,0.0,0,0,0,0
1252,7522,EC,2025-10-18,169725,0.68,0,1420,0,0
1252,7522,EC,2025-10-18,180343,0.0,0,0,0,0
1252,7522,EC,2025-10-18,180344,0.0,0,0,0,0
1252,7522,EC,2025-10-18,180345,2.03,8,1420,0,0
1252,7522,EC,2025-10-18,180346,1.71,8,1420,0,0
1252,7522,EC,2025-10-18,180347,1.06,0,2839,0,0
1252,7522,EC,2025-10-18,180349,0.0,0,0,0,0
1252,7522,EC,2025-10-18,192876,0.0,0,0,0,0
1252,7522,EC,2025-10-18,192877,0.19,0,1420,0,0
1252,7522,EC,2025-10-18,192878,14.38,0,2839,0,0
1252,7522,EC,2025-10-18,192879,0.49,0,1420,0,1
1252,7522,EC,2025-10-18,192880,0.0,0,0,0,0
1252,7522,EC,2025-10-18,192882,0.0,0,0,0,0
1252,7522,EC,2025-10-18,192883,0.0,0,0,0,0
1252,7522,EC,2025-10-18,192884,0.0,0,0,0,0
1252,7522,EC,2025-10-18,192886,0.0,0,0,0,0
1252,7522,EC,2025-10-18,192887,0.0,0,0,0,0
1252,7522,EC,2025-10-18,192890,0.0,8,0,0,0
1252,7522,EC,2025-10-18,192891,0.0,0,0,0,0
1252,7522,EC,2025-10-18,192892,0.0,0,0,0,0
1252,7522,EC,2025-10-18,192893,0.0,8,0,1,3
1252,7522,EC,2025-10-18,192894,0.0,8,0,0,0
1252,7522,EC,2025-10-18,192896,0.0,16,0,0,0
1252,7522,EC,2025-10-18,192904,0.0,0,0,0,0
1252,7522,EC,2025-10-18,192905,4.77,8,1420,0,0
1252,7522,EC,2025-10-18,192906,2.84,41,4259,0,0
1252,7522,EC,2025-10-18,192907,3.79,8,4259,2,2
1252,7522,EC,2025-10-18,192908,0.0,0,0,0,0
1252,7522,EC,2025-10-18,192910,18.07,49,4259,0,1
1252,7522,EC,2025-10-18,198737,1.37,0,1420,0,1
1252,7522,EC,2025-10-18,198738,0.0,0,0,0,1
1252,7522,EC,2025-10-18,198739,0.0,0,0,0,0
1252,7522,EC,2025-10-18,198740,2.09,8,2839,0,1
1252,7522,EC,2025-10-18,198741,0.0,0,0,0,0
1252,7522,EC,2025-10-18,198743,0.85,0,1420,0,3
1252,7522,EC,2025-10-18,198744,0.0,0,0,0,0
1252,7522,EC,2025-10-18,198745,0.4,0,1420,0,0
1252,7522,EC,2025-10-18,198746,0.0,0,0,0,0
1252,7522,EC,2025-10-18,198747,2.22,16,7098,0,1
1252,7522,EC,2025-10-18,198748,0.0,0,0,0,1
1252,7522,EC,2025-10-18,207466,26.3,25,8518,0,1
1252,7522,EC,2025-10-18,207467,15.44,33,14196,1,3
1252,7522,EC,2025-10-18,207470,25.97,8,8518,0,1
1252,7522,EC,2025-10-18,207471,59.76,25,15615,1,7
1252,7522,EC,2025-10-18,213498,0.0,0,0,0,0
1252,7522,EC,2025-10-18,213499,1.02,0,1420,0,0
1252,7522,EC,2025-10-18,213500,8.29,16,2839,0,0
1252,7522,EC,2025-10-18,213501,3.38,16,4259,0,1
1252,7522,EC,2025-10-18,213502,0.0,0,0,0,0
1252,7522,EC,2025-10-18,213503,8.41,16,12776,0,1
1252,7522,EC,2025-10-18,213504,0.0,16,0,0,0
1252,7522,EC,2025-10-18,213505,7.86,0,14196,1,2
1252,7522,EC,2025-10-18,213506,0.0,8,0,0,0
1252,7522,EC,2025-10-18,214304,0.0,0,0,0,0
1252,7522,EC,2025-10-18,214305,0.0,16,0,1,2
1252,7522,EC,2025-10-18,214306,4.43,0,1420,0,0
1252,7522,EC,2025-10-18,214307,1.12,0,4259,0,1
1252,7522,EC,2025-10-18,214308,0.0,8,0,0,0
1252,7522,EC,2025-10-18,214310,0.0,8,0,0,0
1252,7522,EC,2025-10-18,217590,0.0,0,0,0,0
1252,7522,EC,2025-10-18,218184,0.0,0,0,0,0
1252,7522,EC,2025-10-18,218185,1.09,25,4259,0,1
1252,7522,EC,2025-10-18,218186,0.0,0,0,0,0
1252,7522,EC,2025-10-18,218187,12.9,8,11357,1,5
1252,7522,EC,2025-10-18,218188,0.0,8,0,0,0
1252,7522,EC,2025-10-18,221187,0.0,0,0,0,0
1252,7522,EC,2025-10-18,221188,0.0,8,0,0,0
1252,7522,EC,2025-10-18,221189,0.0,0,0,0,0
1252,7522,EC,2025-10-18,221190,5.15,0,5678,0,2
1252,7522,EC,2025-10-18,221191,1.5,8,1420,0,1
1252,7522,EC,2025-10-18,221193,0.0,0,0,0,0
1252,7522,EC,2025-10-18,221194,0.0,0,0,0,0
1252,7522,EC,2025-10-18,221195,0.0,0,0,0,0
1252,7522,EC,2025-10-18,221196,11.71,25,18455,1,7
1252,7522,EC,2025-10-18,221197,0.0,16,0,0,0
1252,7522,EC,2025-10-18,221198,0.0,8,0,0,0
1252,7522,EC,2025-10-18,221199,6.93,0,8518,0,0
1252,7522,EC,2025-10-18,221200,15.33,16,9937,0,1
1252,7522,EC,2025-10-18,221201,0.0,0,0,0,0
1252,7522,EC,2025-10-18,221202,0.0,0,0,0,0
1252,7522,EC,2025-10-18,221206,0.0,0,0,0,0
1252,7522,EC,2025-10-18,221207,0.0,8,0,0,1
1252,7522,EC,2025-10-18,221209,0.0,0,0,0,0
1252,7522,EC,2025-10-18,221210,0.0,0,0,0,0
1252,7522,EC,2025-10-18,221818,0.0,0,0,0,0
1252,7522,EC,2025-10-18,223267,0.0,0,0,1,0
1252,7522,EC,2025-10-18,223268,0.0,16,0,0,0
1252,7522,EC,2025-10-18,223269,4.85,25,1420,0,0
1252,7522,EC,2025-10-18,223270,3.29,0,2839,0,1
1252,7522,EC,2025-10-18,223271,0.0,8,0,0,0
1252,7522,EC,2025-10-18,223272,0.0,0,0,0,0
1252,7522,EC,2025-10-18,223273,2.04,0,4259,0,0
1252,7522,EC,2025-10-18,223274,0.0,0,0,0,0
1252,7522,EC,2025-10-18,223275,6.17,8,2839,0,0
1252,7522,EC,2025-10-18,223276,0.7,0,1420,0,0
1252,7522,EC,2025-10-18,224104,0.0,0,0,0,0
1252,7522,EC,2025-10-18,224105,6.8,8,1420,0,1
1252,7522,EC,2025-10-18,224106,10.47,16,1420,0,0
1252,7522,EC,2025-10-18,224107,0.0,8,0,0,0
1252,7522,EC,2025-10-18,224108,0.0,0,0,0,0
1252,7522,EC,2025-10-18,224109,0.0,0,0,0,0
1252,7522,EC,2025-10-18,224110,3.08,0,1420,0,0
1252,7522,EC,2025-10-18,224111,0.82,8,1420,0,0
1252,7522,EC,2025-10-18,224112,1.88,16,2839,0,0
1252,7522,EC,2025-10-18,224113,0.71,8,2839,0,0
1252,7522,EC,2025-10-18,224114,6.86,0,4259,0,1
1252,7522,EC,2025-10-18,224116,13.05,8,2839,0,0
1252,7522,EC,2025-10-18,224117,2.91,8,1420,0,0
1252,7522,EC,2025-10-18,224118,0.0,8,0,0,0
1252,7522,EC,2025-10-18,224119,10.66,0,8518,0,2
1252,7522,EC,2025-10-18,224120,0.0,0,0,0,0
1252,7522,EC,2025-10-18,224122,0.0,8,0,0,0
1252,7522,EC,2025-10-18,224123,0.0,0,0,0,0
1252,7522,EC,2025-10-18,224124,0.0,0,0,0,0
1252,7522,EC,2025-10-18,224125,0.67,0,1420,0,0
1252,7522,EC,2025-10-18,224126,1.11,0,1420,0,0
1252,7522,EC,2025-10-18,224128,0.0,16,0,0,0
1252,7522,EC,2025-10-18,224129,16.69,25,2839,0,0
1252,7522,EC,2025-10-18,224130,0.0,0,0,0,0
1252,7522,EC,2025-10-18,224131,0.47,0,1420,0,0
1252,7522,EC,2025-10-18,224132,2.12,8,1420,0,0
1252,7522,EC,2025-10-18,224134,0.0,0,0,0,0
1252,7522,EC,2025-10-18,224135,0.5,8,1420,0,0
1252,7522,EC,2025-10-18,224136,0.0,8,0,0,0
1252,7522,EC,2025-10-18,224137,2.86,8,2839,0,1
1252,7522,EC,2025-10-18,224138,3.46,0,2839,0,0
1252,7522,EC,2025-10-18,224139,0.0,0,0,0,0
1252,7522,EC,2025-10-18,224140,0.0,0,0,0,0
1252,7522,EC,2025-10-18,224141,4.5,0,5678,0,0
1252,7522,EC,2025-10-18,224142,0.0,25,0,0,0
1252,7522,EC,2025-10-18,224143,0.0,8,0,0,0
1252,7522,EC,2025-10-18,224144,0.79,8,2839,0,1
1252,7522,EC,2025-10-18,224145,4.62,16,5678,0,1
1252,7522,EC,2025-10-18,224146,1.26,16,1420,0,0
1252,7522,EC,2025-10-18,224150,0.0,0,0,0,0
1252,7522,EC,2025-10-18,224151,0.0,0,0,0,0
1252,7522,EC,2025-10-18,224153,0.0,0,0,0,0
1251,9092,GT,2025-10-18,222434,2.0,8,4259,0,0
1251,9092,GT,2025-10-18,222435,15.98,8,21294,0,0
1251,9092,GT,2025-10-18,222436,0.0,0,0,0,0
1251,9092,GT,2025-10-18,222437,3.39,49,7098,1,1
1251,9092,GT,2025-10-18,222438,0.41,8,1420,0,0
1251,9092,GT,2025-10-18,222439,0.99,0,2839,0,0
1251,9092,GT,2025-10-18,222440,0.49,8,1420,0,0
1251,9092,GT,2025-10-18,222441,1.28,0,1420,0,0
1251,9092,GT,2025-10-18,222442,16.52,16,4259,0,0
1251,9092,GT,2025-10-18,222443,4.59,8,9937,0,0
1251,9092,GT,2025-10-18,222444,0.36,0,1420,0,0
1251,9092,GT,2025-10-18,222445,10.23,8,11357,0,0
1251,9092,GT,2025-10-18,222446,0.0,0,0,0,0
1251,9092,GT,2025-10-18,222447,1.53,8,1420,0,0
1251,9092,GT,2025-10-18,222448,5.64,0,9937,0,0
1251,9092,GT,2025-10-18,222449,0.0,0,0,0,0
1251,9092,GT,2025-10-18,222450,2.32,0,1420,0,0
1251,9092,GT,2025-10-18,222451,0.0,0,0,0,0
1251,9092,GT,2025-10-18,222452,5.12,0,2839,0,2
1251,9092,GT,2025-10-18,222453,5.21,0,11357,1,1
1251,9092,GT,2025-10-18,222454,0.98,0,2839,0,0
1251,9092,GT,2025-10-18,222455,0.0,0,0,2,1
1251,9092,GT,2025-10-18,222456,4.76,0,4259,0,0
1251,9092,GT,2025-10-18,222457,0.0,0,0,0,0
1251,9092,GT,2025-10-18,222458,0.19,33,1420,0,2
1251,9092,GT,2025-10-18,222459,1.2,0,2839,0,1
1251,9092,GT,2025-10-18,222460,2.68,8,4259,0,1
1251,9092,GT,2025-10-18,222461,0.55,0,1420,0,0
1251,9092,GT,2025-10-18,222462,0.23,16,1420,0,0
1251,9092,GT,2025-10-18,222463,6.26,0,11357,0,0
1251,9092,GT,2025-10-18,222464,0.75,8,2839,0,0
1251,9092,GT,2025-10-18,222465,0.0,0,0,0,0
1251,9092,GT,2025-10-18,222466,0.0,0,0,0,0
1251,9092,GT,2025-10-18,222467,2.43,0,2839,0,0
1251,9092,GT,2025-10-18,222468,1.96,0,2839,0,0
1251,9092,GT,2025-10-18,222470,8.2,41,14196,0,0
1251,9092,GT,2025-10-18,222471,0.28,0,1420,0,0
1251,9092,GT,2025-10-18,222472,10.11,16,19874,0,3
3151,8407,GT,2025-10-18,210778,0.0,0,0,0,0
3151,8407,GT,2025-10-18,210779,0.0,0,0,0,0
3151,8407,GT,2025-10-18,210780,0.0,0,0,0,0
3151,8407,GT,2025-10-18,210781,2.03,0,5678,0,1
3151,8407,GT,2025-10-18,210782,0.0,0,0,0,0
3151,8407,GT,2025-10-18,210784,0.0,0,0,0,0
3151,8407,GT,2025-10-18,210792,0.0,0,0,0,0
3151,8407,GT,2025-10-18,210793,0.0,0,0,0,0
3151,8407,GT,2025-10-18,210794,10.47,8,4259,0,0
3151,8407,GT,2025-10-18,210795,4.43,16,7098,0,0
3151,8407,GT,2025-10-18,210796,0.0,0,0,0,0
3151,8407,GT,2025-10-18,210798,0.0,0,0,0,0
3151,8407,GT,2025-10-18,210805,0.0,0,0,0,0
3151,8407,GT,2025-10-18,210806,0.0,0,0,0,0
3151,8407,GT,2025-10-18,210807,0.67,0,1420,0,0
3151,8407,GT,2025-10-18,210808,2.63,16,7098,0,1
3151,8407,GT,2025-10-18,210809,0.0,0,0,0,0
3151,8407,GT,2025-10-18,210811,3.31,0,2839,0,0
3151,8407,GT,2025-10-18,215819,5.03,0,2839,0,0
3151,8407,GT,2025-10-18,215820,3.3,0,7098,1,1
3151,8407,GT,2025-10-18,215823,0.0,0,0,0,0
3151,8407,GT,2025-10-18,218623,0.0,0,0,0,0
3151,8407,GT,2025-10-18,218624,0.0,0,0,0,0
3151,8407,GT,2025-10-18,218625,0.0,0,0,0,0
3151,8407,GT,2025-10-18,218626,4.86,0,5678,0,0
3151,8407,GT,2025-10-18,218627,0.2,0,1420,0,0
3151,8407,GT,2025-10-18,218629,0.0,0,0,0,0
3151,8407,GT,2025-10-18,219238,0.0,0,0,0,0
3151,8407,GT,2025-10-18,219239,0.0,8,0,0,0
3151,8407,GT,2025-10-18,219240,5.65,0,1420,0,0
3151,8407,GT,2025-10-18,219241,0.15,0,1420,0,0
3151,8407,GT,2025-10-18,219243,0.0,0,0,0,0
3151,8407,GT,2025-10-18,221223,0.0,0,0,0,0
3151,8407,GT,2025-10-18,221224,1.5,0,1420,0,0
3151,8407,GT,2025-10-18,221225,0.0,0,0,0,0
3151,8407,GT,2025-10-18,221226,0.78,0,1420,0,0
3151,8407,GT,2025-10-18,221227,0.0,0,0,0,0
3151,8407,GT,2025-10-18,221229,0.0,8,0,0,1
3151,8407,GT,2025-10-18,221230,0.0,8,0,0,0
3151,8407,GT,2025-10-18,221231,0.0,16,0,0,0
3151,8407,GT,2025-10-18,221232,0.0,8,0,0,0
3151,8407,GT,2025-10-18,221233,8.01,0,2839,0,0
3151,8407,GT,2025-10-18,221234,0.0,0,0,0,1
3151,8407,GT,2025-10-18,221236,0.0,0,0,0,0
3151,8407,GT,2025-10-18,221237,0.0,0,0,0,0
3151,8407,GT,2025-10-18,221238,0.0,8,0,0,0
3151,8407,GT,2025-10-18,221239,0.0,0,0,0,0
3151,8407,GT,2025-10-18,221240,0.0,8,0,0,0
3151,8407,GT,2025-10-18,221241,0.0,0,0,0,0
3151,8407,GT,2025-10-18,221825,0.0,0,0,0,0
3151,8407,GT,2025-10-18,221826,0.0,0,0,0,0
3151,8407,GT,2025-10-18,221827,0.0,0,0,0,0
3151,8407,GT,2025-10-18,221828,0.0,0,0,0,0
3151,8407,GT,2025-10-18,221829,0.0,0,0,0,0
3151,8407,GT,2025-10-18,223278,1.57,0,1420,0,0
3151,8407,GT,2025-10-18,223279,0.21,0,1420,0,0
3151,8407,GT,2025-10-18,223280,0.0,0,0,0,0
3151,8407,GT,2025-10-18,223281,0.19,0,1420,0,0
3151,8407,GT,2025-10-18,223282,0.72,8,2839,0,0
3151,8407,GT,2025-10-18,223284,9.69,0,4259,0,0
3151,8407,GT,2025-10-18,223771,0.0,0,0,0,0
3151,8407,GT,2025-10-18,223772,0.59,0,1420,0,0
3151,8407,GT,2025-10-18,223773,2.54,0,4259,0,0
3151,8407,GT,2025-10-18,224154,0.0,0,0,0,0
3151,8407,GT,2025-10-18,224155,0.0,0,0,0,0
3151,8407,GT,2025-10-18,224156,0.0,8,0,0,0
3151,8407,GT,2025-10-18,224157,0.72,16,2839,0,0
3151,8407,GT,2025-10-18,224158,0.0,0,0,0,0
3151,8407,GT,2025-10-18,224160,0.47,8,1420,0,0
1251,9126,HN,2025-10-18,223902,1.57,0,1420,0,0
1251,9126,HN,2025-10-18,223903,0.25,16,1420,0,0
1251,9126,HN,2025-10-18,223904,0.91,33,1420,0,0
1251,9126,HN,2025-10-18,223905,2.08,115,8518,0,0
1251,9126,HN,2025-10-18,223906,3.76,58,8518,0,0
1251,9126,HN,2025-10-18,223907,0.0,0,0,0,0
1251,9126,HN,2025-10-18,223908,0.0,0,0,0,0
1251,9126,HN,2025-10-18,223909,1.88,33,7098,0,0
1251,9126,HN,2025-10-18,223910,15.34,25,31231,0,0
1251,9126,HN,2025-10-18,223911,7.91,0,4259,0,0
1251,9126,HN,2025-10-18,223912,0.0,0,0,0,0
1251,9126,HN,2025-10-18,223913,1.57,0,2839,0,0
1251,9126,HN,2025-10-18,223914,0.0,0,0,0,0
1251,9126,HN,2025-10-18,223915,4.34,74,14196,0,0
1251,9126,HN,2025-10-18,223916,1.29,8,4259,0,0
1251,9126,HN,2025-10-18,223917,0.0,0,0,0,0
1251,9126,HN,2025-10-18,223918,6.07,16,1420,0,1
1251,9126,HN,2025-10-18,223919,0.26,33,1420,0,0
1251,9126,HN,2025-10-18,223920,0.76,0,4259,0,0
1251,9126,HN,2025-10-18,223921,0.0,16,0,0,0
1251,9126,HN,2025-10-18,223922,0.0,0,0,0,0
1251,9126,HN,2025-10-18,223923,2.73,0,4259,0,0
1251,9126,HN,2025-10-18,223924,1.46,0,4259,0,1
1251,9126,HN,2025-10-18,223925,1.15,33,5678,0,0
1251,9126,HN,2025-10-18,223926,5.83,8,15615,0,0
1251,9126,HN,2025-10-18,223927,0.0,0,0,0,0
1251,9126,HN,2025-10-18,223928,1.92,25,2839,0,0
1251,9126,HN,2025-10-18,223929,0.0,0,0,0,0
1251,9126,HN,2025-10-18,223930,0.23,0,1420,0,0
1251,9126,HN,2025-10-18,223931,0.0,8,0,0,0
1251,9126,HN,2025-10-18,223932,0.0,8,0,0,0
1251,9126,HN,2025-10-18,223933,1.43,33,5678,0,0
1251,9126,HN,2025-10-18,223934,0.49,16,1420,0,0
1251,9126,HN,2025-10-18,223935,1.09,0,1420,0,0
1251,9126,HN,2025-10-18,223936,0.0,0,0,0,0
1847,7523,HN,2025-10-18,207904,0.0,0,0,0,0
1847,7523,HN,2025-10-18,207905,0.35,8,1420,1,1
1847,7523,HN,2025-10-18,207906,11.05,16,5678,0,0
1847,7523,HN,2025-10-18,207907,2.31,8,5678,0,2
1847,7523,HN,2025-10-18,207908,3.17,16,5678,0,0
1847,7523,HN,2025-10-18,207910,0.0,0,0,0,0
1847,7523,HN,2025-10-18,211405,0.0,0,0,0,0
1847,7523,HN,2025-10-18,211406,0.52,8,1420,0,0
1847,7523,HN,2025-10-18,211408,3.6,0,12776,1,1
1847,7523,HN,2025-10-18,211409,1.16,8,4259,0,0
1847,7523,HN,2025-10-18,211411,0.29,8,1420,0,0
1847,7523,HN,2025-10-18,211412,0.0,8,0,0,0
1847,7523,HN,2025-10-18,211413,0.0,0,0,0,0
1847,7523,HN,2025-10-18,211414,0.79,16,2839,0,1
1847,7523,HN,2025-10-18,211415,2.62,16,9937,0,1
1847,7523,HN,2025-10-18,211416,2.16,25,8518,0,1
1847,7523,HN,2025-10-18,211418,1.81,8,4259,0,1
1847,7523,HN,2025-10-18,219999,0.0,0,0,0,0
1847,7523,HN,2025-10-18,220000,0.86,25,1420,0,0
1847,7523,HN,2025-10-18,220001,0.0,8,0,0,0
1847,7523,HN,2025-10-18,220002,6.96,16,12776,0,1
1847,7523,HN,2025-10-18,220003,1.3,0,1420,0,0
1847,7523,HN,2025-10-18,220005,0.2,0,1420,0,0
1847,7523,HN,2025-10-18,223395,0.79,0,1420,0,0
1847,7523,HN,2025-10-18,223396,0.63,0,1420,0,0
1847,7523,HN,2025-10-18,223397,0.0,0,0,0,0
1251,7519,PE,2025-10-18,179932,0.72,8,1420,0,0
1251,7519,PE,2025-10-18,179933,0.57,0,2839,0,0
1251,7519,PE,2025-10-18,179934,6.95,16,18455,1,2
1251,7519,PE,2025-10-18,179935,24.98,8,36909,2,4
1251,7519,PE,2025-10-18,179936,2.46,0,5678,0,0
1251,7519,PE,2025-10-18,179937,0.0,0,0,0,0
1251,7519,PE,2025-10-18,179938,1.54,8,4259,0,1
1251,7519,PE,2025-10-18,179955,1.1,8,1420,0,0
1251,7519,PE,2025-10-18,179956,0.74,0,1420,0,0
1251,7519,PE,2025-10-18,179957,0.27,8,1420,0,0
1251,7519,PE,2025-10-18,179958,3.45,0,11357,0,0
1251,7519,PE,2025-10-18,179959,1.87,0,1420,0,0
1251,7519,PE,2025-10-18,180031,0.0,0,0,0,0
1251,7519,PE,2025-10-18,180032,0.0,0,0,0,0
1251,7519,PE,2025-10-18,180033,0.0,0,0,0,0
1251,7519,PE,2025-10-18,180034,0.0,0,0,0,0
1251,7519,PE,2025-10-18,180035,0.34,0,1420,0,0
1251,7519,PE,2025-10-18,180037,0.0,0,0,0,0
1251,7519,PE,2025-10-18,180044,0.0,8,0,0,0
1251,7519,PE,2025-10-18,180045,0.0,0,0,0,0
1251,7519,PE,2025-10-18,180046,0.0,0,0,0,1
1251,7519,PE,2025-10-18,180047,0.0,0,0,0,1
1251,7519,PE,2025-10-18,180048,0.0,0,0,0,0
1251,7519,PE,2025-10-18,180049,0.0,0,0,0,0
1251,7519,PE,2025-10-18,180050,0.0,0,0,0,0
1251,7519,PE,2025-10-18,180051,0.0,0,0,0,0
1251,7519,PE,2025-10-18,180052,0.0,0,0,0,0
1251,7519,PE,2025-10-18,180053,0.0,0,0,0,0
1251,7519,PE,2025-10-18,185056,0.23,0,1420,0,0
1251,7519,PE,2025-10-18,185057,0.58,0,2839,0,0
1251,7519,PE,2025-10-18,185058,3.73,8,5678,0,1
1251,7519,PE,2025-10-18,185059,3.49,8,11357,1,1
1251,7519,PE,2025-10-18,185060,0.74,8,2839,0,0
1251,7519,PE,2025-10-18,198818,2.45,0,4259,0,0
1251,7519,PE,2025-10-18,198819,0.72,0,2839,0,0
1251,7519,PE,2025-10-18,198820,1.53,8,5678,0,1
1251,7519,PE,2025-10-18,198821,23.37,25,55364,1,5
1251,7519,PE,2025-10-18,198822,2.27,0,7098,0,0
1251,7519,PE,2025-10-18,199628,0.7,8,2839,0,0
1251,7519,PE,2025-10-18,199629,1.06,8,2839,0,0
1251,7519,PE,2025-10-18,199630,1.01,8,2839,0,0
1251,7519,PE,2025-10-18,199631,4.72,0,12776,1,1
1251,7519,PE,2025-10-18,199632,2.23,0,7098,0,0
1251,7519,PE,2025-10-18,199709,0.0,0,0,0,0
1251,7519,PE,2025-10-18,199710,0.0,0,0,0,0
1251,7519,PE,2025-10-18,199711,0.0,0,0,0,0
1251,7519,PE,2025-10-18,199712,0.0,0,0,0,0
1251,7519,PE,2025-10-18,199713,0.0,0,0,0,0
1251,7519,PE,2025-10-18,206947,0.0,0,0,0,0
1251,7519,PE,2025-10-18,207770,0.0,0,0,0,0
1251,7519,PE,2025-10-18,211297,1.65,16,4259,0,1
1251,7519,PE,2025-10-18,211298,2.79,0,9937,0,0
1251,7519,PE,2025-10-18,211299,0.24,0,1420,0,0
1251,7519,PE,2025-10-18,211300,12.42,8,24133,0,0
1251,7519,PE,2025-10-18,211301,0.43,0,1420,0,0
1251,7519,PE,2025-10-18,211302,6.32,8,17035,0,0
1251,7519,PE,2025-10-18,211303,0.0,0,0,0,0
1251,7519,PE,2025-10-18,211304,6.97,0,21294,0,1
1251,7519,PE,2025-10-18,211305,0.33,0,1420,0,0
1251,7519,PE,2025-10-18,211306,0.58,0,2839,0,0
1251,7519,PE,2025-10-18,211307,12.38,33,29811,1,5
1251,7519,PE,2025-10-18,211308,0.0,0,0,0,0
1251,7519,PE,2025-10-18,211309,1.31,8,4259,0,3
1251,7519,PE,2025-10-18,211317,4.61,16,7098,0,1
1251,7519,PE,2025-10-18,211318,0.0,0,0,0,0
1251,7519,PE,2025-10-18,211319,0.0,0,0,0,0
1251,7519,PE,2025-10-18,211320,0.83,0,1420,0,1
1251,7519,PE,2025-10-18,211321,4.71,8,17035,0,2
1251,7519,PE,2025-10-18,211323,1.19,25,4259,0,0
1251,7519,PE,2025-10-18,215302,0.0,0,0,0,0
1251,7519,PE,2025-10-18,215303,0.0,0,0,0,0
1251,7519,PE,2025-10-18,215304,0.0,0,0,0,0
1251,7519,PE,2025-10-18,215305,0.0,0,0,0,0
1251,7519,PE,2025-10-18,215306,0.0,0,0,0,1
1251,7519,PE,2025-10-18,215709,0.0,0,0,0,0
1251,7519,PE,2025-10-18,215710,4.83,16,15615,1,1
1251,7519,PE,2025-10-18,215711,0.2,0,1420,0,0
1251,7519,PE,2025-10-18,215712,0.56,8,2839,0,2
1251,7519,PE,2025-10-18,215713,0.0,0,0,0,0
1251,7519,PE,2025-10-18,215714,0.0,0,0,0,0
1251,7519,PE,2025-10-18,215715,0.37,16,1420,0,0
1251,7519,PE,2025-10-18,223426,1.69,8,9937,0,1
1251,7519,PE,2025-10-18,223427,0.35,0,1420,0,0
1251,7519,PE,2025-10-18,223429,2.48,16,9937,0,0
1251,7519,PE,2025-10-18,223430,0.0,8,0,0,0
1251,7519,PE,2025-10-18,223431,8.86,0,25553,1,1
1251,7519,PE,2025-10-18,223432,14.47,25,36909,1,3
1251,7517,SV,2025-10-18,179004,0.0,0,0,0,0
1251,7517,SV,2025-10-18,179005,0.0,0,0,0,0
1251,7517,SV,2025-10-18,179006,0.32,0,1420,0,0
1251,7517,SV,2025-10-18,179007,6.99,16,5678,0,1
1251,7517,SV,2025-10-18,179008,0.0,0,0,0,0
1251,7517,SV,2025-10-18,179023,0.0,0,0,0,0
1251,7517,SV,2025-10-18,179024,19.64,8,22713,0,1
1251,7517,SV,2025-10-18,179025,0.0,16,0,0,0
1251,7517,SV,2025-10-18,179026,17.36,25,32651,1,3
1251,7517,SV,2025-10-18,198877,0.79,0,1420,0,0
1251,7517,SV,2025-10-18,198878,0.0,0,0,0,0
1251,7517,SV,2025-10-18,198879,0.0,0,0,0,0
1251,7517,SV,2025-10-18,198880,11.6,25,21294,1,3
1251,7517,SV,2025-10-18,198881,0.0,0,0,0,0
1251,7517,SV,2025-10-18,198882,0.0,0,0,0,0
1251,7517,SV,2025-10-18,198883,0.0,8,0,0,0
1251,7517,SV,2025-10-18,198884,0.0,0,0,0,0
1251,7517,SV,2025-10-18,198885,1.53,0,1420,0,1
1251,7517,SV,2025-10-18,198886,5.5,0,5678,0,0
1251,7517,SV,2025-10-18,198888,0.0,0,0,0,0
1251,7517,SV,2025-10-18,198889,0.0,0,0,0,0
1251,7517,SV,2025-10-18,198890,5.58,8,4259,0,0
1251,7517,SV,2025-10-18,198891,0.0,0,0,0,0
1251,7517,SV,2025-10-18,198892,6.07,25,12776,1,1
1251,7517,SV,2025-10-18,198893,0.0,0,0,0,0
1251,7517,SV,2025-10-18,206128,0.27,0,1420,0,0
1251,7517,SV,2025-10-18,206129,0.0,0,0,0,0
1251,7517,SV,2025-10-18,206130,0.0,25,0,0,0
1251,7517,SV,2025-10-18,206131,6.52,0,9937,1,2
1251,7517,SV,2025-10-18,206132,0.58,0,1420,0,0
1251,7517,SV,2025-10-18,206133,0.0,0,0,0,0
1251,7517,SV,2025-10-18,206134,0.65,0,2839,0,0
1251,7517,SV,2025-10-18,206135,0.17,0,1420,0,0
1251,7517,SV,2025-10-18,206136,6.4,8,4259,1,1
1251,7517,SV,2025-10-18,206137,0.0,0,0,0,0
1251,7517,SV,2025-10-18,207897,0.7,0,1420,0,0
1251,7517,SV,2025-10-18,207898,0.57,0,1420,0,0
1251,7517,SV,2025-10-18,207899,0.0,0,0,0,0
1251,7517,SV,2025-10-18,207900,3.96,0,4259,0,0
1251,7517,SV,2025-10-18,207901,0.0,0,0,0,0
1251,7517,SV,2025-10-18,207903,2.82,0,2839,0,0
1251,7517,SV,2025-10-18,215796,0.0,0,0,0,0
1251,7517,SV,2025-10-18,215797,0.0,0,0,0,0
1251,7517,SV,2025-10-18,215798,0.0,0,0,0,0
1251,7517,SV,2025-10-18,215799,0.0,0,0,1,1
1251,7517,SV,2025-10-18,215800,2.98,0,1420,0,0
1251,7517,SV,2025-10-18,215801,1.39,8,2839,0,0
1251,7517,SV,2025-10-18,220211,0.0,0,0,0,0
1251,7517,SV,2025-10-18,220212,0.18,0,1420,0,0
1251,7517,SV,2025-10-18,220213,0.19,0,1420,0,0
1251,7517,SV,2025-10-18,220214,0.0,16,0,0,0
1251,7517,SV,2025-10-18,220215,7.38,8,8518,1,1
3151,8406,SV,2025-10-18,210819,0.29,0,1420,0,0
3151,8406,SV,2025-10-18,210820,6.77,0,7098,1,1
3151,8406,SV,2025-10-18,210821,2.64,0,2839,0,0
3151,8406,SV,2025-10-18,210822,7.81,8,2839,0,1
3151,8406,SV,2025-10-18,210823,1.05,0,2839,2,2
3151,8406,SV,2025-10-18,210825,0.0,0,0,0,0
3151,8406,SV,2025-10-18,210832,0.0,0,0,0,0
3151,8406,SV,2025-10-18,210833,0.0,8,0,0,0
3151,8406,SV,2025-10-18,210834,0.0,0,0,1,1
3151,8406,SV,2025-10-18,210835,0.0,0,0,0,0
3151,8406,SV,2025-10-18,210836,3.14,0,7098,0,2
3151,8406,SV,2025-10-18,210837,5.8,0,5678,0,0
3151,8406,SV,2025-10-18,210839,0.0,0,0,0,0
3151,8406,SV,2025-10-18,210840,0.0,0,0,0,0
3151,8406,SV,2025-10-18,210841,1.06,0,2839,0,1
3151,8406,SV,2025-10-18,210842,0.63,0,1420,0,0
3151,8406,SV,2025-10-18,210843,8.3,0,15615,1,3
3151,8406,SV,2025-10-18,210844,0.0,0,0,0,0
3151,8406,SV,2025-10-18,210846,1.63,8,1420,0,0
3151,8406,SV,2025-10-18,215838,0.98,25,2839,0,0
3151,8406,SV,2025-10-18,215839,0.0,0,0,0,0
3151,8406,SV,2025-10-18,215840,6.72,16,4259,0,1
3151,8406,SV,2025-10-18,215842,0.0,0,0,0,0
3151,8406,SV,2025-10-18,215843,5.67,8,8518,0,0
3151,8406,SV,2025-10-18,215844,1.93,0,4259,0,0
3151,8406,SV,2025-10-18,215845,3.56,8,5678,0,1
3151,8406,SV,2025-10-18,215853,0.0,0,0,0,0
3151,8406,SV,2025-10-18,215854,0.0,0,0,0,1
3151,8406,SV,2025-10-18,215855,0.0,0,0,0,1
3151,8406,SV,2025-10-18,215856,0.0,0,0,0,0
3151,8406,SV,2025-10-18,215857,0.0,0,0,0,0
3151,8406,SV,2025-10-18,215859,0.0,0,0,0,0
3151,8406,SV,2025-10-18,218630,1.62,25,1420,0,1
3151,8406,SV,2025-10-18,218631,0.0,0,0,0,0
3151,8406,SV,2025-10-18,218632,4.08,0,5678,0,0
3151,8406,SV,2025-10-18,218634,0.0,0,0,0,0
3151,8406,SV,2025-10-18,218635,3.69,0,1420,0,1
3151,8406,SV,2025-10-18,218636,0.95,0,2839,0,0
3151,8406,SV,2025-10-18,220408,0.0,0,0,0,0
3151,8406,SV,2025-10-18,221026,0.0,0,0,0,0
3151,8406,SV,2025-10-18,221027,0.0,0,0,0,0
3151,8406,SV,2025-10-18,221028,1.47,0,1420,0,0
3151,8406,SV,2025-10-18,221030,0.0,0,0,0,0
3151,8406,SV,2025-10-18,221031,4.24,8,4259,1,1
3151,8406,SV,2025-10-18,221032,2.43,0,5678,0,0
3151,8406,SV,2025-10-18,221033,9.6,0,2839,0,0
3151,8406,SV,2025-10-18,221034,0.0,0,0,0,0
3151,8406,SV,2025-10-18,221035,0.0,0,0,0,0
3151,8406,SV,2025-10-18,221037,0.0,0,0,0,0
3151,8406,SV,2025-10-18,221038,13.56,8,9937,0,4
3151,8406,SV,2025-10-18,221039,0.0,0,0,0,1
3151,8406,SV,2025-10-18,221242,0.0,0,0,0,0
3151,8406,SV,2025-10-18,221243,6.29,8,2839,0,0
3151,8406,SV,2025-10-18,221244,2.26,0,1420,0,0
3151,8406,SV,2025-10-18,221245,8.09,0,2839,0,0
3151,8406,SV,2025-10-18,221246,0.0,0,0,0,0
3151,8406,SV,2025-10-18,221247,0.0,0,0,0,0
3151,8406,SV,2025-10-18,221248,0.0,0,0,0,0
3151,8406,SV,2025-10-18,221249,0.0,0,0,0,1
3151,8406,SV,2025-10-18,221251,0.0,8,0,0,0
3151,8406,SV,2025-10-18,221252,0.95,8,2839,0,0
3151,8406,SV,2025-10-18,221253,0.67,0,1420,0,0
3151,8406,SV,2025-10-18,221254,0.0,0,0,0,0
3151,8406,SV,2025-10-18,221255,0.0,0,0,0,0
3151,8406,SV,2025-10-18,221256,9.56,8,5678,0,0
3151,8406,SV,2025-10-18,221258,0.0,0,0,0,0
3151,8406,SV,2025-10-18,221259,9.85,16,4259,0,1
3151,8406,SV,2025-10-18,221260,0.0,0,0,0,0
3151,8406,SV,2025-10-18,221834,0.0,0,0,0,0
3151,8406,SV,2025-10-18,221835,0.0,0,0,0,0
3151,8406,SV,2025-10-18,221838,0.0,0,0,0,0
3151,8406,SV,2025-10-18,221840,0.0,0,0,0,0
3151,8406,SV,2025-10-18,221841,0.0,0,0,0,0
3151,8406,SV,2025-10-18,221842,0.0,0,0,0,0
3151,8406,SV,2025-10-18,221844,0.0,0,0,0,0
3151,8406,SV,2025-10-18,221845,0.0,0,0,0,0
3151,8406,SV,2025-10-18,221846,0.0,0,0,0,0
3151,8406,SV,2025-10-18,221847,1.44,0,2839,0,0
3151,8406,SV,2025-10-18,221848,0.0,0,0,0,0
3151,8406,SV,2025-10-18,221849,3.38,0,4259,0,0
3151,8406,SV,2025-10-18,221851,0.0,0,0,0,0
3151,8406,SV,2025-10-18,221852,15.14,8,21294,2,5
3151,8406,SV,2025-10-18,221853,0.0,16,0,0,0
3151,8406,SV,2025-10-18,221854,3.95,16,4259,0,0
3151,8406,SV,2025-10-18,221855,5.53,0,1420,0,0
3151,8406,SV,2025-10-18,221856,7.72,8,4259,0,0
3151,8406,SV,2025-10-18,221858,0.0,0,0,0,0
3151,8406,SV,2025-10-18,221859,3.75,0,8518,0,2
3151,8406,SV,2025-10-18,221860,1.56,0,2839,1,1
3151,8406,SV,2025-10-18,223768,0.0,0,0,0,0
3151,8406,SV,2025-10-18,223769,3.31,0,1420,0,0
3151,8406,SV,2025-10-18,223770,2.22,0,2839,0,0
3151,8406,SV,2025-10-18,224161,0.52,0,1420,1,2
3151,8406,SV,2025-10-18,224162,0.0,0,0,0,1
3151,8406,SV,2025-10-18,224163,0.0,0,0,0,0
3151,8406,SV,2025-10-18,224164,0.0,0,0,0,1
3151,8406,SV,2025-10-18,224165,0.0,0,0,1,2
3151,8406,SV,2025-10-18,224166,0.0,0,0,0,0
1251,7927,CL,2025-10-19,203179,0.0,0,0,0,0
1251,7927,CL,2025-10-19,203180,2.3,0,1462,0,0
1251,7927,CL,2025-10-19,203181,0.65,0,1462,1,1
1251,7927,CL,2025-10-19,203182,1.42,0,1462,0,1
1251,7927,CL,2025-10-19,203183,0.0,0,0,0,0
1251,7927,CL,2025-10-19,203184,0.0,0,0,0,0
1251,7927,CL,2025-10-19,203185,6.18,26,8775,0,1
1251,7927,CL,2025-10-19,203186,8.59,0,4387,0,0
1251,7927,CL,2025-10-19,203187,0.0,0,0,0,0
1251,7927,CL,2025-10-19,203188,14.63,18,17549,0,0
1251,7927,CL,2025-10-19,203189,0.0,0,0,0,0
1251,7927,CL,2025-10-19,203190,0.0,0,0,0,0
1251,7927,CL,2025-10-19,203191,2.25,0,5850,0,1
1251,7927,CL,2025-10-19,203192,6.69,9,7312,0,1
1251,7927,CL,2025-10-19,203193,12.65,9,13162,0,0
1251,7927,CL,2025-10-19,203195,24.78,26,24861,0,0
1251,7927,CL,2025-10-19,203196,2.9,0,4387,0,1
1251,7927,CL,2025-10-19,203197,0.0,0,0,0,0
1251,7927,CL,2025-10-19,203198,3.16,26,2925,0,0
1251,7927,CL,2025-10-19,203199,13.85,18,23399,1,2
1251,7927,CL,2025-10-19,212691,0.0,0,0,0,0
1251,7927,CL,2025-10-19,212692,1.33,0,4387,0,0
1251,7927,CL,2025-10-19,212693,0.0,0,0,0,0
1251,7927,CL,2025-10-19,212694,2.23,0,10237,0,0
1251,7927,CL,2025-10-19,212695,0.27,0,1462,0,0
1251,7927,CL,2025-10-19,215780,0.0,0,0,0,0
1251,7927,CL,2025-10-19,215781,0.27,0,1462,0,0
1251,7927,CL,2025-10-19,215782,0.0,0,0,0,0
1251,7927,CL,2025-10-19,215783,9.63,9,5850,0,0
1251,7927,CL,2025-10-19,215784,0.44,0,1462,0,0
1251,7927,CL,2025-10-19,215785,0.0,9,0,0,0
1251,7927,CL,2025-10-19,215786,0.0,0,0,0,0
1251,7927,CL,2025-10-19,215787,1.62,0,7312,0,0
1251,7927,CL,2025-10-19,215788,0.75,0,2925,0,0
1251,7927,CL,2025-10-19,215790,0.0,0,0,0,0
1251,7927,CL,2025-10-19,215791,0.0,0,0,1,1
1251,7927,CL,2025-10-19,215792,0.86,18,4387,0,0
1251,7927,CL,2025-10-19,215793,2.73,9,8775,0,1
1251,7927,CL,2025-10-19,215794,0.17,0,1462,0,0
1251,7927,CL,2025-10-19,220204,0.0,0,0,0,0
1251,7927,CL,2025-10-19,220205,0.72,0,1462,0,0
1251,7927,CL,2025-10-19,220206,0.0,0,0,0,1
1251,7927,CL,2025-10-19,220207,4.12,9,17549,0,0
1251,7927,CL,2025-10-19,220208,0.0,0,0,0,0
1251,7927,CL,2025-10-19,222574,4.68,53,7312,0,1
1251,7927,CL,2025-10-19,222575,3.41,0,4387,0,1
1251,7927,CL,2025-10-19,222576,43.5,44,70196,0,2
1251,7518,CR,2025-10-19,197743,19.88,9,10237,1,1
1251,7518,CR,2025-10-19,197744,60.27,545,17549,2,4
1251,7518,CR,2025-10-19,197745,21.12,132,42410,0,1
1251,7518,CR,2025-10-19,199813,0.0,0,0,0,0
1251,7518,CR,2025-10-19,199814,19.99,0,13162,1,2
1251,7518,CR,2025-10-19,199815,8.84,105,5850,0,0
1251,7518,CR,2025-10-19,199816,15.61,35,5850,0,0
1251,7518,CR,2025-10-19,199817,21.34,141,40948,0,0
1251,7518,CR,2025-10-19,199819,1.46,18,1462,0,0
1251,7518,CR,2025-10-19,199820,61.04,26,48260,0,2
1251,7518,CR,2025-10-19,199821,4.43,0,2925,0,0
1251,7518,CR,2025-10-19,199822,6.06,18,5850,3,3
1251,7518,CR,2025-10-19,199880,1.94,0,1462,0,0
1251,7518,CR,2025-10-19,199881,5.86,0,2925,0,0
1251,7518,CR,2025-10-19,199882,29.15,44,8775,0,1
1251,7518,CR,2025-10-19,199883,55.68,18,46797,0,3
1251,7518,CR,2025-10-19,199884,2.87,0,4387,0,0
1251,7518,CR,2025-10-19,199886,3.34,53,10237,0,0
1251,7518,CR,2025-10-19,206121,7.15,0,7312,0,0
1251,7518,CR,2025-10-19,206122,0.51,18,1462,0,0
1251,7518,CR,2025-10-19,206123,27.44,26,5850,0,0
1251,7518,CR,2025-10-19,206124,85.95,26,35098,0,2
1251,7518,CR,2025-10-19,206125,22.05,44,21936,0,0
1251,7518,CR,2025-10-19,206127,1.66,9,2925,0,0
1251,7518,CR,2025-10-19,209137,5.08,9,2925,0,0
1251,7518,CR,2025-10-19,209138,0.0,0,0,0,0
1251,7518,CR,2025-10-19,209139,29.33,61,23399,1,2
1251,7518,CR,2025-10-19,209140,23.73,9,13162,0,1
1251,7518,CR,2025-10-19,209141,114.94,53,87745,3,8
1251,7518,CR,2025-10-19,210923,0.0,0,0,0,0
1251,7518,CR,2025-10-19,210924,7.11,0,10237,0,1
1251,7518,CR,2025-10-19,210925,37.65,255,13162,2,2
1251,7518,CR,2025-10-19,210926,77.5,88,70196,0,0
1251,7518,CR,2025-10-19,210927,21.99,26,17549,0,0
1251,7518,CR,2025-10-19,210929,11.17,26,8775,0,2
1251,7518,CR,2025-10-19,211373,13.72,44,16087,0,0
1251,7518,CR,2025-10-19,211374,0.0,26,0,0,0
1251,7518,CR,2025-10-19,211375,6.56,53,8775,0,1
1251,7518,CR,2025-10-19,211376,8.61,26,5850,1,0
1251,7518,CR,2025-10-19,211377,120.62,97,45335,1,1
1251,7518,CR,2025-10-19,211378,6.02,18,4387,0,0
1251,7518,CR,2025-10-19,211379,8.7,18,13162,0,0
1251,7518,CR,2025-10-19,211380,3.13,26,5850,1,1
1251,7518,CR,2025-10-19,211381,103.58,9,14624,0,1
1251,7518,CR,2025-10-19,211382,0.0,0,0,0,0
1251,7518,CR,2025-10-19,211384,5.47,18,4387,0,0
1251,7518,CR,2025-10-19,212697,16.37,0,5850,0,0
1251,7518,CR,2025-10-19,212698,16.87,35,13162,1,1
1251,7518,CR,2025-10-19,212699,2.2,0,4387,0,0
1251,7518,CR,2025-10-19,212700,47.98,114,45335,1,1
1251,7518,CR,2025-10-19,212701,3.05,35,10237,0,0
1251,7518,CR,2025-10-19,212703,11.0,44,14624,0,1
1251,7518,CR,2025-10-19,215717,1.4,0,2925,0,0
1251,7518,CR,2025-10-19,215718,0.0,0,0,0,0
1251,7518,CR,2025-10-19,215719,17.33,0,8775,0,1
1251,7518,CR,2025-10-19,215720,2.32,53,1462,0,1
1251,7518,CR,2025-10-19,215721,48.09,44,26324,1,1
1251,7518,CR,2025-10-19,215722,0.0,0,0,0,0
1251,7518,CR,2025-10-19,215723,0.0,0,0,0,0
1251,7518,CR,2025-10-19,215724,129.41,105,153554,1,4
1251,7518,CR,2025-10-19,215725,9.7,35,8775,0,1
1251,7518,CR,2025-10-19,215726,28.31,167,10237,1,3
1251,7518,CR,2025-10-19,215727,11.48,0,8775,0,0
1251,7518,CR,2025-10-19,215728,10.73,9,1462,0,0
1251,7518,CR,2025-10-19,215731,4.48,0,1462,0,0
1251,7518,CR,2025-10-19,215732,4.24,0,4387,0,0
1251,7518,CR,2025-10-19,215733,6.64,26,13162,0,0
1251,7518,CR,2025-10-19,215734,3.46,0,4387,0,0
1251,7518,CR,2025-10-19,215735,22.32,9,14624,0,1
1251,7518,CR,2025-10-19,221218,2.59,0,2925,0,0
1251,7518,CR,2025-10-19,221219,15.69,79,13162,0,0
1251,7518,CR,2025-10-19,221220,11.35,0,7312,0,0
1251,7518,CR,2025-10-19,221221,21.03,53,19011,0,1
1251,7518,CR,2025-10-19,221222,7.17,0,5850,0,0
1251,7520,EC,2025-10-19,169629,9.17,79,8775,0,0
1251,7520,EC,2025-10-19,169630,1.2,44,1462,0,0
1251,7520,EC,2025-10-19,169631,11.56,18,13162,0,1
1251,7520,EC,2025-10-19,169632,5.1,0,5850,0,1
1251,7520,EC,2025-10-19,169634,0.0,0,0,0,0
1251,7520,EC,2025-10-19,169635,0.0,0,0,0,0
1251,7520,EC,2025-10-19,169642,8.81,18,7312,1,1
1251,7520,EC,2025-10-19,169643,8.98,18,4387,0,0
1251,7520,EC,2025-10-19,169644,20.58,35,27786,0,2
1251,7520,EC,2025-10-19,169645,0.0,18,0,0,1
1251,7520,EC,2025-10-19,169647,1.98,9,2925,0,0
1251,7520,EC,2025-10-19,169648,0.0,0,0,0,0
1251,7520,EC,2025-10-19,169649,0.0,0,0,0,0
1251,7520,EC,2025-10-19,169650,0.0,0,0,0,0
1251,7520,EC,2025-10-19,169651,17.92,53,20474,0,1
1251,7520,EC,2025-10-19,169652,0.75,18,1462,1,2
1251,7520,EC,2025-10-19,169654,1.1,0,1462,0,0
1251,7520,EC,2025-10-19,169655,0.29,0,1462,0,0
1251,7520,EC,2025-10-19,169656,0.42,9,1462,0,0
1251,7520,EC,2025-10-19,169657,0.2,9,1462,0,0
1251,7520,EC,2025-10-19,169658,0.0,0,0,0,0
1251,7520,EC,2025-10-19,169659,0.31,9,1462,0,0
1251,7520,EC,2025-10-19,169660,0.0,9,0,0,0
1251,7520,EC,2025-10-19,169662,3.54,0,4387,0,1
1251,7520,EC,2025-10-19,171430,0.0,0,0,0,0
1251,7520,EC,2025-10-19,171431,0.0,0,0,0,0
1251,7520,EC,2025-10-19,171433,3.67,9,4387,0,0
1251,7520,EC,2025-10-19,178393,1.78,0,5850,0,0
1251,7520,EC,2025-10-19,178394,0.91,9,1462,0,0
1251,7520,EC,2025-10-19,178395,1.81,0,2925,0,0
1251,7520,EC,2025-10-19,178397,0.0,0,0,0,0
1251,7520,EC,2025-10-19,178400,0.0,0,0,0,0
1251,7520,EC,2025-10-19,178401,0.0,0,0,0,0
1251,7520,EC,2025-10-19,178402,0.75,0,1462,0,0
1251,7520,EC,2025-10-19,178406,0.0,0,0,0,0
1251,7520,EC,2025-10-19,185841,1.48,0,1462,0,0
1251,7520,EC,2025-10-19,185842,0.0,0,0,0,0
1251,7520,EC,2025-10-19,185843,0.0,0,0,0,0
1251,7520,EC,2025-10-19,185844,0.0,9,0,0,0
1251,7520,EC,2025-10-19,185847,0.0,0,0,0,0
1251,7520,EC,2025-10-19,185862,0.0,9,0,0,0
1251,7520,EC,2025-10-19,185863,0.0,0,0,0,0
1251,7520,EC,2025-10-19,185865,0.62,0,2925,0,0
1251,7520,EC,2025-10-19,185866,0.0,0,0,0,0
1251,7520,EC,2025-10-19,185867,0.0,9,0,0,0
1251,7520,EC,2025-10-19,185883,4.58,0,2925,0,1
1251,7520,EC,2025-10-19,185884,0.0,0,0,0,0
1251,7520,EC,2025-10-19,185885,0.58,9,1462,0,0
1251,7520,EC,2025-10-19,185886,1.48,0,1462,0,0
1251,7520,EC,2025-10-19,185889,0.0,0,0,0,0
1251,7520,EC,2025-10-19,185895,2.64,0,5850,0,0
1251,7520,EC,2025-10-19,185897,0.0,0,0,0,0
1251,7520,EC,2025-10-19,185900,0.0,0,0,0,0
1251,7520,EC,2025-10-19,193178,0.0,0,0,0,0
1251,7520,EC,2025-10-19,193179,4.85,0,1462,0,0
1251,7520,EC,2025-10-19,198841,0.0,0,0,0,0
1251,7520,EC,2025-10-19,198842,0.0,0,0,0,0
1251,7520,EC,2025-10-19,198843,0.0,0,0,0,1
1251,7520,EC,2025-10-19,198844,1.93,9,5850,0,0
1251,7520,EC,2025-10-19,198847,0.38,0,1462,0,0
1251,7520,EC,2025-10-19,199723,1.97,0,5850,0,0
1251,7520,EC,2025-10-19,199724,19.61,18,32173,3,8
1251,7520,EC,2025-10-19,199725,2.11,26,1462,0,1
1251,7520,EC,2025-10-19,199727,0.0,0,0,0,0
1251,7520,EC,2025-10-19,199729,1.11,18,1462,0,0
1251,7520,EC,2025-10-19,200172,0.94,9,2925,0,0
1251,7520,EC,2025-10-19,200173,11.61,53,17549,1,3
1251,7520,EC,2025-10-19,200174,2.2,9,4387,0,0
1251,7520,EC,2025-10-19,200175,12.48,26,35098,5,7
1251,7520,EC,2025-10-19,200176,0.0,0,0,1,1
1251,7520,EC,2025-10-19,200178,6.94,44,11699,0,0
1251,7520,EC,2025-10-19,206105,0.22,0,1462,0,0
1251,7520,EC,2025-10-19,206106,3.87,18,7312,0,2
1251,7520,EC,2025-10-19,206107,5.04,18,4387,1,1
1251,7520,EC,2025-10-19,206108,13.11,9,30711,2,4
1251,7520,EC,2025-10-19,206109,0.44,0,1462,0,0
1251,7520,EC,2025-10-19,206111,0.72,0,2925,0,0
1251,7520,EC,2025-10-19,206947,4.52,18,2925,0,0
1251,7520,EC,2025-10-19,206948,13.08,18,8775,0,2
1251,7520,EC,2025-10-19,215739,0.0,0,0,0,0
1251,7520,EC,2025-10-19,215742,0.0,0,0,0,0
1251,7520,EC,2025-10-19,215744,3.2,18,4387,0,0
1251,7520,EC,2025-10-19,215745,0.0,9,0,0,0
1251,7520,EC,2025-10-19,215747,0.0,0,0,0,0
1251,7520,EC,2025-10-19,215748,0.0,0,0,0,1
1251,7520,EC,2025-10-19,215750,1.69,0,1462,0,0
1251,7520,EC,2025-10-19,215751,1.17,0,2925,0,0
1251,7520,EC,2025-10-19,215752,0.33,9,1462,0,0
1251,7520,EC,2025-10-19,215753,0.76,0,1462,0,0
1251,7520,EC,2025-10-19,215755,11.65,0,1462,0,0
1251,7520,EC,2025-10-19,215756,0.0,0,0,0,0
1251,7520,EC,2025-10-19,215757,0.0,9,0,0,0
1251,7520,EC,2025-10-19,215758,0.0,0,0,0,0
1251,7520,EC,2025-10-19,215760,0.0,0,0,0,0
1251,7520,EC,2025-10-19,215761,0.0,0,0,0,0
1251,7520,EC,2025-10-19,215762,1.17,0,1462,0,0
1251,7520,EC,2025-10-19,215763,1.88,9,2925,0,0
1251,7520,EC,2025-10-19,215764,0.23,0,1462,0,0
1251,7520,EC,2025-10-19,215765,0.0,0,0,0,0
1251,7520,EC,2025-10-19,215767,0.0,0,0,0,0
1251,7520,EC,2025-10-19,215768,3.81,35,1462,0,0
1251,7520,EC,2025-10-19,215769,0.0,0,0,0,0
1251,7520,EC,2025-10-19,215770,0.0,0,0,0,0
1251,7520,EC,2025-10-19,215772,2.44,0,1462,1,1
1251,7520,EC,2025-10-19,215773,0.0,9,0,0,0
1251,7520,EC,2025-10-19,215774,0.53,0,4387,0,0
1251,7520,EC,2025-10-19,215775,0.0,0,0,0,0
1251,7520,EC,2025-10-19,215776,0.0,0,0,0,0
1251,7520,EC,2025-10-19,215777,0.31,0,1462,0,0
1251,7520,EC,2025-10-19,215778,10.72,0,24861,0,1
1251,7520,EC,2025-10-19,215779,2.35,0,2925,1,1
1251,7520,EC,2025-10-19,222498,37.34,70,26324,0,2
1251,7520,EC,2025-10-19,222499,31.02,61,48260,2,6
1251,7520,EC,2025-10-19,222500,16.22,237,16087,1,1
1252,7521,EC,2025-10-19,169776,0.0,9,0,0,0
1252,7521,EC,2025-10-19,169777,4.71,9,11699,2,2
1252,7521,EC,2025-10-19,169778,1.62,0,1462,0,1
1252,7521,EC,2025-10-19,169779,8.34,18,7312,0,1
1252,7521,EC,2025-10-19,169780,2.01,0,1462,0,0
1252,7521,EC,2025-10-19,169782,5.59,61,2925,0,0
1252,7521,EC,2025-10-19,180358,0.0,0,0,0,0
1252,7521,EC,2025-10-19,180359,6.74,0,1462,0,0
1252,7521,EC,2025-10-19,180360,17.33,26,16087,0,3
1252,7521,EC,2025-10-19,180361,4.82,0,1462,0,0
1252,7521,EC,2025-10-19,180363,0.0,0,0,0,0
1252,7521,EC,2025-10-19,198765,1.25,0,1462,0,0
1252,7521,EC,2025-10-19,198766,0.0,9,0,0,0
1252,7521,EC,2025-10-19,198767,16.66,9,4387,0,0
1252,7521,EC,2025-10-19,198768,47.82,44,51185,1,4
1252,7521,EC,2025-10-19,198769,0.41,0,1462,0,0
1252,7521,EC,2025-10-19,198772,0.0,0,0,0,0
1252,7521,EC,2025-10-19,198773,11.43,44,10237,0,0
1252,7521,EC,2025-10-19,198774,0.95,9,1462,0,0
1252,7521,EC,2025-10-19,198775,3.32,9,1462,0,0
1252,7521,EC,2025-10-19,198776,0.0,0,0,0,0
1252,7521,EC,2025-10-19,198778,1.1,26,1462,0,0
1252,7521,EC,2025-10-19,198779,0.0,0,0,0,0
1252,7521,EC,2025-10-19,198780,8.58,9,5850,0,0
1252,7521,EC,2025-10-19,198781,4.19,44,4387,0,0
1252,7521,EC,2025-10-19,198782,9.87,44,10237,0,1
1252,7521,EC,2025-10-19,198783,30.95,35,19011,0,2
1252,7521,EC,2025-10-19,198799,0.0,0,0,0,0
1252,7521,EC,2025-10-19,198800,13.4,18,19011,0,0
1252,7521,EC,2025-10-19,198801,1.91,18,4387,0,0
1252,7521,EC,2025-10-19,198802,7.25,18,8775,0,3
1252,7521,EC,2025-10-19,198803,0.0,0,0,0,0
1252,7521,EC,2025-10-19,198805,0.0,0,0,1,1
1252,7521,EC,2025-10-19,211158,0.0,9,0,0,0
1252,7521,EC,2025-10-19,211159,5.64,0,1462,0,0
1252,7521,EC,2025-10-19,211160,0.0,0,0,0,0
1252,7521,EC,2025-10-19,211161,18.56,44,13162,0,0
1252,7521,EC,2025-10-19,211162,4.69,0,4387,0,0
1252,7521,EC,2025-10-19,211164,0.0,0,0,0,0
1252,7521,EC,2025-10-19,214312,0.0,0,0,0,0
1252,7521,EC,2025-10-19,214314,0.0,0,0,0,0
1252,7521,EC,2025-10-19,215274,0.0,0,0,0,0
1252,7521,EC,2025-10-19,215275,1.21,9,2925,0,0
1252,7521,EC,2025-10-19,215276,14.13,97,11699,0,0
1252,7521,EC,2025-10-19,215277,18.17,9,11699,2,4
1252,7521,EC,2025-10-19,215278,0.0,9,0,0,0
1252,7521,EC,2025-10-19,215280,2.74,53,4387,0,1
1252,7521,EC,2025-10-19,221211,0.0,0,0,0,1
1252,7521,EC,2025-10-19,221212,8.29,9,5850,0,0
1252,7521,EC,2025-10-19,221213,7.65,18,1462,0,0
1252,7521,EC,2025-10-19,221214,4.88,9,8775,0,0
1252,7521,EC,2025-10-19,221215,2.86,0,5850,0,1
1252,7521,EC,2025-10-19,221217,0.0,0,0,0,0
1252,7522,EC,2025-10-19,169698,0.48,0,1462,0,0
1252,7522,EC,2025-10-19,169699,0.0,9,0,0,0
1252,7522,EC,2025-10-19,169700,2.38,9,1462,0,0
1252,7522,EC,2025-10-19,169701,0.16,0,1462,0,0
1252,7522,EC,2025-10-19,169702,1.0,0,1462,0,0
1252,7522,EC,2025-10-19,169704,0.0,0,0,0,0
1252,7522,EC,2025-10-19,169719,0.19,0,1462,0,0
1252,7522,EC,2025-10-19,169720,0.0,0,0,0,0
1252,7522,EC,2025-10-19,169721,0.0,9,0,0,0
1252,7522,EC,2025-10-19,169722,2.05,0,2925,1,1
1252,7522,EC,2025-10-19,169723,0.0,0,0,0,0
1252,7522,EC,2025-10-19,169725,0.0,26,0,0,1
1252,7522,EC,2025-10-19,180343,0.0,0,0,0,0
1252,7522,EC,2025-10-19,180344,0.0,0,0,0,0
1252,7522,EC,2025-10-19,180345,0.0,0,0,0,0
1252,7522,EC,2025-10-19,180346,5.82,9,4387,0,0
1252,7522,EC,2025-10-19,180347,0.0,0,0,0,1
1252,7522,EC,2025-10-19,180349,0.0,0,0,0,0
1252,7522,EC,2025-10-19,192876,0.0,0,0,0,0
1252,7522,EC,2025-10-19,192877,2.47,18,1462,0,0
1252,7522,EC,2025-10-19,192878,5.56,26,2925,0,0
1252,7522,EC,2025-10-19,192879,3.76,0,4387,0,1
1252,7522,EC,2025-10-19,192880,0.0,0,0,0,0
1252,7522,EC,2025-10-19,192882,0.0,0,0,0,0
1252,7522,EC,2025-10-19,192884,0.0,0,0,0,0
1252,7522,EC,2025-10-19,192885,0.0,0,0,0,0
1252,7522,EC,2025-10-19,192886,0.0,0,0,0,0
1252,7522,EC,2025-10-19,192890,0.0,0,0,0,0
1252,7522,EC,2025-10-19,192891,4.49,18,2925,0,0
1252,7522,EC,2025-10-19,192892,0.21,0,1462,0,0
1252,7522,EC,2025-10-19,192893,5.07,0,4387,1,1
1252,7522,EC,2025-10-19,192894,1.8,0,1462,0,0
1252,7522,EC,2025-10-19,192896,0.0,18,0,0,0
1252,7522,EC,2025-10-19,192904,0.0,0,0,0,0
1252,7522,EC,2025-10-19,192905,0.2,18,1462,0,0
1252,7522,EC,2025-10-19,192906,0.0,9,0,0,0
1252,7522,EC,2025-10-19,192907,0.34,9,1462,0,4
1252,7522,EC,2025-10-19,192908,0.58,0,1462,0,0
1252,7522,EC,2025-10-19,192910,4.07,26,5850,0,0
1252,7522,EC,2025-10-19,198737,1.52,0,1462,0,0
1252,7522,EC,2025-10-19,198738,0.18,9,1462,0,0
1252,7522,EC,2025-10-19,198739,0.0,9,0,0,0
1252,7522,EC,2025-10-19,198740,7.55,18,10237,0,0
1252,7522,EC,2025-10-19,198741,0.0,0,0,0,0
1252,7522,EC,2025-10-19,198743,0.56,18,1462,1,0
1252,7522,EC,2025-10-19,198744,0.0,0,0,0,0
1252,7522,EC,2025-10-19,198745,4.76,9,2925,0,1
1252,7522,EC,2025-10-19,198746,0.34,9,1462,0,0
1252,7522,EC,2025-10-19,198747,4.91,9,7312,0,2
1252,7522,EC,2025-10-19,198748,0.0,0,0,1,2
1252,7522,EC,2025-10-19,207466,19.28,35,7312,1,1
1252,7522,EC,2025-10-19,207467,43.83,26,24861,0,5
1252,7522,EC,2025-10-19,207470,17.74,9,4387,0,1
1252,7522,EC,2025-10-19,207471,39.95,18,13162,0,1
1252,7522,EC,2025-10-19,213498,0.0,0,0,0,0
1252,7522,EC,2025-10-19,213499,0.94,18,1462,0,1
1252,7522,EC,2025-10-19,213500,0.0,9,0,0,0
1252,7522,EC,2025-10-19,213501,1.28,9,2925,0,0
1252,7522,EC,2025-10-19,213502,0.0,0,0,0,0
1252,7522,EC,2025-10-19,213503,30.79,9,13162,0,0
1252,7522,EC,2025-10-19,213504,5.22,0,2925,0,0
1252,7522,EC,2025-10-19,213505,5.17,9,8775,1,4
1252,7522,EC,2025-10-19,213506,6.68,0,2925,0,0
1252,7522,EC,2025-10-19,214305,4.41,0,1462,0,0
1252,7522,EC,2025-10-19,214306,0.0,0,0,0,0
1252,7522,EC,2025-10-19,214307,5.09,9,8775,1,0
1252,7522,EC,2025-10-19,214308,2.53,18,1462,0,0
1252,7522,EC,2025-10-19,214310,10.05,0,2925,0,2
1252,7522,EC,2025-10-19,218184,0.0,0,0,0,0
1252,7522,EC,2025-10-19,218185,1.32,44,4387,0,2
1252,7522,EC,2025-10-19,218186,0.0,0,0,0,0
1252,7522,EC,2025-10-19,218187,3.38,9,7312,1,1
1252,7522,EC,2025-10-19,218188,1.01,0,1462,0,0
1252,7522,EC,2025-10-19,218191,0.0,0,0,0,0
1252,7522,EC,2025-10-19,218193,0.0,0,0,0,0
1252,7522,EC,2025-10-19,220196,0.0,0,0,0,0
1252,7522,EC,2025-10-19,221015,0.0,0,0,0,0
1252,7522,EC,2025-10-19,221187,0.0,9,0,0,0
1252,7522,EC,2025-10-19,221188,0.0,0,0,0,0
1252,7522,EC,2025-10-19,221189,0.0,0,0,0,0
1252,7522,EC,2025-10-19,221190,0.0,0,0,0,0
1252,7522,EC,2025-10-19,221191,0.0,0,0,0,1
1252,7522,EC,2025-10-19,221193,1.95,0,2925,0,0
1252,7522,EC,2025-10-19,221194,0.0,0,0,0,0
1252,7522,EC,2025-10-19,221195,0.26,0,1462,0,0
1252,7522,EC,2025-10-19,221196,18.71,9,17549,1,2
1252,7522,EC,2025-10-19,221197,0.65,0,1462,0,0
1252,7522,EC,2025-10-19,221198,0.99,0,1462,0,0
1252,7522,EC,2025-10-19,221199,3.53,9,4387,0,1
1252,7522,EC,2025-10-19,221200,15.74,18,8775,0,0
1252,7522,EC,2025-10-19,221201,0.0,26,0,0,1
1252,7522,EC,2025-10-19,221202,0.0,9,0,0,0
1252,7522,EC,2025-10-19,221207,0.0,0,0,0,0
1252,7522,EC,2025-10-19,221209,0.0,9,0,0,0
1252,7522,EC,2025-10-19,221210,0.0,9,0,0,0
1252,7522,EC,2025-10-19,223267,0.0,0,0,0,0
1252,7522,EC,2025-10-19,223268,0.0,9,0,0,0
1252,7522,EC,2025-10-19,223269,4.54,9,4387,0,0
1252,7522,EC,2025-10-19,223270,0.0,9,0,1,0
1252,7522,EC,2025-10-19,223271,0.0,0,0,0,0
1252,7522,EC,2025-10-19,223272,0.0,9,0,0,0
1252,7522,EC,2025-10-19,223273,0.0,9,0,0,0
1252,7522,EC,2025-10-19,223274,0.0,9,0,0,0
1252,7522,EC,2025-10-19,223275,0.0,9,0,0,0
1252,7522,EC,2025-10-19,224104,0.0,0,0,0,0
1252,7522,EC,2025-10-19,224105,19.76,18,5850,1,0
1252,7522,EC,2025-10-19,224106,3.97,18,2925,0,0
1252,7522,EC,2025-10-19,224107,0.0,0,0,0,0
1252,7522,EC,2025-10-19,224108,2.78,9,2925,0,0
1252,7522,EC,2025-10-19,224109,1.61,0,1462,0,0
1252,7522,EC,2025-10-19,224110,0.0,0,0,0,0
1252,7522,EC,2025-10-19,224111,0.0,26,0,0,0
1252,7522,EC,2025-10-19,224112,0.29,18,1462,0,0
1252,7522,EC,2025-10-19,224113,1.86,9,5850,0,0
1252,7522,EC,2025-10-19,224114,0.0,0,0,0,0
1252,7522,EC,2025-10-19,224116,3.2,0,4387,0,0
1252,7522,EC,2025-10-19,224117,0.0,0,0,0,1
1252,7522,EC,2025-10-19,224118,0.0,0,0,0,0
1252,7522,EC,2025-10-19,224119,1.02,9,1462,0,0
1252,7522,EC,2025-10-19,224120,0.0,0,0,0,0
1252,7522,EC,2025-10-19,224122,0.0,0,0,0,0
1252,7522,EC,2025-10-19,224123,0.0,18,0,0,0
1252,7522,EC,2025-10-19,224124,0.0,0,0,0,0
1252,7522,EC,2025-10-19,224125,1.98,9,1462,0,1
1252,7522,EC,2025-10-19,224126,0.0,0,0,0,0
1252,7522,EC,2025-10-19,224128,0.0,0,0,0,1
1252,7522,EC,2025-10-19,224129,0.81,0,1462,0,0
1252,7522,EC,2025-10-19,224130,0.83,0,1462,0,0
1252,7522,EC,2025-10-19,224131,1.4,9,4387,0,0
1252,7522,EC,2025-10-19,224132,0.0,9,0,0,0
1252,7522,EC,2025-10-19,224134,0.0,18,0,0,0
1252,7522,EC,2025-10-19,224135,0.0,0,0,0,0
1252,7522,EC,2025-10-19,224136,0.0,0,0,0,0
1252,7522,EC,2025-10-19,224137,3.97,18,4387,0,1
1252,7522,EC,2025-10-19,224138,11.43,0,2925,0,0
1252,7522,EC,2025-10-19,224139,0.0,0,0,0,0
1252,7522,EC,2025-10-19,224140,0.0,0,0,0,0
1252,7522,EC,2025-10-19,224141,7.43,0,10237,0,0
1252,7522,EC,2025-10-19,224142,0.0,0,0,0,0
1252,7522,EC,2025-10-19,224143,0.0,9,0,0,0
1252,7522,EC,2025-10-19,224144,0.28,0,1462,0,0
1252,7522,EC,2025-10-19,224145,3.53,9,8775,1,1
1252,7522,EC,2025-10-19,224146,4.81,18,5850,0,0
1252,7522,EC,2025-10-19,224150,0.0,0,0,0,0
1252,7522,EC,2025-10-19,224151,2.08,9,1462,0,0
1252,7522,EC,2025-10-19,224153,0.0,0,0,0,0
1251,9092,GT,2025-10-19,222434,3.67,9,4387,0,0
1251,9092,GT,2025-10-19,222435,23.97,0,27786,0,0
1251,9092,GT,2025-10-19,222436,0.0,0,0,0,0
1251,9092,GT,2025-10-19,222437,6.16,53,13162,0,1
1251,9092,GT,2025-10-19,222438,2.0,0,2925,1,1
1251,9092,GT,2025-10-19,222439,0.27,0,1462,0,0
1251,9092,GT,2025-10-19,222440,3.3,0,4387,0,0
1251,9092,GT,2025-10-19,222441,0.0,0,0,0,0
1251,9092,GT,2025-10-19,222442,0.0,0,0,0,0
1251,9092,GT,2025-10-19,222443,6.65,0,8775,1,1
1251,9092,GT,2025-10-19,222444,1.06,9,1462,0,0
1251,9092,GT,2025-10-19,222445,1.84,9,2925,0,0
1251,9092,GT,2025-10-19,222446,0.0,0,0,0,0
1251,9092,GT,2025-10-19,222447,0.0,0,0,0,0
1251,9092,GT,2025-10-19,222448,8.87,9,16087,0,1
1251,9092,GT,2025-10-19,222449,0.0,0,0,0,0
1251,9092,GT,2025-10-19,222450,6.87,0,5850,0,0
1251,9092,GT,2025-10-19,222451,3.05,9,2925,0,0
1251,9092,GT,2025-10-19,222452,4.94,0,2925,0,0
1251,9092,GT,2025-10-19,222453,1.74,0,5850,0,0
1251,9092,GT,2025-10-19,222454,2.35,0,10237,0,0
1251,9092,GT,2025-10-19,222455,2.79,0,4387,0,0
1251,9092,GT,2025-10-19,222456,0.0,9,0,0,0
1251,9092,GT,2025-10-19,222457,23.78,0,4387,0,0
1251,9092,GT,2025-10-19,222458,16.55,9,16087,0,0
1251,9092,GT,2025-10-19,222459,4.72,0,4387,0,0
1251,9092,GT,2025-10-19,222460,6.56,9,7312,0,1
1251,9092,GT,2025-10-19,222461,1.01,0,1462,0,0
1251,9092,GT,2025-10-19,222462,0.27,18,1462,0,0
1251,9092,GT,2025-10-19,222463,5.22,0,8775,0,0
1251,9092,GT,2025-10-19,222464,1.72,9,5850,0,0
1251,9092,GT,2025-10-19,222465,0.0,0,0,0,0
1251,9092,GT,2025-10-19,222466,0.26,9,1462,0,0
1251,9092,GT,2025-10-19,222467,0.0,0,0,0,0
1251,9092,GT,2025-10-19,222468,1.78,0,2925,0,1
1251,9092,GT,2025-10-19,222469,0.0,0,0,0,0
1251,9092,GT,2025-10-19,222470,1.07,44,2925,0,0
1251,9092,GT,2025-10-19,222471,0.0,0,0,0,0
1251,9092,GT,2025-10-19,222472,14.87,26,20474,0,0
3151,8407,GT,2025-10-19,210778,0.0,0,0,0,0
3151,8407,GT,2025-10-19,210779,0.0,9,0,0,1
3151,8407,GT,2025-10-19,210780,0.0,0,0,0,0
3151,8407,GT,2025-10-19,210781,0.46,0,1462,0,0
3151,8407,GT,2025-10-19,210782,0.0,9,0,0,0
3151,8407,GT,2025-10-19,210784,0.0,0,0,0,0
3151,8407,GT,2025-10-19,210792,0.0,0,0,0,0
3151,8407,GT,2025-10-19,210793,1.52,9,1462,0,0
3151,8407,GT,2025-10-19,210794,0.31,0,1462,0,0
3151,8407,GT,2025-10-19,210795,5.44,26,10237,0,0
3151,8407,GT,2025-10-19,210796,0.0,0,0,0,0
3151,8407,GT,2025-10-19,210798,0.0,0,0,0,0
3151,8407,GT,2025-10-19,210805,0.0,0,0,0,0
3151,8407,GT,2025-10-19,210806,0.0,0,0,0,0
3151,8407,GT,2025-10-19,210807,1.31,9,1462,0,0
3151,8407,GT,2025-10-19,210808,1.15,0,4387,0,0
3151,8407,GT,2025-10-19,210809,0.9,0,1462,0,0
3151,8407,GT,2025-10-19,210811,1.15,26,2925,0,1
3151,8407,GT,2025-10-19,214324,0.0,0,0,0,0
3151,8407,GT,2025-10-19,215817,0.0,0,0,0,0
3151,8407,GT,2025-10-19,215819,0.91,0,1462,0,0
3151,8407,GT,2025-10-19,215820,3.0,9,5850,0,0
3151,8407,GT,2025-10-19,215821,0.0,0,0,0,0
3151,8407,GT,2025-10-19,215822,0.0,0,0,0,0
3151,8407,GT,2025-10-19,215823,0.0,0,0,0,0
3151,8407,GT,2025-10-19,218623,0.0,0,0,0,0
3151,8407,GT,2025-10-19,218624,0.0,0,0,0,0
3151,8407,GT,2025-10-19,218625,2.99,0,1462,0,0
3151,8407,GT,2025-10-19,218626,3.07,0,7312,0,0
3151,8407,GT,2025-10-19,218627,4.0,0,1462,0,0
3151,8407,GT,2025-10-19,218629,1.22,0,1462,0,1
3151,8407,GT,2025-10-19,219237,0.0,0,0,0,0
3151,8407,GT,2025-10-19,219238,0.0,0,0,0,1
3151,8407,GT,2025-10-19,219239,0.48,0,1462,0,0
3151,8407,GT,2025-10-19,219240,0.56,0,1462,0,0
3151,8407,GT,2025-10-19,219241,0.0,0,0,0,0
3151,8407,GT,2025-10-19,219243,0.84,0,1462,0,0
3151,8407,GT,2025-10-19,221223,0.0,9,0,0,0
3151,8407,GT,2025-10-19,221224,1.6,0,2925,0,0
3151,8407,GT,2025-10-19,221225,1.61,0,4387,0,0
3151,8407,GT,2025-10-19,221226,1.92,0,1462,0,0
3151,8407,GT,2025-10-19,221227,0.91,0,1462,0,0
3151,8407,GT,2025-10-19,221229,0.93,0,1462,0,0
3151,8407,GT,2025-10-19,221230,0.0,0,0,0,0
3151,8407,GT,2025-10-19,221231,0.0,0,0,0,1
3151,8407,GT,2025-10-19,221232,0.0,0,0,0,0
3151,8407,GT,2025-10-19,221233,9.5,18,11699,0,0
3151,8407,GT,2025-10-19,221234,0.0,0,0,0,0
3151,8407,GT,2025-10-19,221236,4.67,0,1462,0,0
3151,8407,GT,2025-10-19,221238,2.03,0,1462,0,0
3151,8407,GT,2025-10-19,221239,0.0,0,0,0,0
3151,8407,GT,2025-10-19,221240,4.62,9,7312,0,0
3151,8407,GT,2025-10-19,221241,0.0,0,0,0,0
3151,8407,GT,2025-10-19,221827,0.0,0,0,0,0
3151,8407,GT,2025-10-19,221829,0.0,0,0,0,0
3151,8407,GT,2025-10-19,221832,0.0,0,0,0,0
3151,8407,GT,2025-10-19,223278,0.0,0,0,0,0
3151,8407,GT,2025-10-19,223279,2.25,18,4387,0,0
3151,8407,GT,2025-10-19,223280,0.93,9,1462,0,0
3151,8407,GT,2025-10-19,223281,5.68,9,4387,0,0
3151,8407,GT,2025-10-19,223282,2.12,0,5850,0,0
3151,8407,GT,2025-10-19,223284,1.71,0,4387,0,0
3151,8407,GT,2025-10-19,223771,0.54,0,1462,0,0
3151,8407,GT,2025-10-19,223772,1.42,0,2925,0,1
3151,8407,GT,2025-10-19,223773,3.54,18,5850,0,1
3151,8407,GT,2025-10-19,224154,0.0,0,0,0,0
3151,8407,GT,2025-10-19,224155,0.0,0,0,0,0
3151,8407,GT,2025-10-19,224156,2.67,0,1462,0,1
3151,8407,GT,2025-10-19,224157,0.0,18,0,0,1
3151,8407,GT,2025-10-19,224158,0.23,0,1462,0,0
3151,8407,GT,2025-10-19,224160,0.0,0,0,0,0
1251,9126,HN,2025-10-19,223902,0.62,0,2925,0,0
1251,9126,HN,2025-10-19,223903,8.45,26,14624,0,1
1251,9126,HN,2025-10-19,223904,4.51,9,4387,0,0
1251,9126,HN,2025-10-19,223905,6.12,44,10237,0,0
1251,9126,HN,2025-10-19,223906,4.87,53,14624,0,1
1251,9126,HN,2025-10-19,223907,0.0,0,0,0,0
1251,9126,HN,2025-10-19,223908,7.11,9,4387,0,0
1251,9126,HN,2025-10-19,223909,2.35,9,7312,0,0
1251,9126,HN,2025-10-19,223910,11.4,61,21936,0,0
1251,9126,HN,2025-10-19,223911,1.84,26,7312,0,0
1251,9126,HN,2025-10-19,223912,0.0,0,0,0,0
1251,9126,HN,2025-10-19,223913,0.17,26,1462,0,0
1251,9126,HN,2025-10-19,223914,0.0,0,0,0,0
1251,9126,HN,2025-10-19,223915,5.87,70,21936,0,0
1251,9126,HN,2025-10-19,223916,4.04,35,5850,0,0
1251,9126,HN,2025-10-19,223917,0.34,0,1462,0,0
1251,9126,HN,2025-10-19,223918,0.0,0,0,0,0
1251,9126,HN,2025-10-19,223919,0.92,9,1462,0,0
1251,9126,HN,2025-10-19,223920,0.44,0,1462,0,0
1251,9126,HN,2025-10-19,223921,0.66,9,2925,0,0
1251,9126,HN,2025-10-19,223922,2.17,0,2925,0,0
1251,9126,HN,2025-10-19,223923,0.3,35,1462,0,0
1251,9126,HN,2025-10-19,223924,2.51,9,10237,0,0
1251,9126,HN,2025-10-19,223925,5.07,18,14624,0,0
1251,9126,HN,2025-10-19,223926,3.94,44,17549,0,0
1251,9126,HN,2025-10-19,223927,0.0,9,0,0,0
1251,9126,HN,2025-10-19,223928,1.44,0,5850,0,0
1251,9126,HN,2025-10-19,223929,2.29,0,2925,0,0
1251,9126,HN,2025-10-19,223930,2.86,9,4387,0,0
1251,9126,HN,2025-10-19,223931,1.25,9,2925,0,0
1251,9126,HN,2025-10-19,223932,0.18,0,1462,0,0
1251,9126,HN,2025-10-19,223933,3.52,35,4387,0,0
1251,9126,HN,2025-10-19,223934,1.0,0,1462,0,0
1251,9126,HN,2025-10-19,223935,3.25,0,8775,0,0
1251,9126,HN,2025-10-19,223936,0.0,0,0,0,0
1847,7523,HN,2025-10-19,207904,0.91,0,1462,0,0
1847,7523,HN,2025-10-19,207905,0.0,0,0,0,0
1847,7523,HN,2025-10-19,207906,3.6,35,8775,0,0
1847,7523,HN,2025-10-19,207907,5.01,0,13162,0,0
1847,7523,HN,2025-10-19,207908,1.04,0,2925,0,0
1847,7523,HN,2025-10-19,207910,0.0,9,0,0,0
1847,7523,HN,2025-10-19,211405,0.17,0,1462,0,0
1847,7523,HN,2025-10-19,211406,1.1,0,2925,0,0
1847,7523,HN,2025-10-19,211408,5.92,9,14624,1,0
1847,7523,HN,2025-10-19,211409,0.35,0,1462,0,0
1847,7523,HN,2025-10-19,211411,0.0,26,0,0,0
1847,7523,HN,2025-10-19,211412,0.0,0,0,0,0
1847,7523,HN,2025-10-19,211413,0.76,26,2925,0,0
1847,7523,HN,2025-10-19,211414,11.52,9,5850,0,0
1847,7523,HN,2025-10-19,211415,18.45,26,16087,0,1
1847,7523,HN,2025-10-19,211416,0.99,0,4387,0,0
1847,7523,HN,2025-10-19,211418,1.9,18,4387,0,2
1847,7523,HN,2025-10-19,219999,0.0,0,0,0,0
1847,7523,HN,2025-10-19,220000,0.48,18,1462,0,0
1847,7523,HN,2025-10-19,220001,2.45,0,4387,0,1
1847,7523,HN,2025-10-19,220002,9.12,35,19011,0,2
1847,7523,HN,2025-10-19,220003,0.63,0,1462,0,0
1847,7523,HN,2025-10-19,220005,0.0,9,0,0,0
1847,7523,HN,2025-10-19,223395,0.0,0,0,0,0
1847,7523,HN,2025-10-19,223396,0.0,9,0,0,0
1847,7523,HN,2025-10-19,223397,0.86,0,4387,0,0
1251,7519,PE,2025-10-19,179932,0.0,0,0,0,0
1251,7519,PE,2025-10-19,179933,1.0,9,4387,0,0
1251,7519,PE,2025-10-19,179934,7.94,26,14624,0,0
1251,7519,PE,2025-10-19,179935,13.78,9,33636,0,3
1251,7519,PE,2025-10-19,179936,2.59,0,7312,0,0
1251,7519,PE,2025-10-19,179938,6.49,26,20474,0,1
1251,7519,PE,2025-10-19,179955,0.0,0,0,0,0
1251,7519,PE,2025-10-19,179956,0.0,0,0,0,0
1251,7519,PE,2025-10-19,179957,4.38,0,2925,1,0
1251,7519,PE,2025-10-19,179958,6.85,0,8775,1,1
1251,7519,PE,2025-10-19,179959,0.44,0,1462,0,0
1251,7519,PE,2025-10-19,180031,0.0,0,0,0,0
1251,7519,PE,2025-10-19,180032,0.0,9,0,0,0
1251,7519,PE,2025-10-19,180033,0.0,0,0,0,0
1251,7519,PE,2025-10-19,180034,0.0,0,0,0,0
1251,7519,PE,2025-10-19,180035,0.0,0,0,0,0
1251,7519,PE,2025-10-19,180037,0.0,0,0,0,0
1251,7519,PE,2025-10-19,180044,0.0,0,0,0,0
1251,7519,PE,2025-10-19,180045,0.0,0,0,0,0
1251,7519,PE,2025-10-19,180046,0.0,0,0,0,0
1251,7519,PE,2025-10-19,180047,0.69,0,1462,1,1
1251,7519,PE,2025-10-19,180048,0.0,0,0,0,0
1251,7519,PE,2025-10-19,180049,0.0,0,0,0,0
1251,7519,PE,2025-10-19,180050,0.0,0,0,0,0
1251,7519,PE,2025-10-19,180051,0.0,0,0,0,0
1251,7519,PE,2025-10-19,180052,0.0,0,0,0,0
1251,7519,PE,2025-10-19,180053,0.0,0,0,1,0
1251,7519,PE,2025-10-19,185056,0.99,0,1462,0,0
1251,7519,PE,2025-10-19,185057,3.53,0,2925,0,0
1251,7519,PE,2025-10-19,185058,1.86,9,5850,0,0
1251,7519,PE,2025-10-19,185059,6.57,9,7312,0,1
1251,7519,PE,2025-10-19,185060,3.71,9,8775,0,0
1251,7519,PE,2025-10-19,198818,0.26,0,1462,0,0
1251,7519,PE,2025-10-19,198819,3.56,18,8775,0,0
1251,7519,PE,2025-10-19,198820,0.34,0,1462,0,1
1251,7519,PE,2025-10-19,198821,21.4,44,48260,2,5
1251,7519,PE,2025-10-19,198822,1.58,0,4387,0,0
1251,7519,PE,2025-10-19,199628,0.0,0,0,0,0
1251,7519,PE,2025-10-19,199629,1.54,18,4387,0,1
1251,7519,PE,2025-10-19,199630,4.35,9,8775,0,1
1251,7519,PE,2025-10-19,199631,10.0,9,19011,0,0
1251,7519,PE,2025-10-19,199632,0.0,0,0,0,3
1251,7519,PE,2025-10-19,199709,0.0,0,0,0,0
1251,7519,PE,2025-10-19,199710,0.0,0,0,0,0
1251,7519,PE,2025-10-19,199711,0.0,0,0,0,0
1251,7519,PE,2025-10-19,199712,0.0,0,0,1,0
1251,7519,PE,2025-10-19,199713,0.0,0,0,0,0
1251,7519,PE,2025-10-19,206947,0.0,0,0,0,1
1251,7519,PE,2025-10-19,211297,3.17,0,7312,1,0
1251,7519,PE,2025-10-19,211298,3.22,9,8775,0,0
1251,7519,PE,2025-10-19,211299,1.08,0,5850,0,0
1251,7519,PE,2025-10-19,211300,2.91,0,8775,1,2
1251,7519,PE,2025-10-19,211301,0.0,0,0,0,0
1251,7519,PE,2025-10-19,211302,3.18,9,8775,0,1
1251,7519,PE,2025-10-19,211303,0.0,0,0,0,0
1251,7519,PE,2025-10-19,211304,3.46,9,11699,0,3
1251,7519,PE,2025-10-19,211305,0.96,9,4387,1,0
1251,7519,PE,2025-10-19,211306,1.0,0,2925,0,2
1251,7519,PE,2025-10-19,211307,9.09,9,27786,0,2
1251,7519,PE,2025-10-19,211308,0.0,0,0,0,0
1251,7519,PE,2025-10-19,211309,2.88,18,8775,0,1
1251,7519,PE,2025-10-19,211317,0.75,0,2925,0,0
1251,7519,PE,2025-10-19,211318,0.0,0,0,0,0
1251,7519,PE,2025-10-19,211320,0.64,9,2925,0,0
1251,7519,PE,2025-10-19,211321,5.15,0,16087,0,1
1251,7519,PE,2025-10-19,211323,2.05,0,7312,0,0
1251,7519,PE,2025-10-19,215302,0.0,0,0,0,0
1251,7519,PE,2025-10-19,215303,0.0,0,0,0,0
1251,7519,PE,2025-10-19,215304,0.39,0,1462,0,0
1251,7519,PE,2025-10-19,215305,0.0,0,0,0,0
1251,7519,PE,2025-10-19,215306,0.0,0,0,0,0
1251,7519,PE,2025-10-19,215709,0.7,0,2925,0,0
1251,7519,PE,2025-10-19,215710,4.9,18,14624,2,2
1251,7519,PE,2025-10-19,215711,2.49,0,1462,0,0
1251,7519,PE,2025-10-19,215712,0.21,0,1462,0,0
1251,7519,PE,2025-10-19,215713,1.88,0,2925,0,0
1251,7519,PE,2025-10-19,215714,0.0,0,0,0,0
1251,7519,PE,2025-10-19,215715,0.4,0,1462,0,0
1251,7519,PE,2025-10-19,223426,3.0,9,10237,0,3
1251,7519,PE,2025-10-19,223427,1.12,9,1462,0,1
1251,7519,PE,2025-10-19,223429,3.78,9,7312,0,1
1251,7519,PE,2025-10-19,223430,0.47,0,2925,0,1
1251,7519,PE,2025-10-19,223431,5.47,9,20474,0,2
1251,7519,PE,2025-10-19,223432,10.8,26,35098,0,2
1251,7517,SV,2025-10-19,179004,0.0,0,0,0,0
1251,7517,SV,2025-10-19,179005,2.75,18,2925,0,0
1251,7517,SV,2025-10-19,179006,0.68,9,1462,0,1
1251,7517,SV,2025-10-19,179007,11.86,9,13162,0,0
1251,7517,SV,2025-10-19,179008,0.0,9,0,0,0
1251,7517,SV,2025-10-19,179023,0.0,0,0,0,0
1251,7517,SV,2025-10-19,179024,17.68,18,23399,1,0
1251,7517,SV,2025-10-19,179025,2.44,18,4387,0,2
1251,7517,SV,2025-10-19,179026,19.36,35,33636,0,2
1251,7517,SV,2025-10-19,198877,0.25,0,1462,0,0
1251,7517,SV,2025-10-19,198878,0.0,0,0,0,0
1251,7517,SV,2025-10-19,198879,0.0,0,0,0,0
1251,7517,SV,2025-10-19,198880,5.92,26,10237,1,1
1251,7517,SV,2025-10-19,198881,1.51,0,4387,0,0
1251,7517,SV,2025-10-19,198882,0.0,0,0,0,0
1251,7517,SV,2025-10-19,198883,0.69,18,1462,0,0
1251,7517,SV,2025-10-19,198884,0.0,0,0,0,0
1251,7517,SV,2025-10-19,198885,0.72,18,2925,0,2
1251,7517,SV,2025-10-19,198886,2.63,0,2925,0,0
1251,7517,SV,2025-10-19,198888,4.22,18,1462,0,0
1251,7517,SV,2025-10-19,198889,0.0,0,0,0,0
1251,7517,SV,2025-10-19,198890,0.0,9,0,0,0
1251,7517,SV,2025-10-19,198891,0.0,0,0,0,0
1251,7517,SV,2025-10-19,198892,4.21,18,13162,0,2
1251,7517,SV,2025-10-19,198893,0.0,0,0,0,0
1251,7517,SV,2025-10-19,206128,0.0,0,0,0,0
1251,7517,SV,2025-10-19,206129,0.0,0,0,0,0
1251,7517,SV,2025-10-19,206130,0.0,9,0,0,1
1251,7517,SV,2025-10-19,206131,11.5,9,13162,0,1
1251,7517,SV,2025-10-19,206132,0.0,0,0,0,0
1251,7517,SV,2025-10-19,206133,0.0,0,0,0,0
1251,7517,SV,2025-10-19,206134,0.0,9,0,0,0
1251,7517,SV,2025-10-19,206135,0.0,0,0,0,0
1251,7517,SV,2025-10-19,206136,0.64,0,1462,0,2
1251,7517,SV,2025-10-19,206137,0.26,9,1462,0,0
1251,7517,SV,2025-10-19,207897,0.0,0,0,0,0
1251,7517,SV,2025-10-19,207898,0.0,0,0,0,0
1251,7517,SV,2025-10-19,207899,0.64,0,1462,0,1
1251,7517,SV,2025-10-19,207900,1.87,0,2925,0,0
1251,7517,SV,2025-10-19,207901,0.0,0,0,0,0
1251,7517,SV,2025-10-19,207903,0.0,0,0,0,0
1251,7517,SV,2025-10-19,215796,0.0,0,0,0,0
1251,7517,SV,2025-10-19,215797,0.0,0,0,0,0
1251,7517,SV,2025-10-19,215798,0.0,0,0,0,0
1251,7517,SV,2025-10-19,215799,0.0,0,0,0,0
1251,7517,SV,2025-10-19,215800,0.0,0,0,0,0
1251,7517,SV,2025-10-19,215801,2.83,9,2925,0,0
1251,7517,SV,2025-10-19,220211,1.32,0,1462,0,1
1251,7517,SV,2025-10-19,220212,0.0,0,0,0,0
1251,7517,SV,2025-10-19,220213,4.17,18,2925,0,0
1251,7517,SV,2025-10-19,220214,0.0,9,0,0,0
1251,7517,SV,2025-10-19,220215,2.26,9,8775,0,2
3151,8406,SV,2025-10-19,210819,0.0,0,0,0,0
3151,8406,SV,2025-10-19,210820,6.8,0,5850,0,1
3151,8406,SV,2025-10-19,210821,2.37,0,1462,0,0
3151,8406,SV,2025-10-19,210822,2.6,0,5850,0,1
3151,8406,SV,2025-10-19,210823,1.29,0,2925,0,1
3151,8406,SV,2025-10-19,210825,0.0,0,0,0,0
3151,8406,SV,2025-10-19,210829,0.0,0,0,0,0
3151,8406,SV,2025-10-19,210833,0.0,0,0,0,0
3151,8406,SV,2025-10-19,210834,0.72,9,1462,0,0
3151,8406,SV,2025-10-19,210835,0.43,0,1462,0,0
3151,8406,SV,2025-10-19,210836,4.36,0,10237,2,5
3151,8406,SV,2025-10-19,210837,0.0,0,0,0,0
3151,8406,SV,2025-10-19,210839,0.99,0,1462,0,0
3151,8406,SV,2025-10-19,210840,0.0,0,0,0,0
3151,8406,SV,2025-10-19,210841,2.1,9,4387,0,0
3151,8406,SV,2025-10-19,210842,7.13,0,1462,0,0
3151,8406,SV,2025-10-19,210843,12.89,9,19011,2,6
3151,8406,SV,2025-10-19,210846,0.0,0,0,0,0
3151,8406,SV,2025-10-19,215838,0.0,0,0,0,0
3151,8406,SV,2025-10-19,215839,0.0,0,0,0,0
3151,8406,SV,2025-10-19,215840,2.58,9,4387,0,0
3151,8406,SV,2025-10-19,215842,0.0,0,0,0,0
3151,8406,SV,2025-10-19,215843,6.65,0,5850,0,1
3151,8406,SV,2025-10-19,215844,6.81,18,4387,0,2
3151,8406,SV,2025-10-19,215845,1.93,9,4387,0,0
3151,8406,SV,2025-10-19,215853,0.0,0,0,0,0
3151,8406,SV,2025-10-19,215854,0.54,0,1462,0,0
3151,8406,SV,2025-10-19,215855,0.0,0,0,0,1
3151,8406,SV,2025-10-19,215856,3.28,0,1462,0,0
3151,8406,SV,2025-10-19,215857,0.0,0,0,0,0
3151,8406,SV,2025-10-19,215859,0.0,0,0,0,0
3151,8406,SV,2025-10-19,218630,0.0,0,0,0,0
3151,8406,SV,2025-10-19,218631,0.0,0,0,0,0
3151,8406,SV,2025-10-19,218632,6.26,9,5850,0,2
3151,8406,SV,2025-10-19,218634,0.0,9,0,0,0
3151,8406,SV,2025-10-19,218635,3.65,9,2925,0,1
3151,8406,SV,2025-10-19,218636,1.12,0,2925,0,0
3151,8406,SV,2025-10-19,218637,0.0,0,0,0,0
3151,8406,SV,2025-10-19,218641,0.0,0,0,0,1
3151,8406,SV,2025-10-19,220222,0.0,0,0,0,0
3151,8406,SV,2025-10-19,221021,0.0,0,0,0,0
3151,8406,SV,2025-10-19,221026,0.59,9,1462,0,0
3151,8406,SV,2025-10-19,221027,0.0,0,0,0,0
3151,8406,SV,2025-10-19,221028,3.59,9,2925,0,0
3151,8406,SV,2025-10-19,221031,3.22,9,5850,0,2
3151,8406,SV,2025-10-19,221032,0.75,0,1462,0,0
3151,8406,SV,2025-10-19,221033,4.21,0,2925,0,0
3151,8406,SV,2025-10-19,221034,0.0,0,0,0,0
3151,8406,SV,2025-10-19,221035,1.47,0,1462,0,2
3151,8406,SV,2025-10-19,221037,0.0,0,0,0,0
3151,8406,SV,2025-10-19,221038,4.05,0,8775,0,1
3151,8406,SV,2025-10-19,221039,1.87,0,2925,1,0
3151,8406,SV,2025-10-19,221242,0.0,0,0,0,0
3151,8406,SV,2025-10-19,221243,1.39,9,1462,0,1
3151,8406,SV,2025-10-19,221244,0.0,0,0,0,0
3151,8406,SV,2025-10-19,221245,1.3,9,4387,0,1
3151,8406,SV,2025-10-19,221246,0.0,0,0,0,0
3151,8406,SV,2025-10-19,221247,5.23,9,2925,0,2
3151,8406,SV,2025-10-19,221248,0.0,0,0,0,1
3151,8406,SV,2025-10-19,221249,0.87,0,2925,0,0
3151,8406,SV,2025-10-19,221250,0.0,0,0,0,0
3151,8406,SV,2025-10-19,221251,0.0,0,0,0,0
3151,8406,SV,2025-10-19,221252,10.12,0,5850,0,1
3151,8406,SV,2025-10-19,221253,0.66,0,1462,0,0
3151,8406,SV,2025-10-19,221254,0.8,0,1462,0,0
3151,8406,SV,2025-10-19,221255,0.39,0,1462,0,0
3151,8406,SV,2025-10-19,221256,5.02,0,4387,0,0
3151,8406,SV,2025-10-19,221258,0.0,0,0,0,0
3151,8406,SV,2025-10-19,221259,3.04,0,2925,0,0
3151,8406,SV,2025-10-19,221260,0.0,0,0,0,0
3151,8406,SV,2025-10-19,221835,0.0,0,0,0,0
3151,8406,SV,2025-10-19,221840,0.0,0,0,0,0
3151,8406,SV,2025-10-19,221841,0.0,0,0,0,0
3151,8406,SV,2025-10-19,221842,0.0,0,0,0,1
3151,8406,SV,2025-10-19,221845,0.0,0,0,0,0
3151,8406,SV,2025-10-19,221846,0.0,0,0,0,0
3151,8406,SV,2025-10-19,221847,0.0,0,0,0,0
3151,8406,SV,2025-10-19,221848,1.02,0,1462,0,0
3151,8406,SV,2025-10-19,221849,0.68,9,2925,0,0
3151,8406,SV,2025-10-19,221851,0.24,0,1462,0,0
3151,8406,SV,2025-10-19,221852,16.52,18,20474,1,7
3151,8406,SV,2025-10-19,221853,0.7,0,1462,0,0
3151,8406,SV,2025-10-19,221854,2.24,9,2925,0,0
3151,8406,SV,2025-10-19,221855,0.0,0,0,0,0
3151,8406,SV,2025-10-19,221856,0.0,9,0,0,1
3151,8406,SV,2025-10-19,221858,3.78,0,2925,0,0
3151,8406,SV,2025-10-19,221859,20.57,0,8775,0,1
3151,8406,SV,2025-10-19,221860,0.4,0,1462,0,0
3151,8406,SV,2025-10-19,223768,1.08,9,1462,0,0
3151,8406,SV,2025-10-19,223769,0.47,0,1462,0,2
3151,8406,SV,2025-10-19,223770,3.18,0,4387,0,0
3151,8406,SV,2025-10-19,224161,5.81,9,8775,0,2
3151,8406,SV,2025-10-19,224162,0.33,0,1462,0,1
3151,8406,SV,2025-10-19,224163,0.0,0,0,0,0
3151,8406,SV,2025-10-19,224164,0.0,0,0,0,0
3151,8406,SV,2025-10-19,224165,1.44,9,2925,0,0
1251,7927,CL,2025-10-20,203179,0.0,0,0,0,0
1251,7927,CL,2025-10-20,203180,0.66,0,2895,0,0
1251,7927,CL,2025-10-20,203181,0.0,0,0,1,2
1251,7927,CL,2025-10-20,203182,2.26,0,2895,0,0
1251,7927,CL,2025-10-20,203183,0.0,0,0,0,0
1251,7927,CL,2025-10-20,203184,0.0,0,0,0,0
1251,7927,CL,2025-10-20,203185,6.79,8,10132,0,0
1251,7927,CL,2025-10-20,203186,2.42,8,2895,0,0
1251,7927,CL,2025-10-20,203187,0.0,0,0,0,0
1251,7927,CL,2025-10-20,203188,10.77,0,15921,0,0
1251,7927,CL,2025-10-20,203189,0.0,0,0,0,0
1251,7927,CL,2025-10-20,203190,0.0,8,0,0,0
1251,7927,CL,2025-10-20,203191,5.01,0,7237,0,0
1251,7927,CL,2025-10-20,203192,3.26,8,5790,0,0
1251,7927,CL,2025-10-20,203193,0.0,0,0,0,1
1251,7927,CL,2025-10-20,203195,9.17,0,10132,0,1
1251,7927,CL,2025-10-20,203196,4.16,0,7237,0,1
1251,7927,CL,2025-10-20,203197,0.57,8,1447,0,0
1251,7927,CL,2025-10-20,203198,1.72,50,1447,0,0
1251,7927,CL,2025-10-20,203199,17.38,17,28948,0,2
1251,7927,CL,2025-10-20,212691,0.0,8,0,0,0
1251,7927,CL,2025-10-20,212692,0.44,0,1447,0,0
1251,7927,CL,2025-10-20,212693,0.0,0,0,0,0
1251,7927,CL,2025-10-20,212694,1.77,8,5790,0,0
1251,7927,CL,2025-10-20,212695,0.3,0,1447,0,0
1251,7927,CL,2025-10-20,215780,0.0,0,0,0,0
1251,7927,CL,2025-10-20,215781,0.43,0,1447,0,0
1251,7927,CL,2025-10-20,215782,0.0,8,0,0,0
1251,7927,CL,2025-10-20,215783,0.18,0,1447,1,1
1251,7927,CL,2025-10-20,215784,0.0,8,0,0,0
1251,7927,CL,2025-10-20,215785,1.75,0,5790,0,0
1251,7927,CL,2025-10-20,215786,2.02,17,8684,1,0
1251,7927,CL,2025-10-20,215787,4.73,0,8684,0,0
1251,7927,CL,2025-10-20,215788,0.32,0,1447,0,0
1251,7927,CL,2025-10-20,215789,0.0,0,0,0,0
1251,7927,CL,2025-10-20,215790,0.0,0,0,0,0
1251,7927,CL,2025-10-20,215791,7.7,8,2895,0,0
1251,7927,CL,2025-10-20,215792,0.0,0,0,0,1
1251,7927,CL,2025-10-20,215793,7.11,0,8684,0,0
1251,7927,CL,2025-10-20,215794,0.0,0,0,0,0
1251,7927,CL,2025-10-20,220205,0.0,0,0,0,1
1251,7927,CL,2025-10-20,220206,0.0,0,0,0,0
1251,7927,CL,2025-10-20,220207,0.0,0,0,0,0
1251,7927,CL,2025-10-20,220208,0.0,0,0,0,0
1251,7927,CL,2025-10-20,222574,18.78,66,23159,0,0
1251,7927,CL,2025-10-20,222575,2.9,8,5790,0,0
1251,7927,CL,2025-10-20,222576,38.41,33,78160,1,7
1251,7518,CR,2025-10-20,197743,19.57,0,15921,0,1
1251,7518,CR,2025-10-20,197744,68.43,355,34738,2,5
1251,7518,CR,2025-10-20,197745,41.84,140,86844,3,5
1251,7518,CR,2025-10-20,199813,5.22,0,5790,0,0
1251,7518,CR,2025-10-20,199814,23.31,17,27501,0,1
1251,7518,CR,2025-10-20,199815,15.21,41,14474,0,0
1251,7518,CR,2025-10-20,199816,2.55,25,1447,0,0
1251,7518,CR,2025-10-20,199817,10.02,74,18816,0,1
1251,7518,CR,2025-10-20,199819,0.0,0,0,0,0
1251,7518,CR,2025-10-20,199820,70.16,33,127372,3,5
1251,7518,CR,2025-10-20,199821,10.64,8,7237,0,0
1251,7518,CR,2025-10-20,199822,4.07,66,5790,0,0
1251,7518,CR,2025-10-20,199880,0.0,0,0,0,0
1251,7518,CR,2025-10-20,199881,2.85,8,4342,0,0
1251,7518,CR,2025-10-20,199882,81.95,41,27501,0,1
1251,7518,CR,2025-10-20,199883,51.23,17,37633,1,2
1251,7518,CR,2025-10-20,199884,14.36,0,11579,0,0
1251,7518,CR,2025-10-20,199886,4.4,0,4342,0,0
1251,7518,CR,2025-10-20,206121,8.29,0,10132,0,1
1251,7518,CR,2025-10-20,206122,4.11,17,2895,0,0
1251,7518,CR,2025-10-20,206123,32.97,58,15921,0,0
1251,7518,CR,2025-10-20,206124,31.81,33,23159,1,1
1251,7518,CR,2025-10-20,206125,11.11,50,24606,2,1
1251,7518,CR,2025-10-20,206127,0.74,0,1447,0,0
1251,7518,CR,2025-10-20,209136,1.09,0,1447,0,0
1251,7518,CR,2025-10-20,209137,0.0,0,0,0,0
1251,7518,CR,2025-10-20,209138,1.55,0,1447,0,0
1251,7518,CR,2025-10-20,209139,11.98,17,11579,0,1
1251,7518,CR,2025-10-20,209140,59.81,41,28948,0,2
1251,7518,CR,2025-10-20,209141,156.05,91,128819,3,5
1251,7518,CR,2025-10-20,210923,1.44,0,2895,0,0
1251,7518,CR,2025-10-20,210924,1.74,0,4342,0,0
1251,7518,CR,2025-10-20,210925,87.23,99,75265,2,3
1251,7518,CR,2025-10-20,210926,45.6,58,53554,0,0
1251,7518,CR,2025-10-20,210927,16.3,0,23159,1,2
1251,7518,CR,2025-10-20,210929,4.41,17,4342,0,1
1251,7518,CR,2025-10-20,211373,0.77,0,1447,0,0
1251,7518,CR,2025-10-20,211374,0.0,8,0,0,0
1251,7518,CR,2025-10-20,211375,4.69,8,1447,0,0
1251,7518,CR,2025-10-20,211376,2.04,17,1447,0,0
1251,7518,CR,2025-10-20,211377,24.47,8,21711,0,1
1251,7518,CR,2025-10-20,211378,14.61,8,11579,0,0
1251,7518,CR,2025-10-20,211379,6.08,0,2895,0,0
1251,7518,CR,2025-10-20,211380,44.81,25,20264,1,3
1251,7518,CR,2025-10-20,211381,20.29,8,10132,0,0
1251,7518,CR,2025-10-20,211382,0.0,8,0,0,0
1251,7518,CR,2025-10-20,211384,0.0,0,0,0,0
1251,7518,CR,2025-10-20,212697,6.2,0,1447,0,0
1251,7518,CR,2025-10-20,212698,41.55,8,18816,1,1
1251,7518,CR,2025-10-20,212699,7.68,0,5790,0,0
1251,7518,CR,2025-10-20,212700,47.64,41,40527,0,2
1251,7518,CR,2025-10-20,212701,7.06,58,20264,0,0
1251,7518,CR,2025-10-20,212702,0.0,0,0,0,0
1251,7518,CR,2025-10-20,212703,2.44,8,7237,0,1
1251,7518,CR,2025-10-20,215717,1.55,17,1447,0,0
1251,7518,CR,2025-10-20,215718,0.0,17,0,0,0
1251,7518,CR,2025-10-20,215719,17.2,0,8684,1,1
1251,7518,CR,2025-10-20,215720,15.59,25,5790,0,1
1251,7518,CR,2025-10-20,215721,5.64,33,10132,0,1
1251,7518,CR,2025-10-20,215722,0.0,0,0,0,0
1251,7518,CR,2025-10-20,215723,0.0,0,0,0,0
1251,7518,CR,2025-10-20,215724,152.44,41,131714,4,7
1251,7518,CR,2025-10-20,215725,6.85,0,8684,1,1
1251,7518,CR,2025-10-20,215726,27.78,355,7237,2,2
1251,7518,CR,2025-10-20,215727,45.29,41,24606,1,2
1251,7518,CR,2025-10-20,215728,0.0,25,0,0,0
1251,7518,CR,2025-10-20,215729,0.0,0,0,0,0
1251,7518,CR,2025-10-20,215731,2.86,0,2895,0,0
1251,7518,CR,2025-10-20,215732,13.08,0,7237,0,0
1251,7518,CR,2025-10-20,215733,20.7,8,15921,0,0
1251,7518,CR,2025-10-20,215734,9.54,0,5790,0,0
1251,7518,CR,2025-10-20,215735,52.17,17,33290,0,1
1251,7518,CR,2025-10-20,221218,3.86,0,5790,0,0
1251,7518,CR,2025-10-20,221219,13.04,25,15921,1,2
1251,7518,CR,2025-10-20,221220,87.18,8,13027,0,0
1251,7518,CR,2025-10-20,221221,33.93,41,18816,0,0
1251,7518,CR,2025-10-20,221222,16.29,17,23159,0,0
1251,7518,CR,2025-10-20,224835,4.71,17,7237,0,0
1251,7518,CR,2025-10-20,224836,0.0,0,0,0,0
1251,7518,CR,2025-10-20,224837,0.0,8,0,0,0
1251,7518,CR,2025-10-20,224838,3.11,0,1447,0,0
1251,7520,EC,2025-10-20,169629,30.32,58,21711,0,0
1251,7520,EC,2025-10-20,169630,3.48,0,2895,0,0
1251,7520,EC,2025-10-20,169631,4.51,8,7237,0,0
1251,7520,EC,2025-10-20,169632,1.36,17,2895,0,0
1251,7520,EC,2025-10-20,169634,0.0,0,0,0,0
1251,7520,EC,2025-10-20,169642,0.98,17,2895,0,0
1251,7520,EC,2025-10-20,169643,0.0,17,0,0,0
1251,7520,EC,2025-10-20,169644,44.25,41,27501,0,1
1251,7520,EC,2025-10-20,169645,0.23,17,1447,0,0
1251,7520,EC,2025-10-20,169647,1.94,0,1447,0,0
1251,7520,EC,2025-10-20,169648,0.0,0,0,0,0
1251,7520,EC,2025-10-20,169649,0.21,8,1447,0,0
1251,7520,EC,2025-10-20,169650,0.0,0,0,0,0
1251,7520,EC,2025-10-20,169651,18.07,8,27501,0,2
1251,7520,EC,2025-10-20,169652,3.4,17,4342,0,0
1251,7520,EC,2025-10-20,169654,0.0,0,0,0,0
1251,7520,EC,2025-10-20,169655,0.0,0,0,0,0
1251,7520,EC,2025-10-20,169656,0.17,8,1447,0,0
1251,7520,EC,2025-10-20,169657,4.76,8,2895,0,0
1251,7520,EC,2025-10-20,169658,0.88,0,1447,0,0
1251,7520,EC,2025-10-20,169659,0.0,8,0,0,0
1251,7520,EC,2025-10-20,169660,0.2,0,1447,0,0
1251,7520,EC,2025-10-20,169662,0.55,8,1447,0,0
1251,7520,EC,2025-10-20,171431,0.0,0,0,0,0
1251,7520,EC,2025-10-20,171432,0.0,0,0,0,0
1251,7520,EC,2025-10-20,171433,10.18,0,2895,0,1
1251,7520,EC,2025-10-20,178392,0.0,0,0,0,0
1251,7520,EC,2025-10-20,178393,1.55,8,2895,0,0
1251,7520,EC,2025-10-20,178394,0.0,8,0,0,0
1251,7520,EC,2025-10-20,178395,3.43,8,2895,1,1
1251,7520,EC,2025-10-20,178397,0.0,0,0,0,0
1251,7520,EC,2025-10-20,178399,0.0,0,0,0,0
1251,7520,EC,2025-10-20,178400,0.0,0,0,0,0
1251,7520,EC,2025-10-20,178401,1.3,0,2895,0,0
1251,7520,EC,2025-10-20,178402,0.0,0,0,0,0
1251,7520,EC,2025-10-20,178404,0.0,17,0,0,0
1251,7520,EC,2025-10-20,185841,1.59,17,4342,0,0
1251,7520,EC,2025-10-20,185842,1.27,0,2895,0,0
1251,7520,EC,2025-10-20,185843,0.0,0,0,0,0
1251,7520,EC,2025-10-20,185844,6.23,0,7237,0,0
1251,7520,EC,2025-10-20,185847,0.0,0,0,0,0
1251,7520,EC,2025-10-20,185863,0.0,0,0,0,0
1251,7520,EC,2025-10-20,185865,0.89,33,5790,0,0
1251,7520,EC,2025-10-20,185866,1.52,0,1447,0,0
1251,7520,EC,2025-10-20,185883,1.44,17,1447,0,0
1251,7520,EC,2025-10-20,185884,1.49,0,4342,0,0
1251,7520,EC,2025-10-20,185885,0.0,0,0,0,0
1251,7520,EC,2025-10-20,185886,0.0,0,0,0,0
1251,7520,EC,2025-10-20,185888,0.0,0,0,0,0
1251,7520,EC,2025-10-20,185889,0.0,0,0,0,0
1251,7520,EC,2025-10-20,185895,1.9,0,5790,0,0
1251,7520,EC,2025-10-20,185897,0.0,0,0,0,0
1251,7520,EC,2025-10-20,185900,0.0,0,0,0,0
1251,7520,EC,2025-10-20,193178,0.0,0,0,0,0
1251,7520,EC,2025-10-20,193179,0.0,0,0,0,0
1251,7520,EC,2025-10-20,193181,0.0,0,0,0,0
1251,7520,EC,2025-10-20,198841,0.0,0,0,0,0
1251,7520,EC,2025-10-20,198842,0.0,0,0,0,0
1251,7520,EC,2025-10-20,198843,1.92,0,1447,0,0
1251,7520,EC,2025-10-20,198844,1.18,0,4342,0,0
1251,7520,EC,2025-10-20,198845,0.0,0,0,0,0
1251,7520,EC,2025-10-20,198847,8.06,0,4342,0,0
1251,7520,EC,2025-10-20,199723,1.17,17,2895,0,0
1251,7520,EC,2025-10-20,199724,7.78,17,14474,0,4
1251,7520,EC,2025-10-20,199725,0.49,58,2895,0,0
1251,7520,EC,2025-10-20,199727,3.67,8,5790,0,0
1251,7520,EC,2025-10-20,199729,2.97,0,7237,0,0
1251,7520,EC,2025-10-20,200172,0.4,17,1447,0,0
1251,7520,EC,2025-10-20,200173,8.17,25,15921,0,0
1251,7520,EC,2025-10-20,200174,1.12,0,4342,0,0
1251,7520,EC,2025-10-20,200175,25.24,25,50659,0,8
1251,7520,EC,2025-10-20,200176,6.65,17,8684,1,4
1251,7520,EC,2025-10-20,200178,0.0,0,0,0,0
1251,7520,EC,2025-10-20,206105,0.85,0,2895,0,0
1251,7520,EC,2025-10-20,206106,4.91,0,5790,0,1
1251,7520,EC,2025-10-20,206107,10.85,50,1447,0,0
1251,7520,EC,2025-10-20,206108,17.17,25,24606,0,2
1251,7520,EC,2025-10-20,206109,1.49,0,2895,0,1
1251,7520,EC,2025-10-20,206110,0.0,0,0,0,0
1251,7520,EC,2025-10-20,206111,7.15,0,2895,0,0
1251,7520,EC,2025-10-20,206947,1.32,17,1447,0,0
1251,7520,EC,2025-10-20,206948,14.53,0,15921,0,0
1251,7520,EC,2025-10-20,215742,0.0,0,0,0,0
1251,7520,EC,2025-10-20,215744,5.37,50,5790,0,0
1251,7520,EC,2025-10-20,215745,1.79,0,1447,0,0
1251,7520,EC,2025-10-20,215747,0.0,0,0,0,1
1251,7520,EC,2025-10-20,215748,0.0,0,0,0,0
1251,7520,EC,2025-10-20,215750,0.0,0,0,0,1
1251,7520,EC,2025-10-20,215751,0.0,0,0,0,0
1251,7520,EC,2025-10-20,215752,1.12,8,4342,0,1
1251,7520,EC,2025-10-20,215755,0.65,8,1447,0,0
1251,7520,EC,2025-10-20,215757,0.32,0,1447,0,0
1251,7520,EC,2025-10-20,215758,0.0,0,0,0,0
1251,7520,EC,2025-10-20,215760,0.0,0,0,0,0
1251,7520,EC,2025-10-20,215761,0.0,0,0,0,0
1251,7520,EC,2025-10-20,215762,1.85,17,11579,0,0
1251,7520,EC,2025-10-20,215763,1.47,8,1447,0,0
1251,7520,EC,2025-10-20,215764,0.8,17,1447,0,2
1251,7520,EC,2025-10-20,215765,2.84,17,2895,0,0
1251,7520,EC,2025-10-20,215768,0.0,0,0,0,0
1251,7520,EC,2025-10-20,215769,0.0,0,0,0,0
1251,7520,EC,2025-10-20,215770,20.45,25,23159,0,1
1251,7520,EC,2025-10-20,215772,1.06,0,2895,0,0
1251,7520,EC,2025-10-20,215773,3.22,8,2895,0,0
1251,7520,EC,2025-10-20,215774,0.44,0,2895,0,0
1251,7520,EC,2025-10-20,215775,0.0,0,0,0,0
1251,7520,EC,2025-10-20,215776,3.51,0,4342,0,0
1251,7520,EC,2025-10-20,215777,0.43,0,1447,0,0
1251,7520,EC,2025-10-20,215778,5.71,25,20264,0,0
1251,7520,EC,2025-10-20,215779,0.73,8,1447,0,0
1251,7520,EC,2025-10-20,222498,34.34,149,43422,0,1
1251,7520,EC,2025-10-20,222499,15.6,25,34738,2,6
1251,7520,EC,2025-10-20,222500,9.43,306,8684,0,0
1252,7521,EC,2025-10-20,169776,0.0,0,0,0,0
1252,7521,EC,2025-10-20,169777,12.32,41,11579,0,1
1252,7521,EC,2025-10-20,169778,4.1,0,7237,0,0
1252,7521,EC,2025-10-20,169779,23.61,17,18816,0,2
1252,7521,EC,2025-10-20,169780,0.0,17,0,0,1
1252,7521,EC,2025-10-20,169782,5.34,17,4342,0,0
1252,7521,EC,2025-10-20,180357,0.0,0,0,0,0
1252,7521,EC,2025-10-20,180358,0.0,0,0,0,0
1252,7521,EC,2025-10-20,180359,8.33,0,1447,0,2
1252,7521,EC,2025-10-20,180360,20.97,17,14474,0,2
1252,7521,EC,2025-10-20,180361,0.0,0,0,0,0
1252,7521,EC,2025-10-20,180363,0.0,0,0,0,0
1252,7521,EC,2025-10-20,198765,0.0,8,0,0,0
1252,7521,EC,2025-10-20,198766,1.12,0,1447,0,0
1252,7521,EC,2025-10-20,198767,2.77,25,1447,0,0
1252,7521,EC,2025-10-20,198768,40.72,83,43422,1,5
1252,7521,EC,2025-10-20,198769,1.55,0,4342,0,0
1252,7521,EC,2025-10-20,198772,0.0,0,0,0,0
1252,7521,EC,2025-10-20,198773,10.17,41,8684,0,2
1252,7521,EC,2025-10-20,198774,2.63,17,2895,0,0
1252,7521,EC,2025-10-20,198775,7.62,25,10132,0,0
1252,7521,EC,2025-10-20,198776,0.0,0,0,0,0
1252,7521,EC,2025-10-20,198778,6.25,8,1447,0,0
1252,7521,EC,2025-10-20,198779,0.0,0,0,0,0
1252,7521,EC,2025-10-20,198780,0.72,41,2895,0,1
1252,7521,EC,2025-10-20,198781,0.0,25,0,0,0
1252,7521,EC,2025-10-20,198782,8.95,8,23159,0,0
1252,7521,EC,2025-10-20,198783,9.99,8,8684,0,2
1252,7521,EC,2025-10-20,198799,0.0,0,0,0,0
1252,7521,EC,2025-10-20,198800,10.04,74,8684,0,2
1252,7521,EC,2025-10-20,198801,4.5,8,2895,0,0
1252,7521,EC,2025-10-20,198802,16.45,8,5790,0,1
1252,7521,EC,2025-10-20,198803,0.0,0,0,0,0
1252,7521,EC,2025-10-20,198805,0.42,83,1447,0,0
1252,7521,EC,2025-10-20,211158,0.0,0,0,0,0
1252,7521,EC,2025-10-20,211159,0.0,0,0,0,0
1252,7521,EC,2025-10-20,211160,5.24,8,2895,0,0
1252,7521,EC,2025-10-20,211161,25.28,33,28948,1,3
1252,7521,EC,2025-10-20,211162,6.06,0,2895,0,0
1252,7521,EC,2025-10-20,215274,12.33,0,2895,0,0
1252,7521,EC,2025-10-20,215275,1.06,8,1447,1,0
1252,7521,EC,2025-10-20,215276,5.12,41,7237,0,0
1252,7521,EC,2025-10-20,215277,13.81,17,15921,0,0
1252,7521,EC,2025-10-20,215278,0.0,0,0,0,0
1252,7521,EC,2025-10-20,215280,15.28,66,8684,0,0
1252,7521,EC,2025-10-20,221211,0.0,0,0,0,0
1252,7521,EC,2025-10-20,221212,1.77,0,2895,0,2
1252,7521,EC,2025-10-20,221213,0.49,25,1447,0,0
1252,7521,EC,2025-10-20,221214,12.13,17,13027,0,1
1252,7521,EC,2025-10-20,221215,8.16,0,7237,0,1
1252,7521,EC,2025-10-20,221217,0.0,0,0,0,0
1252,7522,EC,2025-10-20,169698,3.81,0,1447,0,1
1252,7522,EC,2025-10-20,169699,0.17,17,1447,0,0
1252,7522,EC,2025-10-20,169700,0.0,0,0,0,0
1252,7522,EC,2025-10-20,169701,1.35,0,4342,1,1
1252,7522,EC,2025-10-20,169702,1.42,8,1447,0,0
1252,7522,EC,2025-10-20,169704,2.27,0,1447,0,0
1252,7522,EC,2025-10-20,169719,0.0,0,0,0,0
1252,7522,EC,2025-10-20,169720,0.0,8,0,0,0
1252,7522,EC,2025-10-20,169721,2.62,8,1447,0,0
1252,7522,EC,2025-10-20,169722,4.71,25,4342,0,0
1252,7522,EC,2025-10-20,169723,6.41,0,4342,0,0
1252,7522,EC,2025-10-20,169725,6.03,17,5790,0,0
1252,7522,EC,2025-10-20,180343,0.0,0,0,0,0
1252,7522,EC,2025-10-20,180344,0.0,0,0,0,0
1252,7522,EC,2025-10-20,180345,0.37,0,1447,0,0
1252,7522,EC,2025-10-20,180346,2.16,0,2895,0,0
1252,7522,EC,2025-10-20,180347,0.0,0,0,0,1
1252,7522,EC,2025-10-20,180349,0.0,0,0,0,0
1252,7522,EC,2025-10-20,192876,0.0,0,0,0,0
1252,7522,EC,2025-10-20,192877,0.0,8,0,0,0
1252,7522,EC,2025-10-20,192878,1.61,8,1447,0,0
1252,7522,EC,2025-10-20,192879,0.0,0,0,0,1
1252,7522,EC,2025-10-20,192880,0.0,0,0,0,0
1252,7522,EC,2025-10-20,192882,0.0,8,0,0,2
1252,7522,EC,2025-10-20,192884,0.0,0,0,0,0
1252,7522,EC,2025-10-20,192885,0.0,0,0,0,0
1252,7522,EC,2025-10-20,192886,3.11,8,4342,0,0
1252,7522,EC,2025-10-20,192887,0.0,0,0,0,0
1252,7522,EC,2025-10-20,192890,0.0,0,0,0,0
1252,7522,EC,2025-10-20,192891,0.0,0,0,0,0
1252,7522,EC,2025-10-20,192892,2.03,8,1447,0,0
1252,7522,EC,2025-10-20,192893,0.0,8,0,0,0
1252,7522,EC,2025-10-20,192894,0.83,0,1447,0,0
1252,7522,EC,2025-10-20,192896,0.0,17,0,0,0
1252,7522,EC,2025-10-20,192905,4.48,0,1447,0,1
1252,7522,EC,2025-10-20,192906,0.0,0,0,0,0
1252,7522,EC,2025-10-20,192907,3.39,41,4342,0,0
1252,7522,EC,2025-10-20,192908,0.0,8,0,0,0
1252,7522,EC,2025-10-20,192910,0.71,8,1447,0,0
1252,7522,EC,2025-10-20,198737,0.0,0,0,0,0
1252,7522,EC,2025-10-20,198738,0.0,0,0,0,0
1252,7522,EC,2025-10-20,198739,0.85,8,1447,0,0
1252,7522,EC,2025-10-20,198740,7.7,8,11579,0,0
1252,7522,EC,2025-10-20,198741,0.0,0,0,0,0
1252,7522,EC,2025-10-20,198743,4.0,8,4342,0,0
1252,7522,EC,2025-10-20,198744,0.23,0,1447,0,0
1252,7522,EC,2025-10-20,198745,1.49,0,2895,0,0
1252,7522,EC,2025-10-20,198746,0.0,0,0,0,0
1252,7522,EC,2025-10-20,198747,4.2,8,10132,1,1
1252,7522,EC,2025-10-20,198748,9.27,8,7237,1,1
1252,7522,EC,2025-10-20,198757,0.0,0,0,0,0
1252,7522,EC,2025-10-20,207466,33.25,8,14474,0,0
1252,7522,EC,2025-10-20,207467,31.37,8,14474,1,1
1252,7522,EC,2025-10-20,207470,18.97,8,7237,1,0
1252,7522,EC,2025-10-20,207471,39.63,17,15921,1,2
1252,7522,EC,2025-10-20,213498,0.0,0,0,0,0
1252,7522,EC,2025-10-20,213499,1.08,0,1447,1,1
1252,7522,EC,2025-10-20,213500,0.0,8,0,0,0
1252,7522,EC,2025-10-20,213501,1.04,0,2895,1,3
1252,7522,EC,2025-10-20,213502,0.0,0,0,0,0
1252,7522,EC,2025-10-20,213503,15.96,41,11579,0,0
1252,7522,EC,2025-10-20,213504,0.0,25,0,0,0
1252,7522,EC,2025-10-20,213505,7.76,0,14474,1,0
1252,7522,EC,2025-10-20,213506,0.0,8,0,0,0
1252,7522,EC,2025-10-20,214304,0.0,0,0,0,0
1252,7522,EC,2025-10-20,214305,1.65,0,2895,0,1
1252,7522,EC,2025-10-20,214306,0.0,0,0,0,0
1252,7522,EC,2025-10-20,214307,0.85,25,2895,0,0
1252,7522,EC,2025-10-20,214308,0.97,8,1447,0,0
1252,7522,EC,2025-10-20,214310,1.42,0,2895,0,0
1252,7522,EC,2025-10-20,218184,0.0,0,0,0,0
1252,7522,EC,2025-10-20,218185,7.51,8,4342,2,0
1252,7522,EC,2025-10-20,218186,0.0,0,0,0,1
1252,7522,EC,2025-10-20,218187,1.62,8,4342,0,0
1252,7522,EC,2025-10-20,218188,2.27,8,1447,0,3
1252,7522,EC,2025-10-20,221187,0.0,0,0,0,0
1252,7522,EC,2025-10-20,221188,0.0,8,0,0,0
1252,7522,EC,2025-10-20,221189,1.01,0,1447,0,0
1252,7522,EC,2025-10-20,221190,5.55,0,4342,0,0
1252,7522,EC,2025-10-20,221191,4.79,17,7237,0,1
1252,7522,EC,2025-10-20,221193,1.1,0,4342,0,0
1252,7522,EC,2025-10-20,221194,0.0,0,0,0,0
1252,7522,EC,2025-10-20,221195,0.0,0,0,0,0
1252,7522,EC,2025-10-20,221196,4.14,8,14474,2,3
1252,7522,EC,2025-10-20,221197,5.15,0,2895,0,0
1252,7522,EC,2025-10-20,221198,4.47,8,2895,0,0
1252,7522,EC,2025-10-20,221199,1.73,8,4342,1,1
1252,7522,EC,2025-10-20,221200,12.35,0,14474,0,1
1252,7522,EC,2025-10-20,221201,1.38,8,1447,0,0
1252,7522,EC,2025-10-20,221202,0.0,8,0,0,0
1252,7522,EC,2025-10-20,221207,0.0,0,0,0,0
1252,7522,EC,2025-10-20,221209,0.0,0,0,0,0
1252,7522,EC,2025-10-20,221210,0.0,0,0,0,0
1252,7522,EC,2025-10-20,223267,0.0,0,0,0,0
1252,7522,EC,2025-10-20,223268,0.0,0,0,0,0
1252,7522,EC,2025-10-20,223269,0.0,0,0,0,0
1252,7522,EC,2025-10-20,223270,0.0,0,0,1,0
1252,7522,EC,2025-10-20,223271,0.0,0,0,0,0
1252,7522,EC,2025-10-20,223272,0.0,0,0,0,0
1252,7522,EC,2025-10-20,223273,2.12,0,2895,0,0
1252,7522,EC,2025-10-20,223274,5.61,17,5790,0,1
1252,7522,EC,2025-10-20,223275,4.97,0,2895,0,0
1252,7522,EC,2025-10-20,223276,0.0,0,0,0,0
1252,7522,EC,2025-10-20,224104,0.0,0,0,0,0
1252,7522,EC,2025-10-20,224105,4.62,25,4342,0,0
1252,7522,EC,2025-10-20,224106,2.37,17,4342,0,0
1252,7522,EC,2025-10-20,224107,1.98,0,4342,1,1
1252,7522,EC,2025-10-20,224108,1.76,0,1447,0,0
1252,7522,EC,2025-10-20,224109,0.0,0,0,0,0
1252,7522,EC,2025-10-20,224110,0.0,0,0,0,0
1252,7522,EC,2025-10-20,224111,4.6,33,2895,0,0
1252,7522,EC,2025-10-20,224112,11.33,0,2895,0,0
1252,7522,EC,2025-10-20,224113,0.28,0,1447,1,0
1252,7522,EC,2025-10-20,224114,0.28,0,1447,0,0
1252,7522,EC,2025-10-20,224116,0.0,8,0,0,0
1252,7522,EC,2025-10-20,224117,0.75,17,2895,0,0
1252,7522,EC,2025-10-20,224118,1.89,0,2895,0,0
1252,7522,EC,2025-10-20,224119,2.35,8,4342,1,0
1252,7522,EC,2025-10-20,224120,0.92,0,2895,0,0
1252,7522,EC,2025-10-20,224123,3.61,0,1447,0,0
1252,7522,EC,2025-10-20,224124,0.0,0,0,0,0
1252,7522,EC,2025-10-20,224125,0.55,0,2895,0,0
1252,7522,EC,2025-10-20,224126,0.32,0,1447,0,0
1252,7522,EC,2025-10-20,224128,0.0,0,0,1,0
1252,7522,EC,2025-10-20,224129,1.83,0,1447,0,1
1252,7522,EC,2025-10-20,224130,1.06,0,1447,0,0
1252,7522,EC,2025-10-20,224131,3.49,17,2895,0,0
1252,7522,EC,2025-10-20,224132,0.0,0,0,0,0
1252,7522,EC,2025-10-20,224134,0.0,0,0,0,0
1252,7522,EC,2025-10-20,224135,0.4,0,1447,0,0
1252,7522,EC,2025-10-20,224136,0.0,0,0,0,0
1252,7522,EC,2025-10-20,224137,3.1,17,7237,1,1
1252,7522,EC,2025-10-20,224138,0.0,0,0,0,1
1252,7522,EC,2025-10-20,224139,0.0,8,0,0,0
1252,7522,EC,2025-10-20,224140,0.0,0,0,0,0
1252,7522,EC,2025-10-20,224141,3.8,8,10132,0,0
1252,7522,EC,2025-10-20,224142,0.0,8,0,0,0
1252,7522,EC,2025-10-20,224143,0.0,0,0,0,0
1252,7522,EC,2025-10-20,224144,10.76,8,4342,1,1
1252,7522,EC,2025-10-20,224145,1.6,0,8684,1,1
1252,7522,EC,2025-10-20,224146,3.03,33,4342,0,0
1252,7522,EC,2025-10-20,224149,0.0,0,0,0,0
1252,7522,EC,2025-10-20,224151,0.96,8,2895,0,0
1252,7522,EC,2025-10-20,224153,0.0,0,0,0,0
1251,9092,GT,2025-10-20,222434,0.0,0,0,0,0
1251,9092,GT,2025-10-20,222435,6.94,8,8684,0,0
1251,9092,GT,2025-10-20,222436,1.66,0,1447,0,0
1251,9092,GT,2025-10-20,222437,4.6,50,8684,0,0
1251,9092,GT,2025-10-20,222438,3.2,0,4342,0,0
1251,9092,GT,2025-10-20,222439,1.75,0,4342,0,0
1251,9092,GT,2025-10-20,222440,1.52,25,1447,0,0
1251,9092,GT,2025-10-20,222441,0.0,0,0,0,0
1251,9092,GT,2025-10-20,222442,0.87,0,1447,0,0
1251,9092,GT,2025-10-20,222443,0.0,8,0,0,0
1251,9092,GT,2025-10-20,222444,0.0,0,0,0,0
1251,9092,GT,2025-10-20,222445,6.79,8,5790,0,0
1251,9092,GT,2025-10-20,222446,0.0,0,0,0,0
1251,9092,GT,2025-10-20,222447,0.75,8,1447,0,0
1251,9092,GT,2025-10-20,222448,13.07,8,13027,0,0
1251,9092,GT,2025-10-20,222449,0.0,0,0,0,0
1251,9092,GT,2025-10-20,222450,4.19,0,7237,0,1
1251,9092,GT,2025-10-20,222451,0.0,0,0,0,1
1251,9092,GT,2025-10-20,222452,4.69,8,1447,0,0
1251,9092,GT,2025-10-20,222453,2.31,0,8684,0,0
1251,9092,GT,2025-10-20,222454,1.63,8,4342,0,0
1251,9092,GT,2025-10-20,222455,1.93,0,2895,0,1
1251,9092,GT,2025-10-20,222456,0.0,0,0,0,0
1251,9092,GT,2025-10-20,222457,0.0,0,0,0,0
1251,9092,GT,2025-10-20,222458,11.28,8,13027,0,0
1251,9092,GT,2025-10-20,222459,0.0,0,0,0,0
1251,9092,GT,2025-10-20,222460,2.44,0,5790,0,0
1251,9092,GT,2025-10-20,222461,0.0,0,0,0,0
1251,9092,GT,2025-10-20,222462,0.0,8,0,0,0
1251,9092,GT,2025-10-20,222463,5.11,0,7237,0,1
1251,9092,GT,2025-10-20,222464,1.11,0,1447,0,0
1251,9092,GT,2025-10-20,222465,0.0,0,0,0,0
1251,9092,GT,2025-10-20,222466,0.25,0,1447,0,0
1251,9092,GT,2025-10-20,222467,5.21,0,5790,0,1
1251,9092,GT,2025-10-20,222468,5.54,8,11579,0,0
1251,9092,GT,2025-10-20,222470,0.43,0,1447,0,0
1251,9092,GT,2025-10-20,222471,0.0,0,0,0,0
1251,9092,GT,2025-10-20,222472,18.54,17,27501,0,1
1251,9092,GT,2025-10-20,224840,0.0,8,0,0,0
1251,9092,GT,2025-10-20,224841,0.0,0,0,0,0
1251,9092,GT,2025-10-20,224842,0.0,8,0,0,0
1251,9092,GT,2025-10-20,224843,0.0,0,0,0,0
1251,9092,GT,2025-10-20,224844,0.0,0,0,0,0
1251,9092,GT,2025-10-20,224846,1.55,8,1447,0,0
3151,8407,GT,2025-10-20,210778,0.0,0,0,0,0
3151,8407,GT,2025-10-20,210779,0.76,0,1447,0,0
3151,8407,GT,2025-10-20,210780,0.0,8,0,0,0
3151,8407,GT,2025-10-20,210781,1.88,8,2895,0,1
3151,8407,GT,2025-10-20,210782,0.56,0,1447,0,0
3151,8407,GT,2025-10-20,210784,0.0,0,0,0,0
3151,8407,GT,2025-10-20,210792,0.58,17,1447,0,0
3151,8407,GT,2025-10-20,210793,6.89,8,4342,0,1
3151,8407,GT,2025-10-20,210794,0.0,8,0,0,0
3151,8407,GT,2025-10-20,210795,17.05,8,23159,0,2
3151,8407,GT,2025-10-20,210796,0.0,0,0,0,0
3151,8407,GT,2025-10-20,210798,0.0,0,0,0,0
3151,8407,GT,2025-10-20,210805,0.0,0,0,0,0
3151,8407,GT,2025-10-20,210806,1.33,17,1447,0,0
3151,8407,GT,2025-10-20,210807,3.56,17,2895,0,0
3151,8407,GT,2025-10-20,210808,0.0,8,0,0,0
3151,8407,GT,2025-10-20,210809,0.46,0,1447,0,0
3151,8407,GT,2025-10-20,210811,3.94,25,1447,0,0
3151,8407,GT,2025-10-20,215819,0.0,0,0,0,0
3151,8407,GT,2025-10-20,215820,4.26,8,2895,0,0
3151,8407,GT,2025-10-20,215823,0.0,0,0,0,0
3151,8407,GT,2025-10-20,218623,0.0,0,0,0,0
3151,8407,GT,2025-10-20,218624,0.0,0,0,0,0
3151,8407,GT,2025-10-20,218625,0.0,8,0,0,0
3151,8407,GT,2025-10-20,218626,4.53,8,10132,0,1
3151,8407,GT,2025-10-20,218627,1.41,0,1447,0,0
3151,8407,GT,2025-10-20,218629,0.99,0,1447,0,0
3151,8407,GT,2025-10-20,219237,0.0,8,0,0,0
3151,8407,GT,2025-10-20,219238,0.0,0,0,0,0
3151,8407,GT,2025-10-20,219239,1.06,0,1447,0,0
3151,8407,GT,2025-10-20,219240,0.0,0,0,0,0
3151,8407,GT,2025-10-20,219241,0.0,0,0,0,0
3151,8407,GT,2025-10-20,219243,0.0,0,0,0,0
3151,8407,GT,2025-10-20,221223,0.21,0,1447,0,0
3151,8407,GT,2025-10-20,221224,0.0,0,0,0,0
3151,8407,GT,2025-10-20,221225,2.34,8,1447,0,0
3151,8407,GT,2025-10-20,221226,1.08,17,2895,0,0
3151,8407,GT,2025-10-20,221227,0.0,0,0,0,0
3151,8407,GT,2025-10-20,221229,0.0,17,0,0,0
3151,8407,GT,2025-10-20,221230,0.0,0,0,0,0
3151,8407,GT,2025-10-20,221231,3.02,0,2895,0,0
3151,8407,GT,2025-10-20,221232,0.0,8,0,0,0
3151,8407,GT,2025-10-20,221233,14.94,0,7237,0,0
3151,8407,GT,2025-10-20,221234,2.95,0,5790,0,0
3151,8407,GT,2025-10-20,221237,0.0,0,0,0,0
3151,8407,GT,2025-10-20,221238,0.0,0,0,0,0
3151,8407,GT,2025-10-20,221239,0.0,0,0,0,0
3151,8407,GT,2025-10-20,221240,0.0,0,0,0,0
3151,8407,GT,2025-10-20,221241,0.0,0,0,0,0
3151,8407,GT,2025-10-20,221822,0.0,0,0,0,0
3151,8407,GT,2025-10-20,221826,0.0,0,0,0,0
3151,8407,GT,2025-10-20,221829,0.0,0,0,0,0
3151,8407,GT,2025-10-20,221832,0.0,0,0,0,0
3151,8407,GT,2025-10-20,223278,0.0,0,0,0,0
3151,8407,GT,2025-10-20,223279,8.88,8,1447,0,0
3151,8407,GT,2025-10-20,223280,0.0,0,0,0,0
3151,8407,GT,2025-10-20,223281,9.32,0,7237,0,0
3151,8407,GT,2025-10-20,223282,0.89,0,1447,0,0
3151,8407,GT,2025-10-20,223284,0.0,8,0,0,0
3151,8407,GT,2025-10-20,223771,0.35,0,1447,0,0
3151,8407,GT,2025-10-20,223772,1.39,0,1447,0,0
3151,8407,GT,2025-10-20,223773,4.32,0,4342,0,0
3151,8407,GT,2025-10-20,224154,0.0,0,0,0,0
3151,8407,GT,2025-10-20,224155,0.0,8,0,0,0
3151,8407,GT,2025-10-20,224156,0.37,8,1447,0,1
3151,8407,GT,2025-10-20,224157,0.0,0,0,0,0
3151,8407,GT,2025-10-20,224158,0.0,0,0,0,0
3151,8407,GT,2025-10-20,224160,0.0,0,0,0,0
3151,8407,GT,2025-10-20,224847,0.0,0,0,0,0
3151,8407,GT,2025-10-20,224848,0.0,17,0,0,0
3151,8407,GT,2025-10-20,224849,4.53,8,2895,0,0
3151,8407,GT,2025-10-20,224850,0.0,25,0,0,0
3151,8407,GT,2025-10-20,224851,0.0,8,0,0,0
3151,8407,GT,2025-10-20,224853,0.0,0,0,0,0
1251,9126,HN,2025-10-20,223902,0.0,0,0,0,0
1251,9126,HN,2025-10-20,223903,2.0,17,7237,0,1
1251,9126,HN,2025-10-20,223904,0.0,0,0,0,0
1251,9126,HN,2025-10-20,223905,1.52,0,8684,0,0
1251,9126,HN,2025-10-20,223906,5.71,33,13027,1,0
1251,9126,HN,2025-10-20,223907,0.0,0,0,0,0
1251,9126,HN,2025-10-20,223908,1.84,0,7237,0,0
1251,9126,HN,2025-10-20,223909,3.12,25,11579,0,0
1251,9126,HN,2025-10-20,223910,5.89,74,20264,0,0
1251,9126,HN,2025-10-20,223911,3.47,17,4342,0,0
1251,9126,HN,2025-10-20,223912,0.0,0,0,0,0
1251,9126,HN,2025-10-20,223913,0.0,17,0,0,0
1251,9126,HN,2025-10-20,223914,0.52,8,1447,0,0
1251,9126,HN,2025-10-20,223915,5.81,74,20264,0,0
1251,9126,HN,2025-10-20,223916,1.2,25,2895,0,0
1251,9126,HN,2025-10-20,223917,1.17,0,1447,0,0
1251,9126,HN,2025-10-20,223918,2.77,8,8684,0,0
1251,9126,HN,2025-10-20,223919,0.54,8,2895,0,0
1251,9126,HN,2025-10-20,223920,6.3,41,5790,0,0
1251,9126,HN,2025-10-20,223921,1.36,17,4342,0,0
1251,9126,HN,2025-10-20,223922,1.08,0,2895,0,0
1251,9126,HN,2025-10-20,223923,0.68,0,1447,0,0
1251,9126,HN,2025-10-20,223924,0.91,8,4342,0,0
1251,9126,HN,2025-10-20,223925,6.26,25,10132,0,0
1251,9126,HN,2025-10-20,223926,5.3,25,20264,0,0
1251,9126,HN,2025-10-20,223927,5.51,0,1447,0,0
1251,9126,HN,2025-10-20,223928,5.8,0,8684,0,0
1251,9126,HN,2025-10-20,223929,0.0,0,0,0,0
1251,9126,HN,2025-10-20,223930,2.85,0,7237,0,1
1251,9126,HN,2025-10-20,223931,0.0,0,0,0,0
1251,9126,HN,2025-10-20,223932,4.7,0,11579,0,0
1251,9126,HN,2025-10-20,223933,0.83,0,2895,0,1
1251,9126,HN,2025-10-20,223934,0.92,8,2895,0,0
1251,9126,HN,2025-10-20,223935,2.1,8,2895,0,0
1251,9126,HN,2025-10-20,223936,0.0,0,0,0,0
1847,7523,HN,2025-10-20,207904,1.1,0,1447,0,0
1847,7523,HN,2025-10-20,207905,0.25,0,1447,0,0
1847,7523,HN,2025-10-20,207906,2.72,8,2895,0,0
1847,7523,HN,2025-10-20,207907,2.69,17,2895,1,0
1847,7523,HN,2025-10-20,207908,1.44,0,5790,0,0
1847,7523,HN,2025-10-20,207909,0.0,0,0,0,0
1847,7523,HN,2025-10-20,207910,0.0,0,0,0,0
1847,7523,HN,2025-10-20,211405,0.0,0,0,0,0
1847,7523,HN,2025-10-20,211406,0.92,8,2895,0,1
1847,7523,HN,2025-10-20,211408,1.2,33,4342,0,1
1847,7523,HN,2025-10-20,211409,0.0,0,0,0,0
1847,7523,HN,2025-10-20,211411,0.0,17,0,0,0
1847,7523,HN,2025-10-20,211412,0.9,0,1447,0,0
1847,7523,HN,2025-10-20,211413,8.53,0,15921,0,2
1847,7523,HN,2025-10-20,211414,2.47,8,5790,0,0
1847,7523,HN,2025-10-20,211415,0.51,8,2895,0,2
1847,7523,HN,2025-10-20,211416,2.72,8,4342,0,0
1847,7523,HN,2025-10-20,211418,0.0,8,0,1,1
1847,7523,HN,2025-10-20,219999,0.0,8,0,0,1
1847,7523,HN,2025-10-20,220000,0.0,0,0,0,1
1847,7523,HN,2025-10-20,220001,0.28,0,1447,0,0
1847,7523,HN,2025-10-20,220002,11.57,41,18816,0,2
1847,7523,HN,2025-10-20,220003,0.82,0,1447,0,0
1847,7523,HN,2025-10-20,220005,0.24,17,1447,0,1
1847,7523,HN,2025-10-20,223395,0.0,0,0,0,0
1847,7523,HN,2025-10-20,223396,0.29,0,1447,0,0
1847,7523,HN,2025-10-20,223397,0.92,0,1447,0,0
1251,7519,PE,2025-10-20,179932,1.35,0,2895,0,0
1251,7519,PE,2025-10-20,179933,3.36,8,2895,0,0
1251,7519,PE,2025-10-20,179934,0.63,17,2895,0,0
1251,7519,PE,2025-10-20,179935,15.43,8,36185,2,2
1251,7519,PE,2025-10-20,179936,4.74,17,13027,0,0
1251,7519,PE,2025-10-20,179937,0.0,0,0,0,0
1251,7519,PE,2025-10-20,179938,0.6,0,1447,0,0
1251,7519,PE,2025-10-20,179955,0.0,0,0,0,0
1251,7519,PE,2025-10-20,179956,0.0,0,0,0,0
1251,7519,PE,2025-10-20,179957,0.35,17,1447,0,0
1251,7519,PE,2025-10-20,179958,2.23,0,7237,0,1
1251,7519,PE,2025-10-20,179959,0.23,0,1447,0,0
1251,7519,PE,2025-10-20,180031,0.0,0,0,0,0
1251,7519,PE,2025-10-20,180032,0.0,0,0,0,1
1251,7519,PE,2025-10-20,180033,0.0,0,0,0,0
1251,7519,PE,2025-10-20,180034,0.0,0,0,0,1
1251,7519,PE,2025-10-20,180035,0.0,0,0,0,0
1251,7519,PE,2025-10-20,180037,0.0,0,0,0,0
1251,7519,PE,2025-10-20,180044,0.0,0,0,0,0
1251,7519,PE,2025-10-20,180045,0.0,0,0,0,0
1251,7519,PE,2025-10-20,180046,0.0,0,0,0,0
1251,7519,PE,2025-10-20,180047,0.0,0,0,0,0
1251,7519,PE,2025-10-20,180048,0.0,0,0,0,0
1251,7519,PE,2025-10-20,180049,1.26,0,1447,0,0
1251,7519,PE,2025-10-20,180050,0.0,0,0,0,0
1251,7519,PE,2025-10-20,180052,0.0,0,0,0,0
1251,7519,PE,2025-10-20,180053,0.0,0,0,0,0
1251,7519,PE,2025-10-20,185056,0.0,0,0,0,0
1251,7519,PE,2025-10-20,185057,1.77,8,7237,0,0
1251,7519,PE,2025-10-20,185058,10.49,0,7237,0,1
1251,7519,PE,2025-10-20,185059,3.6,17,10132,0,0
1251,7519,PE,2025-10-20,185060,1.65,8,5790,0,3
1251,7519,PE,2025-10-20,198818,0.43,0,2895,0,0
1251,7519,PE,2025-10-20,198819,5.33,0,13027,0,0
1251,7519,PE,2025-10-20,198820,9.96,8,5790,0,0
1251,7519,PE,2025-10-20,198821,17.15,50,39080,0,2
1251,7519,PE,2025-10-20,198822,3.83,8,8684,0,0
1251,7519,PE,2025-10-20,199628,0.63,0,2895,0,0
1251,7519,PE,2025-10-20,199629,3.56,8,8684,0,0
1251,7519,PE,2025-10-20,199630,3.02,17,5790,0,0
1251,7519,PE,2025-10-20,199631,4.71,0,7237,0,1
1251,7519,PE,2025-10-20,199632,0.0,0,0,0,2
1251,7519,PE,2025-10-20,199709,0.0,0,0,0,0
1251,7519,PE,2025-10-20,199710,0.0,0,0,0,1
1251,7519,PE,2025-10-20,199711,0.0,0,0,0,0
1251,7519,PE,2025-10-20,199712,0.0,17,0,0,0
1251,7519,PE,2025-10-20,199713,0.0,0,0,0,0
1251,7519,PE,2025-10-20,206947,0.0,0,0,0,0
1251,7519,PE,2025-10-20,211297,5.45,0,21711,0,2
1251,7519,PE,2025-10-20,211298,2.69,0,10132,1,1
1251,7519,PE,2025-10-20,211299,0.86,0,2895,0,0
1251,7519,PE,2025-10-20,211300,3.4,0,13027,0,1
1251,7519,PE,2025-10-20,211301,0.49,0,2895,0,0
1251,7519,PE,2025-10-20,211302,1.46,25,5790,0,1
1251,7519,PE,2025-10-20,211303,0.0,0,0,0,0
1251,7519,PE,2025-10-20,211304,8.08,8,23159,0,2
1251,7519,PE,2025-10-20,211305,1.71,8,2895,1,0
1251,7519,PE,2025-10-20,211306,2.38,0,2895,0,0
1251,7519,PE,2025-10-20,211307,11.29,25,31843,0,4
1251,7519,PE,2025-10-20,211308,0.0,0,0,0,0
1251,7519,PE,2025-10-20,211309,3.78,8,11579,0,0
1251,7519,PE,2025-10-20,211317,0.0,8,0,0,1
1251,7519,PE,2025-10-20,211318,0.3,0,1447,0,0
1251,7519,PE,2025-10-20,211319,0.0,8,0,0,0
1251,7519,PE,2025-10-20,211320,1.87,0,5790,0,0
1251,7519,PE,2025-10-20,211321,4.8,0,17369,0,3
1251,7519,PE,2025-10-20,211323,2.36,0,5790,0,0
1251,7519,PE,2025-10-20,215302,0.0,0,0,0,0
1251,7519,PE,2025-10-20,215303,0.0,0,0,0,0
1251,7519,PE,2025-10-20,215304,0.0,0,0,0,0
1251,7519,PE,2025-10-20,215305,0.0,0,0,0,0
1251,7519,PE,2025-10-20,215306,0.0,0,0,0,0
1251,7519,PE,2025-10-20,215709,0.0,0,0,0,0
1251,7519,PE,2025-10-20,215710,4.54,17,15921,0,0
1251,7519,PE,2025-10-20,215711,0.16,17,1447,0,0
1251,7519,PE,2025-10-20,215712,2.29,8,5790,0,0
1251,7519,PE,2025-10-20,215713,0.0,0,0,0,0
1251,7519,PE,2025-10-20,215715,0.33,8,1447,0,0
1251,7519,PE,2025-10-20,223426,3.94,8,21711,1,4
1251,7519,PE,2025-10-20,223427,0.19,0,1447,0,0
1251,7519,PE,2025-10-20,223429,1.43,8,5790,0,0
1251,7519,PE,2025-10-20,223430,1.95,0,5790,0,1
1251,7519,PE,2025-10-20,223431,10.39,0,26053,0,4
1251,7519,PE,2025-10-20,223432,9.8,25,34738,1,4
1251,7517,SV,2025-10-20,179004,0.26,0,1447,0,0
1251,7517,SV,2025-10-20,179005,0.48,0,1447,0,0
1251,7517,SV,2025-10-20,179006,0.49,0,1447,0,0
1251,7517,SV,2025-10-20,179007,6.38,17,13027,0,0
1251,7517,SV,2025-10-20,179008,0.84,0,1447,0,0
1251,7517,SV,2025-10-20,179023,0.87,0,1447,0,0
1251,7517,SV,2025-10-20,179024,9.61,8,20264,0,1
1251,7517,SV,2025-10-20,179025,5.43,8,4342,0,1
1251,7517,SV,2025-10-20,179026,18.55,25,30396,0,1
1251,7517,SV,2025-10-20,198877,0.0,0,0,0,0
1251,7517,SV,2025-10-20,198878,1.23,0,1447,0,0
1251,7517,SV,2025-10-20,198879,0.0,0,0,0,0
1251,7517,SV,2025-10-20,198880,11.5,0,4342,0,0
1251,7517,SV,2025-10-20,198881,2.89,0,2895,0,0
1251,7517,SV,2025-10-20,198882,0.0,0,0,0,0
1251,7517,SV,2025-10-20,198883,0.15,0,1447,0,0
1251,7517,SV,2025-10-20,198884,0.0,17,0,0,0
1251,7517,SV,2025-10-20,198885,5.12,0,5790,0,0
1251,7517,SV,2025-10-20,198886,2.4,17,5790,0,0
1251,7517,SV,2025-10-20,198888,0.72,17,1447,0,0
1251,7517,SV,2025-10-20,198889,0.0,0,0,0,0
1251,7517,SV,2025-10-20,198890,0.0,8,0,0,0
1251,7517,SV,2025-10-20,198891,0.0,0,0,0,0
1251,7517,SV,2025-10-20,198892,1.84,33,7237,0,0
1251,7517,SV,2025-10-20,198893,5.89,17,7237,0,0
1251,7517,SV,2025-10-20,206128,0.0,0,0,0,0
1251,7517,SV,2025-10-20,206129,2.47,0,1447,0,0
1251,7517,SV,2025-10-20,206130,3.1,17,2895,0,0
1251,7517,SV,2025-10-20,206131,4.75,17,10132,1,0
1251,7517,SV,2025-10-20,206132,0.62,0,2895,0,0
1251,7517,SV,2025-10-20,206133,0.0,0,0,0,0
1251,7517,SV,2025-10-20,206134,1.55,0,5790,0,0
1251,7517,SV,2025-10-20,206135,0.0,0,0,0,0
1251,7517,SV,2025-10-20,206136,1.97,8,2895,0,0
1251,7517,SV,2025-10-20,206137,1.99,8,2895,0,0
1251,7517,SV,2025-10-20,207897,0.0,0,0,0,0
1251,7517,SV,2025-10-20,207898,0.0,0,0,0,0
1251,7517,SV,2025-10-20,207899,0.0,0,0,0,0
1251,7517,SV,2025-10-20,207900,2.04,17,7237,0,0
1251,7517,SV,2025-10-20,207901,0.0,0,0,0,0
1251,7517,SV,2025-10-20,207903,0.88,0,2895,0,0
1251,7517,SV,2025-10-20,215796,0.0,0,0,0,0
1251,7517,SV,2025-10-20,215797,0.0,0,0,0,0
1251,7517,SV,2025-10-20,215798,0.0,0,0,0,0
1251,7517,SV,2025-10-20,215799,0.53,8,1447,0,0
1251,7517,SV,2025-10-20,215800,0.0,0,0,0,0
1251,7517,SV,2025-10-20,215801,3.95,0,5790,0,0
1251,7517,SV,2025-10-20,220210,0.0,0,0,0,0
1251,7517,SV,2025-10-20,220211,2.82,8,1447,0,0
1251,7517,SV,2025-10-20,220212,0.22,0,1447,0,0
1251,7517,SV,2025-10-20,220213,1.56,8,1447,0,0
1251,7517,SV,2025-10-20,220214,0.0,0,0,0,1
1251,7517,SV,2025-10-20,220215,2.17,8,5790,0,0
3151,8406,SV,2025-10-20,210819,0.0,0,0,0,0
3151,8406,SV,2025-10-20,210820,16.83,0,14474,0,1
3151,8406,SV,2025-10-20,210821,0.0,8,0,0,0
3151,8406,SV,2025-10-20,210822,13.75,8,4342,0,0
3151,8406,SV,2025-10-20,210823,0.82,8,1447,0,0
3151,8406,SV,2025-10-20,210825,0.0,8,0,0,0
3151,8406,SV,2025-10-20,210829,0.0,0,0,0,0
3151,8406,SV,2025-10-20,210833,0.0,0,0,0,0
3151,8406,SV,2025-10-20,210834,0.0,0,0,0,0
3151,8406,SV,2025-10-20,210835,0.0,0,0,0,0
3151,8406,SV,2025-10-20,210836,17.13,0,14474,1,2
3151,8406,SV,2025-10-20,210837,0.0,0,0,0,0
3151,8406,SV,2025-10-20,210839,0.0,0,0,0,0
3151,8406,SV,2025-10-20,210840,0.0,0,0,0,0
3151,8406,SV,2025-10-20,210841,5.08,17,2895,0,0
3151,8406,SV,2025-10-20,210842,0.47,0,1447,0,1
3151,8406,SV,2025-10-20,210843,5.53,0,11579,4,7
3151,8406,SV,2025-10-20,210846,0.0,0,0,0,0
3151,8406,SV,2025-10-20,215838,0.0,0,0,0,0
3151,8406,SV,2025-10-20,215839,0.0,0,0,0,0
3151,8406,SV,2025-10-20,215840,2.22,0,5790,0,2
3151,8406,SV,2025-10-20,215842,0.0,0,0,0,0
3151,8406,SV,2025-10-20,215843,8.86,0,7237,0,1
3151,8406,SV,2025-10-20,215844,5.65,0,5790,0,3
3151,8406,SV,2025-10-20,215845,7.62,25,5790,0,1
3151,8406,SV,2025-10-20,215853,0.0,0,0,0,0
3151,8406,SV,2025-10-20,215854,0.0,0,0,0,0
3151,8406,SV,2025-10-20,215855,0.0,0,0,0,0
3151,8406,SV,2025-10-20,215856,0.25,0,1447,0,0
3151,8406,SV,2025-10-20,215857,0.7,8,1447,0,0
3151,8406,SV,2025-10-20,215859,0.6,0,1447,0,0
3151,8406,SV,2025-10-20,218630,0.45,0,1447,0,0
3151,8406,SV,2025-10-20,218631,0.0,0,0,0,0
3151,8406,SV,2025-10-20,218632,3.05,8,2895,0,0
3151,8406,SV,2025-10-20,218634,0.0,0,0,0,0
3151,8406,SV,2025-10-20,218635,2.28,0,4342,0,0
3151,8406,SV,2025-10-20,218636,3.74,0,5790,0,0
3151,8406,SV,2025-10-20,218641,0.0,0,0,0,0
3151,8406,SV,2025-10-20,220408,0.0,0,0,0,0
3151,8406,SV,2025-10-20,221026,0.77,8,1447,0,1
3151,8406,SV,2025-10-20,221027,0.0,0,0,0,0
3151,8406,SV,2025-10-20,221028,0.96,0,1447,0,0
3151,8406,SV,2025-10-20,221031,4.65,0,2895,1,2
3151,8406,SV,2025-10-20,221032,0.89,0,1447,0,0
3151,8406,SV,2025-10-20,221033,12.74,0,1447,0,0
3151,8406,SV,2025-10-20,221034,0.0,0,0,0,0
3151,8406,SV,2025-10-20,221035,0.68,0,1447,1,0
3151,8406,SV,2025-10-20,221036,0.0,0,0,0,0
3151,8406,SV,2025-10-20,221037,0.0,0,0,0,0
3151,8406,SV,2025-10-20,221038,14.83,17,17369,0,0
3151,8406,SV,2025-10-20,221039,0.0,0,0,0,0
3151,8406,SV,2025-10-20,221242,0.0,0,0,0,0
3151,8406,SV,2025-10-20,221243,17.5,0,4342,0,0
3151,8406,SV,2025-10-20,221244,0.0,0,0,0,0
3151,8406,SV,2025-10-20,221245,2.63,0,2895,1,2
3151,8406,SV,2025-10-20,221246,4.51,8,1447,0,0
3151,8406,SV,2025-10-20,221247,8.61,0,2895,0,0
3151,8406,SV,2025-10-20,221248,0.0,0,0,0,0
3151,8406,SV,2025-10-20,221249,2.25,0,2895,0,1
3151,8406,SV,2025-10-20,221250,0.0,0,0,0,0
3151,8406,SV,2025-10-20,221251,0.0,0,0,0,0
3151,8406,SV,2025-10-20,221252,0.0,0,0,0,0
3151,8406,SV,2025-10-20,221253,0.0,0,0,0,0
3151,8406,SV,2025-10-20,221254,0.64,8,1447,0,0
3151,8406,SV,2025-10-20,221255,0.57,0,1447,0,0
3151,8406,SV,2025-10-20,221256,0.0,8,0,0,1
3151,8406,SV,2025-10-20,221258,0.0,0,0,0,0
3151,8406,SV,2025-10-20,221259,1.35,0,2895,0,0
3151,8406,SV,2025-10-20,221260,0.0,0,0,0,0
3151,8406,SV,2025-10-20,221840,0.0,0,0,0,0
3151,8406,SV,2025-10-20,221842,0.0,0,0,0,0
3151,8406,SV,2025-10-20,221845,0.0,0,0,0,0
3151,8406,SV,2025-10-20,221847,1.61,8,1447,1,1
3151,8406,SV,2025-10-20,221848,0.0,8,0,0,0
3151,8406,SV,2025-10-20,221849,2.07,0,2895,0,1
3151,8406,SV,2025-10-20,221851,0.0,0,0,0,0
3151,8406,SV,2025-10-20,221852,6.79,25,10132,0,2
3151,8406,SV,2025-10-20,221853,0.0,0,0,0,0
3151,8406,SV,2025-10-20,221854,0.0,0,0,0,0
3151,8406,SV,2025-10-20,221855,0.23,0,1447,0,1
3151,8406,SV,2025-10-20,221856,0.41,0,1447,0,0
3151,8406,SV,2025-10-20,221858,0.0,0,0,0,1
3151,8406,SV,2025-10-20,221859,0.0,0,0,0,1
3151,8406,SV,2025-10-20,221860,4.63,8,5790,0,0
3151,8406,SV,2025-10-20,223768,0.0,0,0,0,1
3151,8406,SV,2025-10-20,223769,1.69,17,1447,1,0
3151,8406,SV,2025-10-20,223770,7.39,0,1447,0,0
3151,8406,SV,2025-10-20,224161,4.14,8,11579,0,2
3151,8406,SV,2025-10-20,224162,0.0,0,0,0,0
3151,8406,SV,2025-10-20,224163,0.0,0,0,0,0
3151,8406,SV,2025-10-20,224164,0.0,0,0,0,0
3151,8406,SV,2025-10-20,224165,4.19,0,4342,0,2
3151,8406,SV,2025-10-20,224166,0.0,0,0,0,0
3151,8406,SV,2025-10-20,224854,0.0,0,0,0,0
3151,8406,SV,2025-10-20,224855,1.19,8,1447,0,0
3151,8406,SV,2025-10-20,224856,2.56,0,1447,0,0
3151,8406,SV,2025-10-20,224857,2.26,33,5790,0,0
3151,8406,SV,2025-10-20,224858,0.0,8,0,0,0
3151,8406,SV,2025-10-20,224860,0.0,0,0,0,0
1251,7927,CL,2025-10-21,203179,0.0,0,0,0,0
1251,7927,CL,2025-10-21,203180,2.16,8,5576,0,0
1251,7927,CL,2025-10-21,203181,2.14,0,2788,0,0
1251,7927,CL,2025-10-21,203182,0.93,0,2788,0,0
1251,7927,CL,2025-10-21,203183,0.26,0,1394,0,0
1251,7927,CL,2025-10-21,203184,0.85,0,1394,0,0
1251,7927,CL,2025-10-21,203185,3.12,8,4182,1,0
1251,7927,CL,2025-10-21,203186,0.0,8,0,0,0
1251,7927,CL,2025-10-21,203187,0.67,0,1394,0,0
1251,7927,CL,2025-10-21,203188,6.26,8,5576,0,0
1251,7927,CL,2025-10-21,203189,0.0,0,0,0,0
1251,7927,CL,2025-10-21,203190,0.77,8,1394,0,0
1251,7927,CL,2025-10-21,203191,0.0,8,0,1,1
1251,7927,CL,2025-10-21,203192,7.62,8,9758,0,0
1251,7927,CL,2025-10-21,203193,1.96,17,2788,1,1
1251,7927,CL,2025-10-21,203195,10.54,8,8364,0,1
1251,7927,CL,2025-10-21,203196,15.99,8,9758,0,0
1251,7927,CL,2025-10-21,203197,3.29,8,4182,0,0
1251,7927,CL,2025-10-21,203198,6.07,25,4182,0,0
1251,7927,CL,2025-10-21,203199,21.28,34,33456,1,3
1251,7927,CL,2025-10-21,212691,0.0,0,0,0,0
1251,7927,CL,2025-10-21,212692,0.95,8,4182,0,0
1251,7927,CL,2025-10-21,212693,0.25,17,1394,0,0
1251,7927,CL,2025-10-21,212694,4.13,8,16728,0,0
1251,7927,CL,2025-10-21,212695,2.04,0,9758,0,0
1251,7927,CL,2025-10-21,215780,0.0,0,0,0,0
1251,7927,CL,2025-10-21,215781,0.72,0,4182,0,0
1251,7927,CL,2025-10-21,215782,1.0,0,2788,0,0
1251,7927,CL,2025-10-21,215783,1.06,0,4182,0,0
1251,7927,CL,2025-10-21,215784,1.01,8,1394,0,0
1251,7927,CL,2025-10-21,215785,0.0,0,0,0,0
1251,7927,CL,2025-10-21,215786,0.23,8,1394,0,1
1251,7927,CL,2025-10-21,215787,0.17,0,1394,0,0
1251,7927,CL,2025-10-21,215788,2.8,0,6970,0,0
1251,7927,CL,2025-10-21,215791,0.28,0,1394,0,0
1251,7927,CL,2025-10-21,215792,1.57,25,4182,1,1
1251,7927,CL,2025-10-21,215793,2.79,8,1394,0,0
1251,7927,CL,2025-10-21,215794,0.19,0,1394,0,0
1251,7927,CL,2025-10-21,220204,0.0,0,0,0,0
1251,7927,CL,2025-10-21,220205,0.0,0,0,0,0
1251,7927,CL,2025-10-21,220206,0.0,0,0,0,0
1251,7927,CL,2025-10-21,220207,0.0,0,0,0,0
1251,7927,CL,2025-10-21,220208,0.0,0,0,1,0
1251,7927,CL,2025-10-21,222574,11.89,85,11152,0,4
1251,7927,CL,2025-10-21,222575,6.66,8,12546,0,0
1251,7927,CL,2025-10-21,222576,37.31,34,65518,0,8
1251,7518,CR,2025-10-21,197743,16.36,42,23698,0,1
1251,7518,CR,2025-10-21,197744,17.81,220,6970,5,7
1251,7518,CR,2025-10-21,197745,44.71,136,78064,0,2
1251,7518,CR,2025-10-21,199813,7.62,0,6970,0,0
1251,7518,CR,2025-10-21,199814,23.34,17,19516,0,0
1251,7518,CR,2025-10-21,199815,29.31,42,13940,1,2
1251,7518,CR,2025-10-21,199816,0.55,25,1394,0,1
1251,7518,CR,2025-10-21,199817,12.77,42,23698,1,1
1251,7518,CR,2025-10-21,199819,0.0,8,0,0,0
1251,7518,CR,2025-10-21,199820,63.29,8,126853,2,4
1251,7518,CR,2025-10-21,199821,1.44,0,2788,0,0
1251,7518,CR,2025-10-21,199822,13.16,17,6970,1,1
1251,7518,CR,2025-10-21,199880,2.46,0,4182,0,0
1251,7518,CR,2025-10-21,199881,6.45,0,2788,0,0
1251,7518,CR,2025-10-21,199882,121.0,25,23698,1,0
1251,7518,CR,2025-10-21,199883,100.84,25,75276,0,1
1251,7518,CR,2025-10-21,199884,21.69,0,23698,0,0
1251,7518,CR,2025-10-21,199886,1.74,8,2788,0,0
1251,7518,CR,2025-10-21,206121,0.0,0,0,0,0
1251,7518,CR,2025-10-21,206122,6.89,0,2788,1,1
1251,7518,CR,2025-10-21,206123,5.53,17,2788,2,3
1251,7518,CR,2025-10-21,206124,63.23,34,34850,1,3
1251,7518,CR,2025-10-21,206125,3.49,25,8364,0,0
1251,7518,CR,2025-10-21,206127,0.0,0,0,0,0
1251,7518,CR,2025-10-21,209136,0.0,0,0,0,0
1251,7518,CR,2025-10-21,209137,5.89,0,2788,0,0
1251,7518,CR,2025-10-21,209138,0.58,0,1394,0,0
1251,7518,CR,2025-10-21,209139,25.24,68,22304,1,0
1251,7518,CR,2025-10-21,209140,12.58,8,6970,0,1
1251,7518,CR,2025-10-21,209141,75.34,17,80852,1,1
1251,7518,CR,2025-10-21,210923,4.34,0,2788,0,0
1251,7518,CR,2025-10-21,210924,5.0,25,5576,0,0
1251,7518,CR,2025-10-21,210925,24.15,93,22304,1,2
1251,7518,CR,2025-10-21,210926,41.29,25,61336,2,4
1251,7518,CR,2025-10-21,210927,28.01,17,40426,2,3
1251,7518,CR,2025-10-21,210929,0.9,25,4182,1,0
1251,7518,CR,2025-10-21,211373,13.61,8,2788,0,0
1251,7518,CR,2025-10-21,211374,2.53,8,2788,1,1
1251,7518,CR,2025-10-21,211375,4.7,42,5576,0,0
1251,7518,CR,2025-10-21,211376,9.51,8,5576,2,2
1251,7518,CR,2025-10-21,211377,71.81,25,37638,0,2
1251,7518,CR,2025-10-21,211378,11.3,0,9758,1,0
1251,7518,CR,2025-10-21,211379,10.51,68,8364,2,1
1251,7518,CR,2025-10-21,211380,6.54,8,5576,0,0
1251,7518,CR,2025-10-21,211381,13.79,17,9758,0,0
1251,7518,CR,2025-10-21,211382,4.62,8,12546,0,0
1251,7518,CR,2025-10-21,211384,0.0,0,0,0,0
1251,7518,CR,2025-10-21,212697,2.16,0,1394,0,0
1251,7518,CR,2025-10-21,212698,24.17,17,18122,1,1
1251,7518,CR,2025-10-21,212699,0.0,8,0,0,0
1251,7518,CR,2025-10-21,212700,59.77,51,40426,0,1
1251,7518,CR,2025-10-21,212701,34.82,178,50184,1,1
1251,7518,CR,2025-10-21,212703,3.27,0,1394,0,0
1251,7518,CR,2025-10-21,215717,0.0,8,0,0,0
1251,7518,CR,2025-10-21,215718,0.0,0,0,0,0
1251,7518,CR,2025-10-21,215719,14.2,8,6970,1,1
1251,7518,CR,2025-10-21,215720,4.05,68,1394,0,0
1251,7518,CR,2025-10-21,215721,17.85,17,13940,0,0
1251,7518,CR,2025-10-21,215722,0.0,8,0,0,0
1251,7518,CR,2025-10-21,215723,0.0,0,0,0,0
1251,7518,CR,2025-10-21,215724,54.01,34,71094,2,1
1251,7518,CR,2025-10-21,215725,3.6,17,4182,0,0
1251,7518,CR,2025-10-21,215726,26.97,229,11152,1,0
1251,7518,CR,2025-10-21,215727,19.81,0,22304,1,1
1251,7518,CR,2025-10-21,215728,1.86,8,1394,0,0
1251,7518,CR,2025-10-21,215731,1.94,17,1394,0,0
1251,7518,CR,2025-10-21,215732,0.0,0,0,0,0
1251,7518,CR,2025-10-21,215733,13.76,17,18122,0,0
1251,7518,CR,2025-10-21,215734,24.89,8,15334,0,0
1251,7518,CR,2025-10-21,215735,16.33,8,29274,0,0
1251,7518,CR,2025-10-21,221218,3.43,0,2788,0,0
1251,7518,CR,2025-10-21,221219,35.12,8,16728,0,0
1251,7518,CR,2025-10-21,221220,7.28,25,1394,0,1
1251,7518,CR,2025-10-21,221221,14.52,17,18122,0,0
1251,7518,CR,2025-10-21,221222,14.21,0,22304,0,0
1251,7518,CR,2025-10-21,224835,27.54,110,27880,0,1
1251,7518,CR,2025-10-21,224836,0.77,25,1394,0,0
1251,7518,CR,2025-10-21,224837,1.22,0,1394,0,0
1251,7518,CR,2025-10-21,224838,2.36,25,5576,0,0
1251,7520,EC,2025-10-21,169629,15.41,34,22304,1,2
1251,7520,EC,2025-10-21,169630,0.15,8,1394,0,0
1251,7520,EC,2025-10-21,169631,0.58,0,4182,0,1
1251,7520,EC,2025-10-21,169632,2.32,0,4182,0,1
1251,7520,EC,2025-10-21,169634,0.0,8,0,0,0
1251,7520,EC,2025-10-21,169642,20.2,17,8364,0,1
1251,7520,EC,2025-10-21,169643,5.05,8,1394,0,0
1251,7520,EC,2025-10-21,169644,8.44,51,12546,1,2
1251,7520,EC,2025-10-21,169645,0.0,0,0,0,0
1251,7520,EC,2025-10-21,169647,8.06,0,2788,0,0
1251,7520,EC,2025-10-21,169648,0.0,0,0,0,0
1251,7520,EC,2025-10-21,169649,8.37,8,1394,0,0
1251,7520,EC,2025-10-21,169650,2.71,0,1394,0,0
1251,7520,EC,2025-10-21,169651,20.23,17,18122,0,0
1251,7520,EC,2025-10-21,169652,3.75,0,4182,0,0
1251,7520,EC,2025-10-21,169654,8.58,8,2788,0,0
1251,7520,EC,2025-10-21,169655,0.0,0,0,0,0
1251,7520,EC,2025-10-21,169656,3.55,8,5576,0,0
1251,7520,EC,2025-10-21,169657,11.08,0,2788,0,0
1251,7520,EC,2025-10-21,169658,3.3,8,2788,0,0
1251,7520,EC,2025-10-21,169659,2.52,17,5576,0,0
1251,7520,EC,2025-10-21,169660,0.17,8,1394,0,0
1251,7520,EC,2025-10-21,169662,2.79,8,2788,0,1
1251,7520,EC,2025-10-21,171431,0.0,0,0,0,0
1251,7520,EC,2025-10-21,171432,0.0,0,0,0,0
1251,7520,EC,2025-10-21,171433,0.21,0,1394,0,0
1251,7520,EC,2025-10-21,178393,0.0,0,0,0,0
1251,7520,EC,2025-10-21,178394,0.0,0,0,0,0
1251,7520,EC,2025-10-21,178395,5.36,0,8364,1,2
1251,7520,EC,2025-10-21,178397,1.45,0,2788,0,0
1251,7520,EC,2025-10-21,178399,0.0,0,0,0,0
1251,7520,EC,2025-10-21,178400,0.0,0,0,0,0
1251,7520,EC,2025-10-21,178401,2.61,0,4182,0,0
1251,7520,EC,2025-10-21,178402,0.0,0,0,0,0
1251,7520,EC,2025-10-21,178404,0.7,17,1394,0,0
1251,7520,EC,2025-10-21,178406,0.0,0,0,0,0
1251,7520,EC,2025-10-21,178407,0.0,0,0,0,0
1251,7520,EC,2025-10-21,185841,0.75,0,1394,0,0
1251,7520,EC,2025-10-21,185842,1.84,8,2788,0,0
1251,7520,EC,2025-10-21,185843,0.34,0,1394,0,0
1251,7520,EC,2025-10-21,185844,4.4,0,4182,0,0
1251,7520,EC,2025-10-21,185847,0.0,0,0,0,0
1251,7520,EC,2025-10-21,185862,0.0,8,0,0,0
1251,7520,EC,2025-10-21,185863,2.62,0,5576,0,0
1251,7520,EC,2025-10-21,185864,0.0,0,0,0,0
1251,7520,EC,2025-10-21,185865,2.28,25,11152,0,0
1251,7520,EC,2025-10-21,185866,3.79,17,12546,0,0
1251,7520,EC,2025-10-21,185868,0.0,0,0,0,0
1251,7520,EC,2025-10-21,185883,0.0,17,0,0,0
1251,7520,EC,2025-10-21,185884,0.0,0,0,0,0
1251,7520,EC,2025-10-21,185885,0.0,0,0,0,0
1251,7520,EC,2025-10-21,185886,0.0,8,0,0,0
1251,7520,EC,2025-10-21,185888,0.0,0,0,0,0
1251,7520,EC,2025-10-21,185889,0.0,0,0,0,0
1251,7520,EC,2025-10-21,185895,3.3,17,6970,0,1
1251,7520,EC,2025-10-21,185897,0.0,0,0,0,0
1251,7520,EC,2025-10-21,185900,0.0,0,0,0,0
1251,7520,EC,2025-10-21,193178,0.0,0,0,0,0
1251,7520,EC,2025-10-21,193179,0.0,0,0,0,0
1251,7520,EC,2025-10-21,193181,0.0,0,0,0,0
1251,7520,EC,2025-10-21,198841,0.0,0,0,0,0
1251,7520,EC,2025-10-21,198842,0.0,0,0,0,0
1251,7520,EC,2025-10-21,198843,1.3,8,1394,0,0
1251,7520,EC,2025-10-21,198844,8.24,8,4182,0,0
1251,7520,EC,2025-10-21,198845,0.0,0,0,0,0
1251,7520,EC,2025-10-21,198847,1.91,0,1394,0,0
1251,7520,EC,2025-10-21,199723,0.58,0,2788,0,1
1251,7520,EC,2025-10-21,199724,9.17,8,9758,0,1
1251,7520,EC,2025-10-21,199725,0.88,34,2788,1,3
1251,7520,EC,2025-10-21,199727,0.59,0,1394,0,0
1251,7520,EC,2025-10-21,199729,1.08,0,1394,0,0
1251,7520,EC,2025-10-21,200172,1.52,8,4182,0,0
1251,7520,EC,2025-10-21,200173,8.58,17,8364,1,3
1251,7520,EC,2025-10-21,200174,4.31,17,5576,1,2
1251,7520,EC,2025-10-21,200175,24.73,42,37638,1,6
1251,7520,EC,2025-10-21,200176,3.27,8,5576,0,2
1251,7520,EC,2025-10-21,200178,4.93,8,9758,0,1
1251,7520,EC,2025-10-21,206105,0.78,0,2788,0,1
1251,7520,EC,2025-10-21,206106,1.96,0,1394,2,0
1251,7520,EC,2025-10-21,206107,0.25,42,1394,0,0
1251,7520,EC,2025-10-21,206108,21.8,0,33456,0,2
1251,7520,EC,2025-10-21,206109,1.02,0,1394,1,1
1251,7520,EC,2025-10-21,206110,0.0,0,0,0,0
1251,7520,EC,2025-10-21,206111,1.13,8,2788,0,0
1251,7520,EC,2025-10-21,206947,5.69,34,4182,0,1
1251,7520,EC,2025-10-21,206948,6.59,34,5576,0,0
1251,7520,EC,2025-10-21,215737,0.0,0,0,0,1
1251,7520,EC,2025-10-21,215742,0.0,0,0,0,2
1251,7520,EC,2025-10-21,215744,1.48,17,1394,0,0
1251,7520,EC,2025-10-21,215745,2.0,0,2788,0,0
1251,7520,EC,2025-10-21,215747,0.0,0,0,0,0
1251,7520,EC,2025-10-21,215748,0.25,0,1394,0,0
1251,7520,EC,2025-10-21,215750,0.5,0,1394,0,0
1251,7520,EC,2025-10-21,215751,0.0,0,0,0,0
1251,7520,EC,2025-10-21,215752,2.42,0,2788,0,0
1251,7520,EC,2025-10-21,215753,0.0,8,0,0,0
1251,7520,EC,2025-10-21,215754,0.0,8,0,0,0
1251,7520,EC,2025-10-21,215755,0.0,8,0,0,0
1251,7520,EC,2025-10-21,215757,0.48,0,1394,0,0
1251,7520,EC,2025-10-21,215758,0.0,0,0,0,0
1251,7520,EC,2025-10-21,215760,5.89,0,1394,0,0
1251,7520,EC,2025-10-21,215761,0.0,8,0,0,0
1251,7520,EC,2025-10-21,215762,2.92,0,12546,0,0
1251,7520,EC,2025-10-21,215763,12.67,17,4182,0,0
1251,7520,EC,2025-10-21,215764,0.0,8,0,0,0
1251,7520,EC,2025-10-21,215765,0.22,0,1394,0,0
1251,7520,EC,2025-10-21,215767,0.0,0,0,0,0
1251,7520,EC,2025-10-21,215768,0.0,8,0,0,0
1251,7520,EC,2025-10-21,215770,1.68,17,5576,0,0
1251,7520,EC,2025-10-21,215772,4.06,8,4182,0,0
1251,7520,EC,2025-10-21,215773,0.19,0,1394,0,0
1251,7520,EC,2025-10-21,215774,14.78,8,8364,0,0
1251,7520,EC,2025-10-21,215775,0.0,0,0,0,0
1251,7520,EC,2025-10-21,215776,2.88,8,2788,0,0
1251,7520,EC,2025-10-21,215777,0.0,0,0,0,0
1251,7520,EC,2025-10-21,215778,11.12,51,22304,1,2
1251,7520,EC,2025-10-21,215779,0.0,0,0,0,0
1251,7520,EC,2025-10-21,222498,24.6,51,29274,0,1
1251,7520,EC,2025-10-21,222499,29.54,25,25092,4,6
1251,7520,EC,2025-10-21,222500,9.94,288,6970,0,1
1252,7521,EC,2025-10-21,169776,0.0,0,0,0,0
1252,7521,EC,2025-10-21,169777,6.58,34,9758,0,2
1252,7521,EC,2025-10-21,169778,2.07,17,5576,0,0
1252,7521,EC,2025-10-21,169779,26.38,34,20910,1,2
1252,7521,EC,2025-10-21,169780,0.99,0,1394,0,0
1252,7521,EC,2025-10-21,169782,4.49,17,4182,0,0
1252,7521,EC,2025-10-21,180357,0.0,0,0,0,0
1252,7521,EC,2025-10-21,180358,0.0,0,0,0,0
1252,7521,EC,2025-10-21,180359,0.0,17,0,1,0
1252,7521,EC,2025-10-21,180360,37.2,8,12546,1,3
1252,7521,EC,2025-10-21,180361,1.44,0,1394,0,0
1252,7521,EC,2025-10-21,180363,0.0,0,0,0,0
1252,7521,EC,2025-10-21,198765,0.0,0,0,0,0
1252,7521,EC,2025-10-21,198766,3.15,51,6970,0,0
1252,7521,EC,2025-10-21,198767,3.8,0,1394,1,1
1252,7521,EC,2025-10-21,198768,32.22,85,37638,3,8
1252,7521,EC,2025-10-21,198769,7.28,0,1394,0,0
1252,7521,EC,2025-10-21,198772,0.0,0,0,0,0
1252,7521,EC,2025-10-21,198773,0.58,8,1394,1,0
1252,7521,EC,2025-10-21,198774,6.59,42,9758,0,0
1252,7521,EC,2025-10-21,198775,6.28,0,16728,0,1
1252,7521,EC,2025-10-21,198776,6.94,0,2788,0,0
1252,7521,EC,2025-10-21,198778,14.06,34,4182,0,0
1252,7521,EC,2025-10-21,198780,12.21,42,13940,0,1
1252,7521,EC,2025-10-21,198781,7.27,34,4182,0,0
1252,7521,EC,2025-10-21,198782,21.29,42,16728,1,5
1252,7521,EC,2025-10-21,198783,8.1,8,6970,2,5
1252,7521,EC,2025-10-21,198799,0.0,0,0,0,0
1252,7521,EC,2025-10-21,198800,6.37,25,13940,1,1
1252,7521,EC,2025-10-21,198801,3.48,34,6970,0,0
1252,7521,EC,2025-10-21,198802,24.71,17,18122,1,1
1252,7521,EC,2025-10-21,198803,0.0,0,0,0,0
1252,7521,EC,2025-10-21,198805,13.29,51,5576,0,0
1252,7521,EC,2025-10-21,211158,0.0,0,0,0,0
1252,7521,EC,2025-10-21,211159,10.58,34,16728,0,0
1252,7521,EC,2025-10-21,211160,0.0,17,0,0,0
1252,7521,EC,2025-10-21,211161,41.55,34,29274,1,2
1252,7521,EC,2025-10-21,211162,4.16,17,5576,0,2
1252,7521,EC,2025-10-21,211164,3.39,8,4182,0,0
1252,7521,EC,2025-10-21,214314,0.0,0,0,0,0
1252,7521,EC,2025-10-21,215274,0.0,0,0,0,0
1252,7521,EC,2025-10-21,215275,1.37,0,1394,0,0
1252,7521,EC,2025-10-21,215276,1.31,34,1394,0,0
1252,7521,EC,2025-10-21,215277,58.11,0,29274,0,5
1252,7521,EC,2025-10-21,215278,0.0,0,0,0,0
1252,7521,EC,2025-10-21,215280,31.87,85,18122,0,1
1252,7521,EC,2025-10-21,221211,0.0,0,0,0,0
1252,7521,EC,2025-10-21,221212,4.33,8,6970,1,0
1252,7521,EC,2025-10-21,221213,4.33,17,1394,0,0
1252,7521,EC,2025-10-21,221214,14.03,25,5576,0,2
1252,7521,EC,2025-10-21,221215,0.0,17,0,0,0
1252,7521,EC,2025-10-21,221217,0.0,8,0,0,0
1252,7522,EC,2025-10-21,169698,2.48,0,1394,0,1
1252,7522,EC,2025-10-21,169699,0.22,0,1394,0,1
1252,7522,EC,2025-10-21,169700,0.0,8,0,0,0
1252,7522,EC,2025-10-21,169701,2.68,8,2788,0,0
1252,7522,EC,2025-10-21,169702,0.0,0,0,0,0
1252,7522,EC,2025-10-21,169704,2.1,0,2788,0,0
1252,7522,EC,2025-10-21,169719,0.0,0,0,0,0
1252,7522,EC,2025-10-21,169720,0.0,0,0,0,0
1252,7522,EC,2025-10-21,169721,0.0,0,0,0,0
1252,7522,EC,2025-10-21,169722,5.12,8,6970,1,5
1252,7522,EC,2025-10-21,169723,0.0,0,0,0,0
1252,7522,EC,2025-10-21,169725,5.49,8,4182,0,0
1252,7522,EC,2025-10-21,180343,0.0,0,0,0,0
1252,7522,EC,2025-10-21,180344,0.72,0,1394,0,0
1252,7522,EC,2025-10-21,180345,0.0,0,0,1,0
1252,7522,EC,2025-10-21,180346,0.0,0,0,0,1
1252,7522,EC,2025-10-21,180347,0.32,0,1394,0,1
1252,7522,EC,2025-10-21,180349,0.0,0,0,0,0
1252,7522,EC,2025-10-21,192876,0.0,0,0,0,0
1252,7522,EC,2025-10-21,192877,0.0,8,0,0,0
1252,7522,EC,2025-10-21,192878,4.45,8,1394,0,1
1252,7522,EC,2025-10-21,192879,3.03,0,2788,1,4
1252,7522,EC,2025-10-21,192880,1.1,8,1394,0,0
1252,7522,EC,2025-10-21,192882,0.0,0,0,0,0
1252,7522,EC,2025-10-21,192883,0.0,0,0,0,0
1252,7522,EC,2025-10-21,192884,0.0,8,0,0,0
1252,7522,EC,2025-10-21,192885,0.0,0,0,0,0
1252,7522,EC,2025-10-21,192886,0.67,0,1394,0,0
1252,7522,EC,2025-10-21,192887,0.0,0,0,0,0
1252,7522,EC,2025-10-21,192890,0.0,0,0,0,0
1252,7522,EC,2025-10-21,192891,0.0,0,0,0,0
1252,7522,EC,2025-10-21,192892,17.84,8,1394,0,0
1252,7522,EC,2025-10-21,192893,1.45,8,4182,1,4
1252,7522,EC,2025-10-21,192894,0.0,8,0,0,0
1252,7522,EC,2025-10-21,192896,1.39,25,2788,1,1
1252,7522,EC,2025-10-21,192905,1.02,0,1394,0,0
1252,7522,EC,2025-10-21,192906,0.0,0,0,0,2
1252,7522,EC,2025-10-21,192907,6.02,8,8364,1,4
1252,7522,EC,2025-10-21,192908,0.0,0,0,0,0
1252,7522,EC,2025-10-21,192910,9.75,34,8364,0,0
1252,7522,EC,2025-10-21,198737,0.0,0,0,0,0
1252,7522,EC,2025-10-21,198738,0.0,0,0,0,0
1252,7522,EC,2025-10-21,198739,10.24,17,2788,0,1
1252,7522,EC,2025-10-21,198740,11.34,0,13940,0,0
1252,7522,EC,2025-10-21,198741,0.0,0,0,0,0
1252,7522,EC,2025-10-21,198743,2.87,8,4182,0,0
1252,7522,EC,2025-10-21,198744,0.0,0,0,0,0
1252,7522,EC,2025-10-21,198745,0.17,8,1394,0,0
1252,7522,EC,2025-10-21,198746,0.0,0,0,0,1
1252,7522,EC,2025-10-21,198747,1.85,0,6970,2,2
1252,7522,EC,2025-10-21,198748,1.23,8,1394,0,0
1252,7522,EC,2025-10-21,198755,0.0,0,0,0,0
1252,7522,EC,2025-10-21,207466,30.42,8,9758,0,2
1252,7522,EC,2025-10-21,207467,33.47,42,18122,3,5
1252,7522,EC,2025-10-21,207470,18.95,25,15334,0,1
1252,7522,EC,2025-10-21,207471,32.76,34,15334,0,2
1252,7522,EC,2025-10-21,213498,0.0,0,0,0,0
1252,7522,EC,2025-10-21,213499,0.0,8,0,1,1
1252,7522,EC,2025-10-21,213500,4.22,0,1394,0,1
1252,7522,EC,2025-10-21,213501,6.28,0,8364,1,2
1252,7522,EC,2025-10-21,213502,0.33,0,1394,0,0
1252,7522,EC,2025-10-21,213503,16.29,76,16728,0,1
1252,7522,EC,2025-10-21,213504,0.0,0,0,1,1
1252,7522,EC,2025-10-21,213505,8.71,25,19516,0,1
1252,7522,EC,2025-10-21,213506,2.94,8,1394,0,0
1252,7522,EC,2025-10-21,214305,0.0,8,0,1,1
1252,7522,EC,2025-10-21,214306,0.0,0,0,0,0
1252,7522,EC,2025-10-21,214307,6.64,17,8364,1,1
1252,7522,EC,2025-10-21,214308,0.42,0,1394,0,0
1252,7522,EC,2025-10-21,214310,0.0,8,0,0,1
1252,7522,EC,2025-10-21,218184,0.0,0,0,0,0
1252,7522,EC,2025-10-21,218185,0.79,8,2788,0,0
1252,7522,EC,2025-10-21,218186,0.33,0,1394,0,1
1252,7522,EC,2025-10-21,218187,3.76,25,11152,0,1
1252,7522,EC,2025-10-21,218188,0.55,0,1394,0,0
1252,7522,EC,2025-10-21,218192,0.0,0,0,0,0
1252,7522,EC,2025-10-21,218193,0.0,0,0,0,0
1252,7522,EC,2025-10-21,220179,0.0,0,0,0,0
1252,7522,EC,2025-10-21,220187,0.0,0,0,0,0
1252,7522,EC,2025-10-21,220196,0.0,0,0,0,0
1252,7522,EC,2025-10-21,221187,1.52,0,1394,0,0
1252,7522,EC,2025-10-21,221188,2.83,17,2788,0,0
1252,7522,EC,2025-10-21,221189,0.42,8,1394,0,0
1252,7522,EC,2025-10-21,221190,1.21,8,2788,0,0
1252,7522,EC,2025-10-21,221191,1.86,0,2788,1,0
1252,7522,EC,2025-10-21,221193,0.0,0,0,0,1
1252,7522,EC,2025-10-21,221194,0.0,0,0,0,0
1252,7522,EC,2025-10-21,221195,1.69,0,2788,0,0
1252,7522,EC,2025-10-21,221196,29.17,8,23698,2,4
1252,7522,EC,2025-10-21,221197,0.0,0,0,0,0
1252,7522,EC,2025-10-21,221198,6.4,8,1394,0,0
1252,7522,EC,2025-10-21,221199,0.33,0,1394,0,0
1252,7522,EC,2025-10-21,221200,3.23,42,9758,0,0
1252,7522,EC,2025-10-21,221201,0.0,0,0,1,1
1252,7522,EC,2025-10-21,221202,0.0,8,0,0,0
1252,7522,EC,2025-10-21,221206,0.0,0,0,0,0
1252,7522,EC,2025-10-21,221207,7.8,8,4182,0,0
1252,7522,EC,2025-10-21,221209,0.98,0,1394,0,0
1252,7522,EC,2025-10-21,221210,0.0,0,0,0,0
1252,7522,EC,2025-10-21,223267,0.0,0,0,0,0
1252,7522,EC,2025-10-21,223268,0.0,0,0,0,0
1252,7522,EC,2025-10-21,223269,0.0,0,0,0,0
1252,7522,EC,2025-10-21,223270,0.0,0,0,0,0
1252,7522,EC,2025-10-21,223271,0.0,0,0,0,0
1252,7522,EC,2025-10-21,223272,0.0,0,0,0,0
1252,7522,EC,2025-10-21,223273,14.88,34,13940,0,0
1252,7522,EC,2025-10-21,223274,5.06,25,6970,0,0
1252,7522,EC,2025-10-21,223275,10.19,34,1394,0,0
1252,7522,EC,2025-10-21,223276,0.0,0,0,0,0
1252,7522,EC,2025-10-21,224104,0.0,17,0,0,0
1252,7522,EC,2025-10-21,224105,12.32,8,4182,1,2
1252,7522,EC,2025-10-21,224106,1.8,0,1394,0,0
1252,7522,EC,2025-10-21,224107,3.88,0,4182,0,1
1252,7522,EC,2025-10-21,224108,1.36,0,4182,0,1
1252,7522,EC,2025-10-21,224109,0.0,0,0,0,0
1252,7522,EC,2025-10-21,224110,0.0,0,0,0,1
1252,7522,EC,2025-10-21,224111,2.05,0,2788,0,0
1252,7522,EC,2025-10-21,224112,0.0,0,0,0,0
1252,7522,EC,2025-10-21,224113,1.22,17,4182,0,4
1252,7522,EC,2025-10-21,224114,1.61,0,2788,0,0
1252,7522,EC,2025-10-21,224116,0.0,0,0,0,0
1252,7522,EC,2025-10-21,224117,76.41,8,4182,1,0
1252,7522,EC,2025-10-21,224118,15.36,34,6970,0,0
1252,7522,EC,2025-10-21,224119,0.0,25,0,0,0
1252,7522,EC,2025-10-21,224120,0.0,8,0,0,0
1252,7522,EC,2025-10-21,224122,0.0,0,0,0,0
1252,7522,EC,2025-10-21,224123,0.0,0,0,0,0
1252,7522,EC,2025-10-21,224124,0.0,0,0,0,0
1252,7522,EC,2025-10-21,224125,0.0,0,0,0,0
1252,7522,EC,2025-10-21,224126,0.0,0,0,0,0
1252,7522,EC,2025-10-21,224128,0.0,0,0,0,0
1252,7522,EC,2025-10-21,224129,0.0,0,0,0,0
1252,7522,EC,2025-10-21,224130,3.31,17,2788,0,1
1252,7522,EC,2025-10-21,224131,13.04,42,11152,1,2
1252,7522,EC,2025-10-21,224132,0.0,0,0,0,0
1252,7522,EC,2025-10-21,224134,0.0,0,0,0,0
1252,7522,EC,2025-10-21,224135,0.38,8,1394,0,0
1252,7522,EC,2025-10-21,224136,0.0,8,0,0,0
1252,7522,EC,2025-10-21,224137,0.95,0,2788,1,0
1252,7522,EC,2025-10-21,224138,0.0,8,0,0,0
1252,7522,EC,2025-10-21,224139,0.0,0,0,0,0
1252,7522,EC,2025-10-21,224140,0.0,0,0,0,0
1252,7522,EC,2025-10-21,224141,3.7,17,12546,0,0
1252,7522,EC,2025-10-21,224142,0.0,0,0,0,0
1252,7522,EC,2025-10-21,224143,0.0,8,0,0,0
1252,7522,EC,2025-10-21,224144,0.43,8,1394,0,1
1252,7522,EC,2025-10-21,224145,1.43,8,5576,2,3
1252,7522,EC,2025-10-21,224146,0.36,17,1394,0,0
1252,7522,EC,2025-10-21,224150,0.0,0,0,0,0
1252,7522,EC,2025-10-21,224151,0.0,0,0,0,0
1252,7522,EC,2025-10-21,224153,0.0,0,0,0,0
1251,9092,GT,2025-10-21,222434,3.19,0,4182,0,0
1251,9092,GT,2025-10-21,222435,7.11,8,13940,0,1
1251,9092,GT,2025-10-21,222436,0.0,0,0,0,0
1251,9092,GT,2025-10-21,222437,7.95,0,12546,0,2
1251,9092,GT,2025-10-21,222438,1.3,0,2788,0,0
1251,9092,GT,2025-10-21,222439,1.56,0,2788,0,0
1251,9092,GT,2025-10-21,222440,2.11,0,5576,0,1
1251,9092,GT,2025-10-21,222441,0.0,0,0,0,0
1251,9092,GT,2025-10-21,222442,1.44,0,1394,0,0
1251,9092,GT,2025-10-21,222443,0.0,0,0,1,2
1251,9092,GT,2025-10-21,222444,1.8,0,1394,0,0
1251,9092,GT,2025-10-21,222445,0.39,8,1394,0,0
1251,9092,GT,2025-10-21,222446,2.24,0,1394,0,0
1251,9092,GT,2025-10-21,222447,2.03,0,1394,0,0
1251,9092,GT,2025-10-21,222448,5.18,8,8364,1,1
1251,9092,GT,2025-10-21,222449,0.0,0,0,0,0
1251,9092,GT,2025-10-21,222450,2.87,0,4182,0,0
1251,9092,GT,2025-10-21,222451,0.42,0,1394,0,0
1251,9092,GT,2025-10-21,222452,0.0,0,0,0,0
1251,9092,GT,2025-10-21,222453,1.14,0,4182,0,1
1251,9092,GT,2025-10-21,222454,6.41,0,6970,0,1
1251,9092,GT,2025-10-21,222455,6.0,17,5576,0,0
1251,9092,GT,2025-10-21,222456,0.0,0,0,0,0
1251,9092,GT,2025-10-21,222457,2.09,8,4182,0,0
1251,9092,GT,2025-10-21,222458,6.21,0,6970,0,1
1251,9092,GT,2025-10-21,222459,2.15,0,4182,0,0
1251,9092,GT,2025-10-21,222460,3.51,0,8364,0,0
1251,9092,GT,2025-10-21,222461,1.04,0,1394,0,0
1251,9092,GT,2025-10-21,222462,0.0,8,0,0,0
1251,9092,GT,2025-10-21,222463,3.38,0,6970,0,1
1251,9092,GT,2025-10-21,222464,0.0,8,0,0,2
1251,9092,GT,2025-10-21,222465,0.0,0,0,0,0
1251,9092,GT,2025-10-21,222466,7.98,0,4182,0,1
1251,9092,GT,2025-10-21,222467,1.52,0,2788,1,1
1251,9092,GT,2025-10-21,222468,1.25,0,4182,0,1
1251,9092,GT,2025-10-21,222470,4.32,17,5576,0,0
1251,9092,GT,2025-10-21,222471,0.94,0,1394,0,0
1251,9092,GT,2025-10-21,222472,11.01,8,13940,1,1
1251,9092,GT,2025-10-21,224840,0.0,8,0,0,0
1251,9092,GT,2025-10-21,224841,2.85,59,2788,0,0
1251,9092,GT,2025-10-21,224842,1.21,17,1394,0,0
1251,9092,GT,2025-10-21,224843,4.27,8,4182,0,0
1251,9092,GT,2025-10-21,224844,0.0,0,0,0,0
1251,9092,GT,2025-10-21,224846,3.06,34,2788,0,0
3151,8407,GT,2025-10-21,210778,0.0,0,0,0,0
3151,8407,GT,2025-10-21,210779,0.0,0,0,0,0
3151,8407,GT,2025-10-21,210780,0.0,0,0,0,0
3151,8407,GT,2025-10-21,210781,2.95,0,5576,0,1
3151,8407,GT,2025-10-21,210782,0.6,8,1394,0,0
3151,8407,GT,2025-10-21,210784,0.0,0,0,0,0
3151,8407,GT,2025-10-21,210792,0.0,0,0,0,0
3151,8407,GT,2025-10-21,210793,0.45,17,1394,0,0
3151,8407,GT,2025-10-21,210794,0.96,0,1394,0,0
3151,8407,GT,2025-10-21,210795,6.75,8,11152,0,0
3151,8407,GT,2025-10-21,210796,0.0,0,0,0,0
3151,8407,GT,2025-10-21,210798,0.0,0,0,0,1
3151,8407,GT,2025-10-21,210805,0.0,0,0,0,0
3151,8407,GT,2025-10-21,210806,0.6,0,1394,0,0
3151,8407,GT,2025-10-21,210807,0.0,0,0,0,0
3151,8407,GT,2025-10-21,210808,1.57,0,4182,1,0
3151,8407,GT,2025-10-21,210809,0.91,0,1394,0,0
3151,8407,GT,2025-10-21,210811,0.85,0,2788,0,0
3151,8407,GT,2025-10-21,215815,0.0,0,0,0,0
3151,8407,GT,2025-10-21,215817,0.0,0,0,0,0
3151,8407,GT,2025-10-21,215819,0.45,0,1394,0,0
3151,8407,GT,2025-10-21,215820,2.45,0,4182,0,0
3151,8407,GT,2025-10-21,215823,0.0,0,0,0,0
3151,8407,GT,2025-10-21,218623,0.0,0,0,0,0
3151,8407,GT,2025-10-21,218624,0.0,0,0,0,0
3151,8407,GT,2025-10-21,218625,0.0,0,0,0,0
3151,8407,GT,2025-10-21,218626,0.58,8,1394,0,1
3151,8407,GT,2025-10-21,218627,2.66,0,1394,0,0
3151,8407,GT,2025-10-21,218629,6.98,0,1394,0,0
3151,8407,GT,2025-10-21,219237,0.0,0,0,0,0
3151,8407,GT,2025-10-21,219238,0.0,0,0,0,0
3151,8407,GT,2025-10-21,219239,0.0,0,0,0,0
3151,8407,GT,2025-10-21,219240,0.92,0,1394,0,0
3151,8407,GT,2025-10-21,219241,0.0,0,0,0,0
3151,8407,GT,2025-10-21,219242,0.0,0,0,0,0
3151,8407,GT,2025-10-21,219243,0.0,0,0,0,0
3151,8407,GT,2025-10-21,221223,0.81,0,1394,0,0
3151,8407,GT,2025-10-21,221224,2.89,0,2788,0,0
3151,8407,GT,2025-10-21,221225,0.64,0,1394,0,0
3151,8407,GT,2025-10-21,221226,0.0,0,0,0,1
3151,8407,GT,2025-10-21,221227,7.46,0,1394,0,0
3151,8407,GT,2025-10-21,221229,15.04,0,2788,0,0
3151,8407,GT,2025-10-21,221230,0.0,17,0,0,0
3151,8407,GT,2025-10-21,221231,0.0,8,0,0,1
3151,8407,GT,2025-10-21,221232,0.0,8,0,0,0
3151,8407,GT,2025-10-21,221233,6.54,8,5576,0,0
3151,8407,GT,2025-10-21,221234,0.81,0,1394,0,0
3151,8407,GT,2025-10-21,221237,0.0,0,0,0,0
3151,8407,GT,2025-10-21,221238,0.0,0,0,0,0
3151,8407,GT,2025-10-21,221239,0.0,8,0,0,0
3151,8407,GT,2025-10-21,221240,1.29,0,1394,0,0
3151,8407,GT,2025-10-21,221241,2.18,0,2788,0,0
3151,8407,GT,2025-10-21,221826,0.0,0,0,0,0
3151,8407,GT,2025-10-21,223278,0.0,0,0,0,0
3151,8407,GT,2025-10-21,223279,0.76,8,1394,0,0
3151,8407,GT,2025-10-21,223280,0.0,0,0,0,0
3151,8407,GT,2025-10-21,223281,1.26,0,1394,0,0
3151,8407,GT,2025-10-21,223282,1.06,0,1394,0,0
3151,8407,GT,2025-10-21,223284,0.0,0,0,0,0
3151,8407,GT,2025-10-21,223771,0.68,0,2788,0,0
3151,8407,GT,2025-10-21,223772,0.0,0,0,0,0
3151,8407,GT,2025-10-21,223773,0.0,8,0,0,1
3151,8407,GT,2025-10-21,224154,0.0,0,0,0,0
3151,8407,GT,2025-10-21,224155,0.65,8,1394,0,1
3151,8407,GT,2025-10-21,224156,0.0,0,0,0,0
3151,8407,GT,2025-10-21,224157,0.23,0,1394,0,0
3151,8407,GT,2025-10-21,224158,0.0,0,0,0,0
3151,8407,GT,2025-10-21,224160,0.0,8,0,0,0
3151,8407,GT,2025-10-21,224847,2.36,8,1394,0,0
3151,8407,GT,2025-10-21,224848,8.3,59,8364,0,0
3151,8407,GT,2025-10-21,224849,4.88,42,1394,0,0
3151,8407,GT,2025-10-21,224850,15.09,25,13940,0,0
3151,8407,GT,2025-10-21,224851,0.0,8,0,0,0
3151,8407,GT,2025-10-21,224853,2.39,17,1394,0,0
1251,9126,HN,2025-10-21,223902,36.4,0,1394,0,0
1251,9126,HN,2025-10-21,223903,5.38,17,9758,0,0
1251,9126,HN,2025-10-21,223904,0.23,0,1394,0,0
1251,9126,HN,2025-10-21,223905,3.36,34,6970,0,0
1251,9126,HN,2025-10-21,223906,9.01,25,20910,0,0
1251,9126,HN,2025-10-21,223907,1.63,0,2788,0,0
1251,9126,HN,2025-10-21,223908,2.26,25,5576,0,0
1251,9126,HN,2025-10-21,223909,4.14,8,13940,0,1
1251,9126,HN,2025-10-21,223910,9.67,68,23698,0,0
1251,9126,HN,2025-10-21,223911,1.78,17,4182,0,0
1251,9126,HN,2025-10-21,223912,0.0,8,0,0,0
1251,9126,HN,2025-10-21,223913,2.03,17,4182,0,0
1251,9126,HN,2025-10-21,223914,0.0,8,0,0,0
1251,9126,HN,2025-10-21,223915,14.56,76,20910,0,3
1251,9126,HN,2025-10-21,223916,3.22,17,6970,0,0
1251,9126,HN,2025-10-21,223917,0.0,0,0,0,0
1251,9126,HN,2025-10-21,223918,3.4,8,5576,0,0
1251,9126,HN,2025-10-21,223919,1.79,8,4182,0,0
1251,9126,HN,2025-10-21,223920,0.86,25,2788,0,0
1251,9126,HN,2025-10-21,223921,6.87,25,5576,0,0
1251,9126,HN,2025-10-21,223922,1.26,0,1394,0,0
1251,9126,HN,2025-10-21,223923,5.15,0,2788,0,0
1251,9126,HN,2025-10-21,223924,1.22,0,5576,0,0
1251,9126,HN,2025-10-21,223925,0.58,8,2788,0,1
1251,9126,HN,2025-10-21,223926,3.07,17,5576,0,2
1251,9126,HN,2025-10-21,223927,0.0,8,0,0,0
1251,9126,HN,2025-10-21,223928,2.47,25,5576,0,0
1251,9126,HN,2025-10-21,223929,0.0,0,0,0,0
1251,9126,HN,2025-10-21,223930,3.11,0,8364,0,0
1251,9126,HN,2025-10-21,223931,2.22,17,5576,0,0
1251,9126,HN,2025-10-21,223932,0.0,0,0,0,0
1251,9126,HN,2025-10-21,223933,0.48,17,1394,0,1
1251,9126,HN,2025-10-21,223934,0.23,8,1394,0,0
1251,9126,HN,2025-10-21,223935,5.81,17,15334,0,0
1251,9126,HN,2025-10-21,223936,0.86,8,1394,0,0
1847,7523,HN,2025-10-21,207904,0.0,8,0,0,0
1847,7523,HN,2025-10-21,207905,6.64,0,2788,0,0
1847,7523,HN,2025-10-21,207906,0.8,0,1394,0,0
1847,7523,HN,2025-10-21,207907,3.59,0,4182,0,0
1847,7523,HN,2025-10-21,207908,0.0,34,0,0,1
1847,7523,HN,2025-10-21,207910,0.0,0,0,0,0
1847,7523,HN,2025-10-21,211405,0.0,8,0,0,0
1847,7523,HN,2025-10-21,211406,0.6,0,2788,1,1
1847,7523,HN,2025-10-21,211408,1.4,0,2788,0,3
1847,7523,HN,2025-10-21,211409,0.0,0,0,0,0
1847,7523,HN,2025-10-21,211411,2.41,17,8364,0,1
1847,7523,HN,2025-10-21,211412,0.43,0,1394,0,0
1847,7523,HN,2025-10-21,211413,3.15,34,9758,0,2
1847,7523,HN,2025-10-21,211414,1.77,42,4182,0,0
1847,7523,HN,2025-10-21,211415,2.33,0,8364,0,2
1847,7523,HN,2025-10-21,211416,1.46,25,5576,0,0
1847,7523,HN,2025-10-21,211418,0.51,0,2788,0,0
1847,7523,HN,2025-10-21,219999,0.55,0,1394,0,0
1847,7523,HN,2025-10-21,220000,0.18,0,1394,0,0
1847,7523,HN,2025-10-21,220001,0.98,8,2788,0,0
1847,7523,HN,2025-10-21,220002,13.58,8,23698,0,3
1847,7523,HN,2025-10-21,220003,0.0,0,0,0,0
1847,7523,HN,2025-10-21,220005,0.25,17,1394,0,0
1847,7523,HN,2025-10-21,223395,0.0,0,0,0,0
1847,7523,HN,2025-10-21,223396,0.0,0,0,0,1
1847,7523,HN,2025-10-21,223397,0.47,0,1394,0,0
1251,7519,PE,2025-10-21,179932,0.0,0,0,0,0
1251,7519,PE,2025-10-21,179933,3.58,8,6970,1,1
1251,7519,PE,2025-10-21,179934,5.65,25,2788,0,4
1251,7519,PE,2025-10-21,179935,10.75,25,30668,0,3
1251,7519,PE,2025-10-21,179936,4.98,8,11152,0,1
1251,7519,PE,2025-10-21,179938,1.55,0,5576,0,2
1251,7519,PE,2025-10-21,179955,0.0,0,0,0,0
1251,7519,PE,2025-10-21,179956,0.0,8,0,0,0
1251,7519,PE,2025-10-21,179957,0.0,0,0,0,0
1251,7519,PE,2025-10-21,179958,1.34,0,4182,0,3
1251,7519,PE,2025-10-21,179959,3.14,0,1394,0,0
1251,7519,PE,2025-10-21,180031,0.0,0,0,0,0
1251,7519,PE,2025-10-21,180032,0.0,0,0,0,0
1251,7519,PE,2025-10-21,180033,0.0,0,0,0,0
1251,7519,PE,2025-10-21,180034,0.0,0,0,0,1
1251,7519,PE,2025-10-21,180035,0.0,0,0,0,0
1251,7519,PE,2025-10-21,180037,0.0,8,0,0,0
1251,7519,PE,2025-10-21,180044,0.0,0,0,0,0
1251,7519,PE,2025-10-21,180045,0.0,0,0,0,0
1251,7519,PE,2025-10-21,180046,0.0,0,0,0,0
1251,7519,PE,2025-10-21,180047,0.0,0,0,0,0
1251,7519,PE,2025-10-21,180048,1.17,0,1394,0,0
1251,7519,PE,2025-10-21,180049,0.0,0,0,0,0
1251,7519,PE,2025-10-21,180050,0.0,0,0,0,1
1251,7519,PE,2025-10-21,180051,0.0,0,0,0,0
1251,7519,PE,2025-10-21,180052,0.0,0,0,1,0
1251,7519,PE,2025-10-21,180053,0.0,0,0,0,0
1251,7519,PE,2025-10-21,185056,0.0,0,0,0,0
1251,7519,PE,2025-10-21,185057,0.0,0,0,0,0
1251,7519,PE,2025-10-21,185058,2.88,25,5576,1,1
1251,7519,PE,2025-10-21,185059,3.62,0,6970,1,1
1251,7519,PE,2025-10-21,185060,7.49,0,18122,1,1
1251,7519,PE,2025-10-21,198818,0.0,0,0,0,2
1251,7519,PE,2025-10-21,198819,2.65,8,6970,0,1
1251,7519,PE,2025-10-21,198820,1.22,0,2788,1,1
1251,7519,PE,2025-10-21,198821,15.47,17,37638,2,5
1251,7519,PE,2025-10-21,198822,2.85,8,6970,0,0
1251,7519,PE,2025-10-21,199628,2.28,0,8364,0,1
1251,7519,PE,2025-10-21,199629,2.16,0,2788,0,0
1251,7519,PE,2025-10-21,199630,0.0,8,0,0,3
1251,7519,PE,2025-10-21,199631,1.55,0,4182,1,1
1251,7519,PE,2025-10-21,199632,3.96,0,9758,0,0
1251,7519,PE,2025-10-21,199709,0.0,0,0,0,0
1251,7519,PE,2025-10-21,199710,0.0,0,0,0,0
1251,7519,PE,2025-10-21,199712,0.0,0,0,0,0
1251,7519,PE,2025-10-21,199713,0.0,0,0,0,0
1251,7519,PE,2025-10-21,206947,0.0,0,0,0,0
1251,7519,PE,2025-10-21,211297,4.54,8,16728,1,1
1251,7519,PE,2025-10-21,211298,3.86,8,6970,0,2
1251,7519,PE,2025-10-21,211299,1.39,0,5576,0,0
1251,7519,PE,2025-10-21,211300,3.01,0,8364,0,1
1251,7519,PE,2025-10-21,211301,0.66,8,2788,0,0
1251,7519,PE,2025-10-21,211302,2.31,0,8364,0,3
1251,7519,PE,2025-10-21,211303,0.46,0,1394,0,0
1251,7519,PE,2025-10-21,211304,8.27,8,32062,2,4
1251,7519,PE,2025-10-21,211305,2.17,25,5576,0,0
1251,7519,PE,2025-10-21,211306,0.15,17,1394,1,2
1251,7519,PE,2025-10-21,211307,11.81,8,29274,0,4
1251,7519,PE,2025-10-21,211308,0.0,0,0,0,0
1251,7519,PE,2025-10-21,211309,0.8,0,4182,1,1
1251,7519,PE,2025-10-21,211317,1.51,8,5576,0,1
1251,7519,PE,2025-10-21,211318,2.45,0,2788,0,0
1251,7519,PE,2025-10-21,211319,0.21,8,1394,0,0
1251,7519,PE,2025-10-21,211320,12.54,0,2788,0,1
1251,7519,PE,2025-10-21,211321,5.45,0,19516,1,2
1251,7519,PE,2025-10-21,211323,2.66,17,4182,0,1
1251,7519,PE,2025-10-21,215302,0.0,0,0,0,0
1251,7519,PE,2025-10-21,215303,0.0,0,0,0,0
1251,7519,PE,2025-10-21,215304,0.0,0,0,0,0
1251,7519,PE,2025-10-21,215305,0.0,0,0,0,0
1251,7519,PE,2025-10-21,215306,0.0,8,0,0,0
1251,7519,PE,2025-10-21,215709,0.0,0,0,0,0
1251,7519,PE,2025-10-21,215710,4.7,8,15334,1,5
1251,7519,PE,2025-10-21,215711,2.07,17,5576,1,2
1251,7519,PE,2025-10-21,215712,4.68,8,1394,0,0
1251,7519,PE,2025-10-21,215713,7.86,0,6970,0,0
1251,7519,PE,2025-10-21,215715,0.97,8,1394,0,0
1251,7519,PE,2025-10-21,223426,1.64,0,5576,0,2
1251,7519,PE,2025-10-21,223427,0.19,0,1394,1,2
1251,7519,PE,2025-10-21,223429,0.0,25,0,0,4
1251,7519,PE,2025-10-21,223430,3.64,0,8364,0,3
1251,7519,PE,2025-10-21,223431,10.79,17,22304,1,2
1251,7519,PE,2025-10-21,223432,6.62,17,25092,2,11
1251,7517,SV,2025-10-21,179004,0.0,0,0,0,0
1251,7517,SV,2025-10-21,179005,10.2,0,5576,0,0
1251,7517,SV,2025-10-21,179006,0.44,0,1394,0,0
1251,7517,SV,2025-10-21,179007,18.83,34,23698,1,1
1251,7517,SV,2025-10-21,179008,0.34,0,1394,0,0
1251,7517,SV,2025-10-21,179023,2.75,0,2788,0,0
1251,7517,SV,2025-10-21,179024,13.72,0,11152,0,2
1251,7517,SV,2025-10-21,179025,0.58,17,1394,0,1
1251,7517,SV,2025-10-21,179026,9.74,25,16728,2,0
1251,7517,SV,2025-10-21,198877,0.0,0,0,0,0
1251,7517,SV,2025-10-21,198878,0.0,0,0,0,0
1251,7517,SV,2025-10-21,198879,0.0,0,0,0,0
1251,7517,SV,2025-10-21,198880,12.15,25,13940,1,2
1251,7517,SV,2025-10-21,198881,1.29,8,4182,0,0
1251,7517,SV,2025-10-21,198882,0.4,0,1394,0,0
1251,7517,SV,2025-10-21,198883,0.0,0,0,0,0
1251,7517,SV,2025-10-21,198884,0.0,0,0,0,0
1251,7517,SV,2025-10-21,198885,2.64,8,2788,0,0
1251,7517,SV,2025-10-21,198886,0.88,0,2788,0,0
1251,7517,SV,2025-10-21,198887,0.0,0,0,0,0
1251,7517,SV,2025-10-21,198888,0.0,0,0,0,0
1251,7517,SV,2025-10-21,198889,0.0,0,0,0,0
1251,7517,SV,2025-10-21,198890,0.0,0,0,0,0
1251,7517,SV,2025-10-21,198891,0.0,0,0,0,0
1251,7517,SV,2025-10-21,198892,9.24,8,12546,0,1
1251,7517,SV,2025-10-21,198893,2.0,0,6970,0,0
1251,7517,SV,2025-10-21,206128,0.0,0,0,0,0
1251,7517,SV,2025-10-21,206129,0.0,0,0,0,0
1251,7517,SV,2025-10-21,206130,0.0,0,0,0,0
1251,7517,SV,2025-10-21,206131,14.9,8,13940,1,1
1251,7517,SV,2025-10-21,206132,0.0,0,0,0,0
1251,7517,SV,2025-10-21,206133,0.0,0,0,0,0
1251,7517,SV,2025-10-21,206134,2.58,8,1394,1,1
1251,7517,SV,2025-10-21,206135,0.0,0,0,0,0
1251,7517,SV,2025-10-21,206136,1.62,8,4182,1,1
1251,7517,SV,2025-10-21,206137,4.36,17,5576,0,0
1251,7517,SV,2025-10-21,207897,0.0,0,0,0,0
1251,7517,SV,2025-10-21,207898,0.0,0,0,0,0
1251,7517,SV,2025-10-21,207899,0.0,0,0,0,0
1251,7517,SV,2025-10-21,207900,1.56,0,2788,1,2
1251,7517,SV,2025-10-21,207901,0.0,0,0,0,0
1251,7517,SV,2025-10-21,207902,0.0,0,0,0,0
1251,7517,SV,2025-10-21,207903,0.0,0,0,0,0
1251,7517,SV,2025-10-21,215797,5.86,0,2788,0,0
1251,7517,SV,2025-10-21,215798,1.2,0,1394,0,0
1251,7517,SV,2025-10-21,215799,0.44,0,1394,0,0
1251,7517,SV,2025-10-21,215800,2.38,0,1394,0,0
1251,7517,SV,2025-10-21,215801,1.33,8,1394,0,0
1251,7517,SV,2025-10-21,220211,0.63,0,1394,0,0
1251,7517,SV,2025-10-21,220212,0.0,25,0,0,0
1251,7517,SV,2025-10-21,220213,0.42,0,2788,0,1
1251,7517,SV,2025-10-21,220214,0.6,0,1394,0,0
1251,7517,SV,2025-10-21,220215,2.67,8,6970,0,0
3151,8406,SV,2025-10-21,210819,1.11,0,2788,0,0
3151,8406,SV,2025-10-21,210820,2.51,17,6970,1,2
3151,8406,SV,2025-10-21,210821,1.27,0,2788,0,1
3151,8406,SV,2025-10-21,210822,0.51,0,1394,0,5
3151,8406,SV,2025-10-21,210823,0.18,8,1394,0,1
3151,8406,SV,2025-10-21,210825,0.0,0,0,0,0
3151,8406,SV,2025-10-21,210833,0.0,0,0,0,0
3151,8406,SV,2025-10-21,210834,0.0,8,0,0,1
3151,8406,SV,2025-10-21,210835,0.0,0,0,0,0
3151,8406,SV,2025-10-21,210836,2.72,0,6970,1,3
3151,8406,SV,2025-10-21,210837,0.0,8,0,0,2
3151,8406,SV,2025-10-21,210839,0.0,0,0,0,0
3151,8406,SV,2025-10-21,210840,0.0,0,0,0,0
3151,8406,SV,2025-10-21,210841,9.51,0,1394,0,1
3151,8406,SV,2025-10-21,210842,0.32,0,1394,0,0
3151,8406,SV,2025-10-21,210843,15.38,8,23698,3,8
3151,8406,SV,2025-10-21,210846,0.57,8,1394,0,0
3151,8406,SV,2025-10-21,215838,0.0,8,0,0,1
3151,8406,SV,2025-10-21,215839,1.99,8,1394,0,0
3151,8406,SV,2025-10-21,215840,1.63,0,2788,2,1
3151,8406,SV,2025-10-21,215842,0.0,0,0,0,0
3151,8406,SV,2025-10-21,215843,0.0,0,0,0,1
3151,8406,SV,2025-10-21,215844,5.61,8,4182,0,4
3151,8406,SV,2025-10-21,215845,1.31,8,2788,0,1
3151,8406,SV,2025-10-21,215853,0.0,0,0,0,0
3151,8406,SV,2025-10-21,215854,0.0,0,0,0,2
3151,8406,SV,2025-10-21,215855,0.0,0,0,0,0
3151,8406,SV,2025-10-21,215856,0.64,0,2788,0,1
3151,8406,SV,2025-10-21,215857,0.0,0,0,0,0
3151,8406,SV,2025-10-21,215859,0.0,0,0,0,1
3151,8406,SV,2025-10-21,218630,0.0,8,0,0,0
3151,8406,SV,2025-10-21,218631,0.91,0,1394,0,0
3151,8406,SV,2025-10-21,218632,4.36,0,1394,0,0
3151,8406,SV,2025-10-21,218634,0.0,0,0,0,0
3151,8406,SV,2025-10-21,218635,6.7,0,5576,0,2
3151,8406,SV,2025-10-21,218636,0.0,0,0,1,2
3151,8406,SV,2025-10-21,221026,1.37,0,1394,0,1
3151,8406,SV,2025-10-21,221027,0.0,0,0,0,0
3151,8406,SV,2025-10-21,221028,0.0,0,0,0,0
3151,8406,SV,2025-10-21,221030,0.0,0,0,0,1
3151,8406,SV,2025-10-21,221031,9.6,8,5576,0,2
3151,8406,SV,2025-10-21,221032,0.95,8,1394,0,0
3151,8406,SV,2025-10-21,221033,0.0,0,0,1,3
3151,8406,SV,2025-10-21,221034,0.0,0,0,0,0
3151,8406,SV,2025-10-21,221035,0.63,0,2788,1,1
3151,8406,SV,2025-10-21,221036,0.0,0,0,0,0
3151,8406,SV,2025-10-21,221037,0.0,0,0,0,0
3151,8406,SV,2025-10-21,221038,4.98,17,11152,1,2
3151,8406,SV,2025-10-21,221039,1.67,0,2788,0,1
3151,8406,SV,2025-10-21,221242,0.75,0,1394,0,0
3151,8406,SV,2025-10-21,221243,0.39,8,1394,0,4
3151,8406,SV,2025-10-21,221244,0.0,0,0,0,0
3151,8406,SV,2025-10-21,221245,0.57,17,1394,0,1
3151,8406,SV,2025-10-21,221246,0.0,0,0,0,0
3151,8406,SV,2025-10-21,221247,0.0,0,0,0,0
3151,8406,SV,2025-10-21,221248,0.0,0,0,0,0
3151,8406,SV,2025-10-21,221249,0.0,8,0,0,0
3151,8406,SV,2025-10-21,221251,1.36,0,1394,0,0
3151,8406,SV,2025-10-21,221252,1.16,0,1394,0,0
3151,8406,SV,2025-10-21,221253,1.35,17,2788,0,0
3151,8406,SV,2025-10-21,221254,0.0,0,0,0,0
3151,8406,SV,2025-10-21,221255,0.0,0,0,0,0
3151,8406,SV,2025-10-21,221256,0.29,0,1394,1,0
3151,8406,SV,2025-10-21,221258,0.0,0,0,0,0
3151,8406,SV,2025-10-21,221259,7.02,8,4182,5,6
3151,8406,SV,2025-10-21,221260,0.0,0,0,0,0
3151,8406,SV,2025-10-21,221840,0.0,0,0,0,0
3151,8406,SV,2025-10-21,221841,0.0,0,0,0,0
3151,8406,SV,2025-10-21,221842,0.0,0,0,0,0
3151,8406,SV,2025-10-21,221845,0.0,0,0,0,0
3151,8406,SV,2025-10-21,221847,0.0,0,0,0,0
3151,8406,SV,2025-10-21,221848,0.0,8,0,0,0
3151,8406,SV,2025-10-21,221849,0.0,17,0,1,1
3151,8406,SV,2025-10-21,221851,0.27,0,1394,0,0
3151,8406,SV,2025-10-21,221852,4.05,8,8364,0,4
3151,8406,SV,2025-10-21,221853,0.0,0,0,0,0
3151,8406,SV,2025-10-21,221854,2.54,17,2788,0,0
3151,8406,SV,2025-10-21,221855,1.76,17,1394,0,0
3151,8406,SV,2025-10-21,221856,0.0,0,0,1,1
3151,8406,SV,2025-10-21,221858,5.96,0,2788,0,1
3151,8406,SV,2025-10-21,221859,2.82,8,4182,0,0
3151,8406,SV,2025-10-21,221860,0.32,0,1394,0,0
3151,8406,SV,2025-10-21,223768,0.0,0,0,0,0
3151,8406,SV,2025-10-21,223769,0.52,8,1394,0,0
3151,8406,SV,2025-10-21,223770,0.86,0,1394,0,0
3151,8406,SV,2025-10-21,224161,6.6,0,5576,2,6
3151,8406,SV,2025-10-21,224162,0.36,0,1394,0,0
3151,8406,SV,2025-10-21,224163,3.24,0,2788,0,0
3151,8406,SV,2025-10-21,224164,0.0,0,0,0,0
3151,8406,SV,2025-10-21,224165,0.68,8,1394,0,0
3151,8406,SV,2025-10-21,224854,0.0,17,0,0,0
3151,8406,SV,2025-10-21,224855,7.27,25,4182,0,1
3151,8406,SV,2025-10-21,224856,0.66,0,2788,0,1
3151,8406,SV,2025-10-21,224857,25.28,8,26486,0,2
3151,8406,SV,2025-10-21,224858,0.0,8,0,0,0
3151,8406,SV,2025-10-21,224859,0.0,8,0,0,0
3151,8406,SV,2025-10-21,224860,0.0,8,0,0,0
1251,7927,CL,2025-10-22,203179,0.0,0,0,0,0
1251,7927,CL,2025-10-22,203180,10.41,16,4075,0,1
1251,7927,CL,2025-10-22,203181,0.0,0,0,0,0
1251,7927,CL,2025-10-22,203182,0.31,0,1358,0,0
1251,7927,CL,2025-10-22,203183,0.0,0,0,0,0
1251,7927,CL,2025-10-22,203184,0.0,8,0,0,0
1251,7927,CL,2025-10-22,203185,20.81,0,10866,0,0
1251,7927,CL,2025-10-22,203186,7.56,8,1358,0,0
1251,7927,CL,2025-10-22,203187,0.0,8,0,0,0
1251,7927,CL,2025-10-22,203188,12.79,8,14941,0,2
1251,7927,CL,2025-10-22,203189,0.0,0,0,0,0
1251,7927,CL,2025-10-22,203190,0.0,0,0,0,0
1251,7927,CL,2025-10-22,203191,1.65,0,1358,0,0
1251,7927,CL,2025-10-22,203192,4.94,0,2717,0,0
1251,7927,CL,2025-10-22,203193,13.1,8,12225,0,0
1251,7927,CL,2025-10-22,203195,10.99,8,8150,1,1
1251,7927,CL,2025-10-22,203196,9.42,8,10866,1,1
1251,7927,CL,2025-10-22,203197,6.45,0,2717,0,0
1251,7927,CL,2025-10-22,203198,13.0,16,14941,0,1
1251,7927,CL,2025-10-22,203199,14.58,8,28524,0,2
1251,7927,CL,2025-10-22,212691,0.0,0,0,0,0
1251,7927,CL,2025-10-22,212692,1.26,0,4075,0,0
1251,7927,CL,2025-10-22,212693,2.39,16,6791,0,0
1251,7927,CL,2025-10-22,212694,10.29,25,23091,0,1
1251,7927,CL,2025-10-22,212695,0.7,0,5433,0,0
1251,7927,CL,2025-10-22,215780,0.87,0,1358,0,0
1251,7927,CL,2025-10-22,215781,1.4,8,2717,0,0
1251,7927,CL,2025-10-22,215782,0.31,0,1358,0,0
1251,7927,CL,2025-10-22,215783,0.64,0,2717,0,0
1251,7927,CL,2025-10-22,215784,0.0,0,0,0,0
1251,7927,CL,2025-10-22,215785,1.36,0,4075,0,0
1251,7927,CL,2025-10-22,215786,2.21,8,2717,0,0
1251,7927,CL,2025-10-22,215787,0.0,0,0,0,0
1251,7927,CL,2025-10-22,215788,4.33,0,6791,0,0
1251,7927,CL,2025-10-22,215789,0.0,8,0,0,0
1251,7927,CL,2025-10-22,215790,0.0,8,0,0,0
1251,7927,CL,2025-10-22,215791,7.47,0,5433,1,1
1251,7927,CL,2025-10-22,215792,0.0,8,0,0,1
1251,7927,CL,2025-10-22,215793,13.89,8,8150,0,0
1251,7927,CL,2025-10-22,215794,0.47,0,1358,0,0
1251,7927,CL,2025-10-22,220205,0.0,0,0,0,0
1251,7927,CL,2025-10-22,220206,0.0,0,0,0,0
1251,7927,CL,2025-10-22,220208,0.0,0,0,0,0
1251,7927,CL,2025-10-22,222574,18.81,49,19016,2,1
1251,7927,CL,2025-10-22,222575,3.88,0,6791,0,0
1251,7927,CL,2025-10-22,222576,36.68,8,48898,0,1
1251,7518,CR,2025-10-22,197743,5.79,8,12225,0,0
1251,7518,CR,2025-10-22,197744,19.71,270,8150,3,8
1251,7518,CR,2025-10-22,197745,38.01,131,54332,3,4
1251,7518,CR,2025-10-22,199813,0.0,0,0,0,0
1251,7518,CR,2025-10-22,199814,9.03,8,8150,0,1
1251,7518,CR,2025-10-22,199815,66.69,49,29882,2,2
1251,7518,CR,2025-10-22,199816,5.79,41,1358,1,1
1251,7518,CR,2025-10-22,199817,15.64,57,32599,0,0
1251,7518,CR,2025-10-22,199819,2.64,0,2717,0,0
1251,7518,CR,2025-10-22,199820,49.37,49,88289,3,3
1251,7518,CR,2025-10-22,199821,0.44,0,1358,1,1
1251,7518,CR,2025-10-22,199822,12.2,8,8150,1,3
1251,7518,CR,2025-10-22,199880,0.0,0,0,0,0
1251,7518,CR,2025-10-22,199881,5.05,25,4075,0,0
1251,7518,CR,2025-10-22,199882,47.97,49,32599,2,2
1251,7518,CR,2025-10-22,199883,104.74,25,93722,2,3
1251,7518,CR,2025-10-22,199884,8.22,25,13583,0,0
1251,7518,CR,2025-10-22,199886,0.0,0,0,0,0
1251,7518,CR,2025-10-22,206121,0.54,0,2717,1,1
1251,7518,CR,2025-10-22,206122,0.53,8,1358,0,0
1251,7518,CR,2025-10-22,206123,8.34,49,12225,0,1
1251,7518,CR,2025-10-22,206124,46.96,16,27166,0,1
1251,7518,CR,2025-10-22,206125,2.76,16,12225,0,0
1251,7518,CR,2025-10-22,206127,1.62,0,1358,0,0
1251,7518,CR,2025-10-22,209137,0.0,0,0,0,0
1251,7518,CR,2025-10-22,209138,0.69,8,1358,0,0
1251,7518,CR,2025-10-22,209139,16.07,33,24449,0,1
1251,7518,CR,2025-10-22,209140,13.86,16,6791,0,0
1251,7518,CR,2025-10-22,209141,81.79,8,76064,0,2
1251,7518,CR,2025-10-22,210923,10.6,0,2717,0,0
1251,7518,CR,2025-10-22,210924,12.46,16,8150,0,0
1251,7518,CR,2025-10-22,210925,55.48,164,47540,3,8
1251,7518,CR,2025-10-22,210926,56.14,41,82856,2,3
1251,7518,CR,2025-10-22,210927,41.34,16,54332,3,3
1251,7518,CR,2025-10-22,210929,1.54,16,2717,0,0
1251,7518,CR,2025-10-22,211373,0.42,8,1358,0,0
1251,7518,CR,2025-10-22,211374,0.0,0,0,0,0
1251,7518,CR,2025-10-22,211375,0.57,8,1358,0,0
1251,7518,CR,2025-10-22,211376,38.89,49,12225,1,1
1251,7518,CR,2025-10-22,211377,61.7,8,38032,0,1
1251,7518,CR,2025-10-22,211378,10.31,8,12225,0,0
1251,7518,CR,2025-10-22,211379,22.39,33,21733,0,0
1251,7518,CR,2025-10-22,211380,11.68,49,9508,0,1
1251,7518,CR,2025-10-22,211381,32.12,25,19016,0,0
1251,7518,CR,2025-10-22,211382,1.28,8,1358,0,0
1251,7518,CR,2025-10-22,211383,0.0,0,0,0,0
1251,7518,CR,2025-10-22,211384,0.63,0,1358,0,0
1251,7518,CR,2025-10-22,212697,0.0,0,0,0,0
1251,7518,CR,2025-10-22,212698,16.41,25,20374,1,2
1251,7518,CR,2025-10-22,212699,7.05,25,2717,0,0
1251,7518,CR,2025-10-22,212700,80.59,33,65198,1,4
1251,7518,CR,2025-10-22,212701,8.6,82,20374,0,0
1251,7518,CR,2025-10-22,212702,0.0,0,0,0,0
1251,7518,CR,2025-10-22,212703,2.3,0,2717,0,1
1251,7518,CR,2025-10-22,215717,0.0,0,0,0,0
1251,7518,CR,2025-10-22,215718,0.0,8,0,0,0
1251,7518,CR,2025-10-22,215719,8.64,25,6791,0,0
1251,7518,CR,2025-10-22,215720,3.89,90,1358,1,1
1251,7518,CR,2025-10-22,215721,27.03,49,23091,1,2
1251,7518,CR,2025-10-22,215722,0.28,16,1358,1,1
1251,7518,CR,2025-10-22,215723,0.0,0,0,0,0
1251,7518,CR,2025-10-22,215724,41.2,41,52973,2,3
1251,7518,CR,2025-10-22,215725,18.42,33,6791,0,0
1251,7518,CR,2025-10-22,215726,44.1,335,17658,2,4
1251,7518,CR,2025-10-22,215727,39.82,8,24449,0,0
1251,7518,CR,2025-10-22,215728,1.4,0,1358,0,1
1251,7518,CR,2025-10-22,215731,3.69,8,2717,0,0
1251,7518,CR,2025-10-22,215732,0.42,8,1358,0,0
1251,7518,CR,2025-10-22,215733,7.09,8,9508,0,0
1251,7518,CR,2025-10-22,215734,18.31,16,13583,0,0
1251,7518,CR,2025-10-22,215735,25.94,33,70631,0,0
1251,7518,CR,2025-10-22,221218,0.54,0,1358,0,0
1251,7518,CR,2025-10-22,221219,22.79,16,19016,1,2
1251,7518,CR,2025-10-22,221220,27.88,16,21733,1,1
1251,7518,CR,2025-10-22,221221,12.91,16,14941,0,1
1251,7518,CR,2025-10-22,221222,3.36,0,4075,1,1
1251,7518,CR,2025-10-22,224835,17.24,25,16299,0,3
1251,7518,CR,2025-10-22,224836,13.47,8,5433,0,0
1251,7518,CR,2025-10-22,224837,15.31,25,1358,0,0
1251,7518,CR,2025-10-22,224838,1.63,8,4075,0,0
1251,7518,CR,2025-10-22,224839,0.0,0,0,0,0
1251,7520,EC,2025-10-22,169629,16.77,57,33957,1,0
1251,7520,EC,2025-10-22,169630,0.0,16,0,1,1
1251,7520,EC,2025-10-22,169631,0.0,33,0,0,0
1251,7520,EC,2025-10-22,169632,1.88,8,1358,0,0
1251,7520,EC,2025-10-22,169634,0.0,8,0,0,0
1251,7520,EC,2025-10-22,169642,0.19,65,1358,0,1
1251,7520,EC,2025-10-22,169643,0.0,8,0,0,0
1251,7520,EC,2025-10-22,169644,27.59,0,19016,1,4
1251,7520,EC,2025-10-22,169645,0.56,16,2717,0,0
1251,7520,EC,2025-10-22,169647,0.0,0,0,0,0
1251,7520,EC,2025-10-22,169648,0.0,0,0,0,0
1251,7520,EC,2025-10-22,169649,3.0,0,2717,0,0
1251,7520,EC,2025-10-22,169650,1.38,25,4075,0,0
1251,7520,EC,2025-10-22,169651,16.98,25,9508,1,3
1251,7520,EC,2025-10-22,169652,13.67,16,8150,1,1
1251,7520,EC,2025-10-22,169654,0.0,0,0,0,0
1251,7520,EC,2025-10-22,169655,0.16,0,1358,0,0
1251,7520,EC,2025-10-22,169656,0.0,0,0,0,0
1251,7520,EC,2025-10-22,169657,10.33,0,5433,0,1
1251,7520,EC,2025-10-22,169658,0.0,0,0,0,0
1251,7520,EC,2025-10-22,169659,21.23,25,25807,0,0
1251,7520,EC,2025-10-22,169660,0.0,0,0,0,0
1251,7520,EC,2025-10-22,169662,0.0,8,0,0,0
1251,7520,EC,2025-10-22,171430,0.0,0,0,0,0
1251,7520,EC,2025-10-22,171431,0.0,0,0,0,0
1251,7520,EC,2025-10-22,171432,0.0,0,0,0,0
1251,7520,EC,2025-10-22,171433,4.53,0,4075,0,0
1251,7520,EC,2025-10-22,178392,0.0,0,0,0,0
1251,7520,EC,2025-10-22,178393,2.21,8,1358,0,1
1251,7520,EC,2025-10-22,178394,4.83,0,2717,0,0
1251,7520,EC,2025-10-22,178395,0.0,0,0,0,0
1251,7520,EC,2025-10-22,178396,0.0,0,0,0,0
1251,7520,EC,2025-10-22,178397,0.0,8,0,0,0
1251,7520,EC,2025-10-22,178398,0.66,8,1358,0,0
1251,7520,EC,2025-10-22,178399,0.0,0,0,0,1
1251,7520,EC,2025-10-22,178400,0.0,0,0,0,0
1251,7520,EC,2025-10-22,178401,0.71,0,2717,0,0
1251,7520,EC,2025-10-22,178402,0.0,0,0,0,0
1251,7520,EC,2025-10-22,178404,0.0,8,0,0,0
1251,7520,EC,2025-10-22,178406,0.0,0,0,0,0
1251,7520,EC,2025-10-22,178408,0.0,0,0,0,0
1251,7520,EC,2025-10-22,185841,0.0,0,0,0,0
1251,7520,EC,2025-10-22,185842,0.0,8,0,0,0
1251,7520,EC,2025-10-22,185843,0.0,0,0,0,0
1251,7520,EC,2025-10-22,185844,3.03,8,4075,0,0
1251,7520,EC,2025-10-22,185847,0.0,0,0,0,0
1251,7520,EC,2025-10-22,185862,0.0,0,0,0,0
1251,7520,EC,2025-10-22,185863,2.5,8,2717,0,0
1251,7520,EC,2025-10-22,185865,6.1,8,21733,0,0
1251,7520,EC,2025-10-22,185866,0.18,16,1358,0,0
1251,7520,EC,2025-10-22,185868,0.0,8,0,0,0
1251,7520,EC,2025-10-22,185883,0.0,16,0,0,0
1251,7520,EC,2025-10-22,185884,0.0,16,0,0,0
1251,7520,EC,2025-10-22,185885,0.34,8,1358,0,0
1251,7520,EC,2025-10-22,185886,0.0,0,0,0,0
1251,7520,EC,2025-10-22,185888,0.0,8,0,0,0
1251,7520,EC,2025-10-22,185895,4.89,16,6791,0,1
1251,7520,EC,2025-10-22,185897,0.19,0,1358,0,0
1251,7520,EC,2025-10-22,185900,0.0,0,0,0,0
1251,7520,EC,2025-10-22,193178,0.0,0,0,0,0
1251,7520,EC,2025-10-22,193179,2.65,8,1358,0,0
1251,7520,EC,2025-10-22,193181,0.0,0,0,0,0
1251,7520,EC,2025-10-22,198841,0.0,0,0,0,0
1251,7520,EC,2025-10-22,198842,0.0,0,0,0,0
1251,7520,EC,2025-10-22,198843,0.0,0,0,0,0
1251,7520,EC,2025-10-22,198844,2.34,8,4075,0,0
1251,7520,EC,2025-10-22,198845,2.2,0,1358,0,0
1251,7520,EC,2025-10-22,198847,1.84,8,1358,0,0
1251,7520,EC,2025-10-22,199723,0.89,0,6791,0,0
1251,7520,EC,2025-10-22,199724,7.45,0,13583,4,4
1251,7520,EC,2025-10-22,199725,0.94,49,1358,0,0
1251,7520,EC,2025-10-22,199727,2.8,33,6791,1,1
1251,7520,EC,2025-10-22,199729,1.29,8,2717,0,1
1251,7520,EC,2025-10-22,200172,0.0,16,0,0,0
1251,7520,EC,2025-10-22,200173,8.67,16,9508,2,3
1251,7520,EC,2025-10-22,200174,6.66,49,5433,0,0
1251,7520,EC,2025-10-22,200175,28.53,49,52973,5,7
1251,7520,EC,2025-10-22,200176,0.51,57,2717,0,3
1251,7520,EC,2025-10-22,200178,5.82,0,9508,0,2
1251,7520,EC,2025-10-22,206105,0.34,8,2717,1,0
1251,7520,EC,2025-10-22,206106,2.49,8,8150,0,2
1251,7520,EC,2025-10-22,206107,2.54,25,5433,0,0
1251,7520,EC,2025-10-22,206108,17.21,25,24449,0,4
1251,7520,EC,2025-10-22,206109,0.61,8,2717,0,0
1251,7520,EC,2025-10-22,206110,0.0,0,0,0,0
1251,7520,EC,2025-10-22,206111,0.53,0,4075,0,1
1251,7520,EC,2025-10-22,206947,8.12,49,9508,0,0
1251,7520,EC,2025-10-22,206948,9.38,25,6791,0,0
1251,7520,EC,2025-10-22,215739,0.0,0,0,0,0
1251,7520,EC,2025-10-22,215742,0.0,0,0,1,0
1251,7520,EC,2025-10-22,215744,3.05,33,1358,0,0
1251,7520,EC,2025-10-22,215745,2.55,8,2717,0,0
1251,7520,EC,2025-10-22,215747,0.0,0,0,0,0
1251,7520,EC,2025-10-22,215748,0.0,0,0,0,0
1251,7520,EC,2025-10-22,215750,0.0,0,0,0,0
1251,7520,EC,2025-10-22,215751,0.0,0,0,0,0
1251,7520,EC,2025-10-22,215752,4.76,0,4075,0,0
1251,7520,EC,2025-10-22,215753,0.0,8,0,0,0
1251,7520,EC,2025-10-22,215755,0.81,8,2717,0,0
1251,7520,EC,2025-10-22,215756,0.0,0,0,0,0
1251,7520,EC,2025-10-22,215757,0.0,8,0,0,0
1251,7520,EC,2025-10-22,215758,1.17,0,1358,0,0
1251,7520,EC,2025-10-22,215760,0.0,0,0,0,0
1251,7520,EC,2025-10-22,215761,0.0,8,0,0,0
1251,7520,EC,2025-10-22,215762,1.4,0,5433,0,0
1251,7520,EC,2025-10-22,215763,1.68,8,1358,0,0
1251,7520,EC,2025-10-22,215764,0.0,0,0,0,0
1251,7520,EC,2025-10-22,215765,1.84,8,1358,0,0
1251,7520,EC,2025-10-22,215767,0.0,0,0,0,0
1251,7520,EC,2025-10-22,215768,1.06,16,1358,0,0
1251,7520,EC,2025-10-22,215770,3.32,8,8150,0,0
1251,7520,EC,2025-10-22,215772,2.87,16,2717,0,0
1251,7520,EC,2025-10-22,215773,0.0,0,0,0,0
1251,7520,EC,2025-10-22,215774,0.59,16,1358,0,0
1251,7520,EC,2025-10-22,215775,0.0,0,0,0,0
1251,7520,EC,2025-10-22,215776,0.0,0,0,0,0
1251,7520,EC,2025-10-22,215777,4.54,0,1358,0,0
1251,7520,EC,2025-10-22,215778,5.25,0,13583,0,3
1251,7520,EC,2025-10-22,215779,5.72,8,4075,0,0
1251,7520,EC,2025-10-22,222498,22.96,90,39390,3,7
1251,7520,EC,2025-10-22,222499,22.19,16,31241,6,6
1251,7520,EC,2025-10-22,222500,13.66,147,13583,1,2
1252,7521,EC,2025-10-22,169776,0.0,0,0,0,0
1252,7521,EC,2025-10-22,169777,10.36,33,14941,2,3
1252,7521,EC,2025-10-22,169778,0.0,0,0,1,2
1252,7521,EC,2025-10-22,169779,8.12,16,4075,0,3
1252,7521,EC,2025-10-22,169780,0.0,0,0,0,0
1252,7521,EC,2025-10-22,169782,5.25,33,8150,0,0
1252,7521,EC,2025-10-22,180357,0.0,0,0,0,0
1252,7521,EC,2025-10-22,180358,0.0,0,0,0,0
1252,7521,EC,2025-10-22,180359,8.04,0,1358,0,0
1252,7521,EC,2025-10-22,180360,4.79,0,6791,4,7
1252,7521,EC,2025-10-22,180361,8.93,0,2717,0,1
1252,7521,EC,2025-10-22,180363,0.0,0,0,0,0
1252,7521,EC,2025-10-22,198765,6.92,0,2717,0,0
1252,7521,EC,2025-10-22,198766,1.07,8,1358,0,1
1252,7521,EC,2025-10-22,198767,0.51,8,1358,0,1
1252,7521,EC,2025-10-22,198768,44.97,74,36674,0,6
1252,7521,EC,2025-10-22,198769,0.0,0,0,0,0
1252,7521,EC,2025-10-22,198772,0.0,0,0,0,0
1252,7521,EC,2025-10-22,198773,7.27,25,14941,0,1
1252,7521,EC,2025-10-22,198774,26.43,49,14941,0,1
1252,7521,EC,2025-10-22,198775,11.1,8,12225,1,3
1252,7521,EC,2025-10-22,198776,0.54,0,1358,2,2
1252,7521,EC,2025-10-22,198778,15.14,33,8150,0,0
1252,7521,EC,2025-10-22,198780,6.29,25,10866,0,0
1252,7521,EC,2025-10-22,198781,11.86,41,5433,0,1
1252,7521,EC,2025-10-22,198782,20.01,16,25807,1,6
1252,7521,EC,2025-10-22,198783,6.54,16,4075,2,4
1252,7521,EC,2025-10-22,198799,0.0,0,0,0,0
1252,7521,EC,2025-10-22,198800,8.95,25,12225,3,3
1252,7521,EC,2025-10-22,198801,0.0,8,0,0,0
1252,7521,EC,2025-10-22,198802,19.19,0,13583,0,2
1252,7521,EC,2025-10-22,198803,0.0,0,0,0,0
1252,7521,EC,2025-10-22,198805,10.11,8,5433,0,0
1252,7521,EC,2025-10-22,211158,0.0,0,0,0,0
1252,7521,EC,2025-10-22,211159,17.54,49,23091,0,2
1252,7521,EC,2025-10-22,211160,0.0,0,0,0,0
1252,7521,EC,2025-10-22,211161,21.24,82,31241,1,6
1252,7521,EC,2025-10-22,211162,2.45,16,4075,1,0
1252,7521,EC,2025-10-22,211164,1.49,8,2717,0,0
1252,7521,EC,2025-10-22,215274,0.0,0,0,0,0
1252,7521,EC,2025-10-22,215275,0.0,8,0,0,0
1252,7521,EC,2025-10-22,215276,14.51,49,13583,0,1
1252,7521,EC,2025-10-22,215277,8.12,8,6791,2,8
1252,7521,EC,2025-10-22,215278,0.0,0,0,0,0
1252,7521,EC,2025-10-22,215280,8.25,41,8150,1,2
1252,7521,EC,2025-10-22,221212,50.3,16,2717,1,1
1252,7521,EC,2025-10-22,221213,0.0,16,0,0,0
1252,7521,EC,2025-10-22,221214,17.5,8,9508,0,0
1252,7521,EC,2025-10-22,221215,5.21,0,4075,0,0
1252,7521,EC,2025-10-22,221217,4.4,0,1358,0,1
1252,7522,EC,2025-10-22,169698,0.45,0,1358,0,1
1252,7522,EC,2025-10-22,169699,1.04,8,2717,0,0
1252,7522,EC,2025-10-22,169700,0.0,0,0,0,1
1252,7522,EC,2025-10-22,169701,1.13,0,6791,1,1
1252,7522,EC,2025-10-22,169702,0.75,8,1358,1,1
1252,7522,EC,2025-10-22,169704,3.09,16,4075,0,1
1252,7522,EC,2025-10-22,169719,0.0,0,0,0,0
1252,7522,EC,2025-10-22,169720,0.42,0,1358,1,1
1252,7522,EC,2025-10-22,169721,9.43,16,1358,0,0
1252,7522,EC,2025-10-22,169722,9.85,33,9508,1,0
1252,7522,EC,2025-10-22,169723,1.1,0,1358,0,0
1252,7522,EC,2025-10-22,169725,9.89,16,2717,0,0
1252,7522,EC,2025-10-22,180343,0.17,0,1358,0,0
1252,7522,EC,2025-10-22,180344,1.77,0,1358,0,0
1252,7522,EC,2025-10-22,180345,0.0,0,0,0,0
1252,7522,EC,2025-10-22,180346,0.83,0,2717,0,0
1252,7522,EC,2025-10-22,180347,0.97,0,1358,1,1
1252,7522,EC,2025-10-22,180349,1.61,0,1358,0,0
1252,7522,EC,2025-10-22,192877,0.0,25,0,0,0
1252,7522,EC,2025-10-22,192878,1.17,33,2717,0,0
1252,7522,EC,2025-10-22,192879,0.68,8,2717,0,3
1252,7522,EC,2025-10-22,192880,0.0,0,0,0,0
1252,7522,EC,2025-10-22,192882,0.23,0,1358,0,0
1252,7522,EC,2025-10-22,192883,0.0,0,0,0,0
1252,7522,EC,2025-10-22,192884,0.0,0,0,0,0
1252,7522,EC,2025-10-22,192885,2.65,0,1358,0,0
1252,7522,EC,2025-10-22,192886,0.93,0,1358,0,0
1252,7522,EC,2025-10-22,192887,0.0,8,0,0,0
1252,7522,EC,2025-10-22,192890,0.0,0,0,0,0
1252,7522,EC,2025-10-22,192891,2.77,0,5433,0,0
1252,7522,EC,2025-10-22,192892,0.0,0,0,0,0
1252,7522,EC,2025-10-22,192893,1.89,0,2717,2,0
1252,7522,EC,2025-10-22,192894,0.73,0,1358,0,0
1252,7522,EC,2025-10-22,192896,0.77,25,1358,0,0
1252,7522,EC,2025-10-22,192904,0.0,0,0,0,0
1252,7522,EC,2025-10-22,192905,0.0,8,0,0,0
1252,7522,EC,2025-10-22,192906,0.0,0,0,0,0
1252,7522,EC,2025-10-22,192907,15.76,33,14941,1,3
1252,7522,EC,2025-10-22,192908,0.0,0,0,0,0
1252,7522,EC,2025-10-22,192910,3.79,57,4075,0,1
1252,7522,EC,2025-10-22,198737,0.0,0,0,0,0
1252,7522,EC,2025-10-22,198738,0.0,0,0,0,0
1252,7522,EC,2025-10-22,198739,0.0,57,0,0,1
1252,7522,EC,2025-10-22,198740,7.37,8,10866,0,1
1252,7522,EC,2025-10-22,198741,0.0,0,0,0,0
1252,7522,EC,2025-10-22,198743,2.54,41,4075,0,0
1252,7522,EC,2025-10-22,198744,0.0,0,0,0,0
1252,7522,EC,2025-10-22,198745,6.64,0,2717,0,0
1252,7522,EC,2025-10-22,198746,2.76,8,1358,0,0
1252,7522,EC,2025-10-22,198747,14.52,8,16299,1,2
1252,7522,EC,2025-10-22,198748,7.72,0,5433,0,1
1252,7522,EC,2025-10-22,207466,49.63,8,14941,2,2
1252,7522,EC,2025-10-22,207467,49.63,57,19016,1,2
1252,7522,EC,2025-10-22,207470,30.89,0,16299,0,3
1252,7522,EC,2025-10-22,207471,67.31,41,16299,0,1
1252,7522,EC,2025-10-22,213498,0.0,0,0,0,0
1252,7522,EC,2025-10-22,213499,1.16,0,4075,0,0
1252,7522,EC,2025-10-22,213500,0.0,8,0,0,1
1252,7522,EC,2025-10-22,213501,11.19,0,4075,0,0
1252,7522,EC,2025-10-22,213502,0.0,0,0,0,0
1252,7522,EC,2025-10-22,213503,13.18,65,19016,0,2
1252,7522,EC,2025-10-22,213504,0.44,0,1358,0,1
1252,7522,EC,2025-10-22,213505,4.06,16,12225,1,4
1252,7522,EC,2025-10-22,213506,7.2,0,6791,0,0
1252,7522,EC,2025-10-22,214305,0.0,0,0,0,0
1252,7522,EC,2025-10-22,214306,0.0,0,0,0,0
1252,7522,EC,2025-10-22,214307,5.68,16,12225,0,0
1252,7522,EC,2025-10-22,214308,0.0,16,0,0,0
1252,7522,EC,2025-10-22,214310,3.05,16,4075,0,0
1252,7522,EC,2025-10-22,218184,0.0,0,0,0,0
1252,7522,EC,2025-10-22,218185,3.1,25,5433,0,1
1252,7522,EC,2025-10-22,218186,0.0,8,0,0,0
1252,7522,EC,2025-10-22,218187,5.52,25,17658,0,1
1252,7522,EC,2025-10-22,218188,0.0,0,0,0,0
1252,7522,EC,2025-10-22,218190,0.0,0,0,0,0
1252,7522,EC,2025-10-22,220196,0.0,0,0,0,0
1252,7522,EC,2025-10-22,220202,0.0,0,0,0,0
1252,7522,EC,2025-10-22,221015,0.0,0,0,0,0
1252,7522,EC,2025-10-22,221187,0.45,0,1358,0,0
1252,7522,EC,2025-10-22,221188,8.46,16,8150,1,1
1252,7522,EC,2025-10-22,221189,3.74,16,1358,0,0
1252,7522,EC,2025-10-22,221190,9.47,33,5433,1,1
1252,7522,EC,2025-10-22,221191,0.0,0,0,0,0
1252,7522,EC,2025-10-22,221193,0.0,8,0,0,0
1252,7522,EC,2025-10-22,221194,0.0,0,0,0,0
1252,7522,EC,2025-10-22,221195,1.0,0,4075,0,0
1252,7522,EC,2025-10-22,221196,33.88,8,24449,1,5
1252,7522,EC,2025-10-22,221197,4.81,0,2717,0,0
1252,7522,EC,2025-10-22,221198,4.47,16,2717,0,0
1252,7522,EC,2025-10-22,221199,2.85,0,4075,2,3
1252,7522,EC,2025-10-22,221200,6.32,33,12225,0,2
1252,7522,EC,2025-10-22,221201,0.39,8,1358,0,0
1252,7522,EC,2025-10-22,221202,0.0,16,0,0,0
1252,7522,EC,2025-10-22,221206,0.0,0,0,0,0
1252,7522,EC,2025-10-22,221207,2.39,8,2717,0,0
1252,7522,EC,2025-10-22,221209,0.0,0,0,0,0
1252,7522,EC,2025-10-22,221210,0.0,0,0,0,0
1252,7522,EC,2025-10-22,223267,0.0,0,0,0,0
1252,7522,EC,2025-10-22,223268,0.0,0,0,0,1
1252,7522,EC,2025-10-22,223269,0.0,0,0,0,0
1252,7522,EC,2025-10-22,223270,0.0,0,0,0,0
1252,7522,EC,2025-10-22,223271,0.0,0,0,0,0
1252,7522,EC,2025-10-22,223272,1.97,0,1358,0,0
1252,7522,EC,2025-10-22,223273,3.98,16,5433,0,0
1252,7522,EC,2025-10-22,223274,14.55,25,8150,0,1
1252,7522,EC,2025-10-22,223275,3.04,8,4075,0,0
1252,7522,EC,2025-10-22,223276,0.0,0,0,0,0
1252,7522,EC,2025-10-22,224104,0.0,0,0,0,0
1252,7522,EC,2025-10-22,224105,2.9,8,2717,1,4
1252,7522,EC,2025-10-22,224106,0.0,0,0,0,0
1252,7522,EC,2025-10-22,224107,8.41,8,6791,1,2
1252,7522,EC,2025-10-22,224108,1.27,0,1358,0,2
1252,7522,EC,2025-10-22,224109,4.45,8,2717,1,1
1252,7522,EC,2025-10-22,224110,0.14,0,1358,1,0
1252,7522,EC,2025-10-22,224111,0.0,8,0,0,0
1252,7522,EC,2025-10-22,224112,2.9,8,2717,0,0
1252,7522,EC,2025-10-22,224113,8.14,8,5433,2,2
1252,7522,EC,2025-10-22,224114,1.35,8,2717,0,0
1252,7522,EC,2025-10-22,224116,6.56,0,1358,0,0
1252,7522,EC,2025-10-22,224117,3.86,33,6791,0,0
1252,7522,EC,2025-10-22,224118,0.0,33,0,0,0
1252,7522,EC,2025-10-22,224119,1.86,8,2717,0,1
1252,7522,EC,2025-10-22,224120,0.49,25,1358,0,1
1252,7522,EC,2025-10-22,224123,0.0,0,0,0,0
1252,7522,EC,2025-10-22,224124,0.0,0,0,0,0
1252,7522,EC,2025-10-22,224125,0.0,0,0,0,0
1252,7522,EC,2025-10-22,224126,0.0,0,0,0,0
1252,7522,EC,2025-10-22,224128,0.0,0,0,0,0
1252,7522,EC,2025-10-22,224129,1.13,0,2717,0,0
1252,7522,EC,2025-10-22,224130,0.21,33,1358,0,0
1252,7522,EC,2025-10-22,224131,10.69,33,8150,0,1
1252,7522,EC,2025-10-22,224132,1.52,8,4075,0,0
1252,7522,EC,2025-10-22,224134,0.0,0,0,0,0
1252,7522,EC,2025-10-22,224135,1.22,0,4075,0,0
1252,7522,EC,2025-10-22,224136,8.92,41,6791,0,0
1252,7522,EC,2025-10-22,224137,0.89,8,1358,1,4
1252,7522,EC,2025-10-22,224138,0.0,0,0,0,0
1252,7522,EC,2025-10-22,224139,0.0,8,0,0,0
1252,7522,EC,2025-10-22,224140,0.17,0,1358,0,0
1252,7522,EC,2025-10-22,224141,11.2,8,16299,1,4
1252,7522,EC,2025-10-22,224142,0.94,8,1358,0,0
1252,7522,EC,2025-10-22,224143,32.58,16,2717,1,1
1252,7522,EC,2025-10-22,224144,2.56,0,2717,0,0
1252,7522,EC,2025-10-22,224145,7.21,41,8150,1,1
1252,7522,EC,2025-10-22,224146,0.51,25,1358,0,0
1252,7522,EC,2025-10-22,224151,1.01,0,1358,0,1
1252,7522,EC,2025-10-22,224153,0.0,0,0,0,0
1251,9092,GT,2025-10-22,222434,0.0,8,0,0,0
1251,9092,GT,2025-10-22,222435,15.65,0,16299,1,2
1251,9092,GT,2025-10-22,222436,1.67,0,4075,0,0
1251,9092,GT,2025-10-22,222437,5.73,0,10866,1,3
1251,9092,GT,2025-10-22,222438,2.7,8,4075,0,0
1251,9092,GT,2025-10-22,222439,0.58,0,1358,0,0
1251,9092,GT,2025-10-22,222440,0.47,8,1358,0,0
1251,9092,GT,2025-10-22,222441,0.0,0,0,0,0
1251,9092,GT,2025-10-22,222442,0.0,0,0,0,0
1251,9092,GT,2025-10-22,222443,4.96,8,2717,0,0
1251,9092,GT,2025-10-22,222444,0.68,0,2717,0,0
1251,9092,GT,2025-10-22,222445,0.92,8,1358,0,0
1251,9092,GT,2025-10-22,222446,0.3,0,1358,0,0
1251,9092,GT,2025-10-22,222447,3.02,0,4075,0,0
1251,9092,GT,2025-10-22,222448,12.96,16,23091,1,2
1251,9092,GT,2025-10-22,222449,0.0,0,0,0,0
1251,9092,GT,2025-10-22,222450,3.09,0,4075,0,0
1251,9092,GT,2025-10-22,222451,2.58,0,1358,0,0
1251,9092,GT,2025-10-22,222452,5.29,16,1358,0,0
1251,9092,GT,2025-10-22,222453,2.71,8,4075,1,1
1251,9092,GT,2025-10-22,222454,2.69,0,8150,0,1
1251,9092,GT,2025-10-22,222455,2.91,16,4075,0,1
1251,9092,GT,2025-10-22,222456,0.0,0,0,0,0
1251,9092,GT,2025-10-22,222457,4.15,0,4075,0,0
1251,9092,GT,2025-10-22,222458,8.68,0,8150,0,1
1251,9092,GT,2025-10-22,222459,1.18,0,2717,0,0
1251,9092,GT,2025-10-22,222460,0.36,0,2717,0,1
1251,9092,GT,2025-10-22,222461,1.38,0,1358,0,0
1251,9092,GT,2025-10-22,222462,4.91,0,4075,0,1
1251,9092,GT,2025-10-22,222463,0.99,0,2717,0,1
1251,9092,GT,2025-10-22,222464,1.14,0,4075,0,0
1251,9092,GT,2025-10-22,222465,0.0,0,0,0,0
1251,9092,GT,2025-10-22,222466,2.28,0,4075,0,0
1251,9092,GT,2025-10-22,222467,0.24,16,1358,1,1
1251,9092,GT,2025-10-22,222468,4.9,0,9508,0,0
1251,9092,GT,2025-10-22,222470,0.46,16,1358,0,0
1251,9092,GT,2025-10-22,222471,0.0,0,0,0,0
1251,9092,GT,2025-10-22,222472,6.4,8,4075,1,3
1251,9092,GT,2025-10-22,224840,0.0,0,0,0,0
1251,9092,GT,2025-10-22,224841,0.72,0,1358,0,0
1251,9092,GT,2025-10-22,224842,0.0,8,0,0,0
1251,9092,GT,2025-10-22,224843,0.91,16,2717,0,0
1251,9092,GT,2025-10-22,224844,3.61,8,6791,0,0
1251,9092,GT,2025-10-22,224845,0.0,0,0,0,0
1251,9092,GT,2025-10-22,224846,1.14,8,2717,0,1
3151,8407,GT,2025-10-22,210779,0.0,0,0,1,1
3151,8407,GT,2025-10-22,210780,0.0,0,0,0,0
3151,8407,GT,2025-10-22,210781,1.36,0,5433,1,3
3151,8407,GT,2025-10-22,210782,0.0,0,0,0,0
3151,8407,GT,2025-10-22,210784,0.0,0,0,0,0
3151,8407,GT,2025-10-22,210792,0.0,0,0,0,0
3151,8407,GT,2025-10-22,210793,0.0,8,0,0,2
3151,8407,GT,2025-10-22,210794,4.62,0,5433,0,0
3151,8407,GT,2025-10-22,210795,3.11,0,8150,0,0
3151,8407,GT,2025-10-22,210796,1.22,0,1358,0,0
3151,8407,GT,2025-10-22,210797,0.0,8,0,0,0
3151,8407,GT,2025-10-22,210798,0.0,0,0,0,0
3151,8407,GT,2025-10-22,210805,0.0,0,0,0,0
3151,8407,GT,2025-10-22,210806,0.79,0,1358,0,1
3151,8407,GT,2025-10-22,210807,0.0,8,0,0,0
3151,8407,GT,2025-10-22,210808,1.1,0,2717,1,1
3151,8407,GT,2025-10-22,210809,0.0,8,0,0,0
3151,8407,GT,2025-10-22,210811,0.17,25,1358,0,0
3151,8407,GT,2025-10-22,215817,0.0,0,0,0,0
3151,8407,GT,2025-10-22,215819,0.0,0,0,0,0
3151,8407,GT,2025-10-22,215820,5.7,0,4075,0,1
3151,8407,GT,2025-10-22,215823,0.0,0,0,0,0
3151,8407,GT,2025-10-22,218623,0.0,8,0,0,0
3151,8407,GT,2025-10-22,218624,0.79,0,1358,0,0
3151,8407,GT,2025-10-22,218625,0.0,0,0,0,0
3151,8407,GT,2025-10-22,218626,2.32,8,2717,0,0
3151,8407,GT,2025-10-22,218627,0.85,0,1358,0,0
3151,8407,GT,2025-10-22,218629,0.0,0,0,0,0
3151,8407,GT,2025-10-22,219237,0.0,0,0,0,0
3151,8407,GT,2025-10-22,219238,0.0,8,0,0,1
3151,8407,GT,2025-10-22,219239,0.0,0,0,0,0
3151,8407,GT,2025-10-22,219240,2.02,8,2717,0,0
3151,8407,GT,2025-10-22,219241,2.79,0,1358,0,0
3151,8407,GT,2025-10-22,219243,0.0,0,0,0,0
3151,8407,GT,2025-10-22,221223,0.0,0,0,0,0
3151,8407,GT,2025-10-22,221224,0.57,8,1358,0,0
3151,8407,GT,2025-10-22,221225,0.0,0,0,0,0
3151,8407,GT,2025-10-22,221226,3.29,8,2717,0,0
3151,8407,GT,2025-10-22,221227,0.46,0,2717,0,0
3151,8407,GT,2025-10-22,221229,4.16,0,1358,0,0
3151,8407,GT,2025-10-22,221230,0.0,0,0,0,0
3151,8407,GT,2025-10-22,221231,1.5,8,4075,0,0
3151,8407,GT,2025-10-22,221232,3.17,0,2717,0,0
3151,8407,GT,2025-10-22,221233,3.09,8,2717,0,0
3151,8407,GT,2025-10-22,221234,0.0,0,0,0,0
3151,8407,GT,2025-10-22,221236,0.0,0,0,0,0
3151,8407,GT,2025-10-22,221238,4.62,0,2717,0,0
3151,8407,GT,2025-10-22,221239,2.46,0,2717,0,0
3151,8407,GT,2025-10-22,221240,0.0,8,0,0,0
3151,8407,GT,2025-10-22,221241,1.71,0,2717,0,0
3151,8407,GT,2025-10-22,223278,0.0,0,0,0,0
3151,8407,GT,2025-10-22,223279,2.5,0,6791,0,0
3151,8407,GT,2025-10-22,223280,0.0,8,0,0,0
3151,8407,GT,2025-10-22,223281,1.75,0,1358,0,0
3151,8407,GT,2025-10-22,223282,0.37,0,1358,0,0
3151,8407,GT,2025-10-22,223284,0.0,8,0,0,0
3151,8407,GT,2025-10-22,223771,4.71,0,2717,0,0
3151,8407,GT,2025-10-22,223772,0.0,0,0,0,0
3151,8407,GT,2025-10-22,223773,4.45,0,1358,0,0
3151,8407,GT,2025-10-22,224154,0.0,0,0,0,0
3151,8407,GT,2025-10-22,224155,1.46,0,2717,0,0
3151,8407,GT,2025-10-22,224156,3.58,0,1358,0,0
3151,8407,GT,2025-10-22,224157,20.72,25,8150,0,0
3151,8407,GT,2025-10-22,224158,2.57,0,2717,0,0
3151,8407,GT,2025-10-22,224160,5.06,0,1358,0,0
3151,8407,GT,2025-10-22,224847,0.0,16,0,0,0
3151,8407,GT,2025-10-22,224848,1.53,8,1358,0,2
3151,8407,GT,2025-10-22,224849,0.0,8,0,0,0
3151,8407,GT,2025-10-22,224850,0.48,8,1358,0,0
3151,8407,GT,2025-10-22,224851,0.26,0,1358,0,0
3151,8407,GT,2025-10-22,224852,0.0,0,0,0,0
3151,8407,GT,2025-10-22,224853,2.22,0,1358,0,0
1251,9126,HN,2025-10-22,223902,0.45,0,1358,0,0
1251,9126,HN,2025-10-22,223903,4.38,25,14941,0,0
1251,9126,HN,2025-10-22,223904,8.84,16,14941,0,0
1251,9126,HN,2025-10-22,223905,2.57,33,13583,0,0
1251,9126,HN,2025-10-22,223906,6.44,41,24449,0,1
1251,9126,HN,2025-10-22,223907,2.16,0,2717,0,0
1251,9126,HN,2025-10-22,223908,3.54,33,6791,0,0
1251,9126,HN,2025-10-22,223909,13.91,41,32599,0,0
1251,9126,HN,2025-10-22,223910,7.76,41,25807,0,0
1251,9126,HN,2025-10-22,223911,0.39,16,1358,0,0
1251,9126,HN,2025-10-22,223912,1.14,0,1358,0,0
1251,9126,HN,2025-10-22,223913,11.87,25,4075,0,0
1251,9126,HN,2025-10-22,223914,2.3,0,2717,0,0
1251,9126,HN,2025-10-22,223915,6.84,82,19016,0,2
1251,9126,HN,2025-10-22,223916,0.49,8,1358,0,0
1251,9126,HN,2025-10-22,223917,0.0,8,0,0,0
1251,9126,HN,2025-10-22,223918,0.62,33,1358,0,0
1251,9126,HN,2025-10-22,223919,0.47,41,1358,0,0
1251,9126,HN,2025-10-22,223920,2.54,8,5433,0,0
1251,9126,HN,2025-10-22,223921,6.0,49,16299,0,0
1251,9126,HN,2025-10-22,223922,3.23,8,5433,0,0
1251,9126,HN,2025-10-22,223923,1.86,8,2717,0,0
1251,9126,HN,2025-10-22,223924,7.58,49,17658,0,2
1251,9126,HN,2025-10-22,223925,7.5,16,14941,1,0
1251,9126,HN,2025-10-22,223926,2.24,41,8150,0,0
1251,9126,HN,2025-10-22,223927,0.0,0,0,0,0
1251,9126,HN,2025-10-22,223928,6.74,49,20374,0,0
1251,9126,HN,2025-10-22,223929,0.54,0,1358,0,0
1251,9126,HN,2025-10-22,223930,7.59,25,5433,0,0
1251,9126,HN,2025-10-22,223931,0.96,25,2717,0,0
1251,9126,HN,2025-10-22,223932,3.86,0,2717,0,0
1251,9126,HN,2025-10-22,223933,3.21,16,6791,0,0
1251,9126,HN,2025-10-22,223934,1.24,0,4075,0,0
1251,9126,HN,2025-10-22,223935,10.6,33,24449,0,0
1251,9126,HN,2025-10-22,223936,0.54,0,2717,0,0
1847,7523,HN,2025-10-22,207904,0.0,0,0,0,0
1847,7523,HN,2025-10-22,207905,0.0,16,0,0,0
1847,7523,HN,2025-10-22,207906,0.0,8,0,0,0
1847,7523,HN,2025-10-22,207907,4.43,0,5433,0,0
1847,7523,HN,2025-10-22,207908,0.0,8,0,0,1
1847,7523,HN,2025-10-22,207910,0.0,16,0,0,0
1847,7523,HN,2025-10-22,211405,0.0,0,0,0,0
1847,7523,HN,2025-10-22,211406,0.27,8,1358,0,0
1847,7523,HN,2025-10-22,211408,2.17,33,6791,2,2
1847,7523,HN,2025-10-22,211409,0.25,0,1358,1,1
1847,7523,HN,2025-10-22,211411,0.0,16,0,0,0
1847,7523,HN,2025-10-22,211412,0.0,0,0,0,0
1847,7523,HN,2025-10-22,211413,1.98,16,5433,2,1
1847,7523,HN,2025-10-22,211414,2.31,0,2717,0,0
1847,7523,HN,2025-10-22,211415,3.82,0,5433,1,2
1847,7523,HN,2025-10-22,211416,1.31,16,4075,1,1
1847,7523,HN,2025-10-22,211418,0.7,0,2717,0,1
1847,7523,HN,2025-10-22,219999,0.0,8,0,0,0
1847,7523,HN,2025-10-22,220000,1.63,8,1358,0,0
1847,7523,HN,2025-10-22,220001,0.0,8,0,1,2
1847,7523,HN,2025-10-22,220002,2.42,25,8150,0,2
1847,7523,HN,2025-10-22,220003,0.0,0,0,0,0
1847,7523,HN,2025-10-22,220005,0.62,8,1358,0,1
1847,7523,HN,2025-10-22,223395,0.0,0,0,0,0
1847,7523,HN,2025-10-22,223396,0.66,0,2717,1,1
1847,7523,HN,2025-10-22,223397,0.0,0,0,0,0
1251,7519,PE,2025-10-22,179932,0.34,8,1358,0,0
1251,7519,PE,2025-10-22,179933,2.52,0,1358,2,2
1251,7519,PE,2025-10-22,179934,7.57,8,8150,0,4
1251,7519,PE,2025-10-22,179935,13.7,33,32599,0,3
1251,7519,PE,2025-10-22,179936,2.76,0,6791,1,0
1251,7519,PE,2025-10-22,179938,1.6,16,5433,1,1
1251,7519,PE,2025-10-22,179955,0.29,0,1358,0,0
1251,7519,PE,2025-10-22,179956,0.0,0,0,0,0
1251,7519,PE,2025-10-22,179957,1.28,0,1358,0,0
1251,7519,PE,2025-10-22,179958,2.16,8,6791,0,0
1251,7519,PE,2025-10-22,179959,1.55,0,4075,0,0
1251,7519,PE,2025-10-22,180031,0.0,0,0,0,0
1251,7519,PE,2025-10-22,180032,0.0,0,0,0,0
1251,7519,PE,2025-10-22,180034,0.0,0,0,0,0
1251,7519,PE,2025-10-22,180035,0.0,0,0,0,0
1251,7519,PE,2025-10-22,180037,0.0,0,0,0,0
1251,7519,PE,2025-10-22,180044,0.0,0,0,0,0
1251,7519,PE,2025-10-22,180045,0.0,0,0,0,0
1251,7519,PE,2025-10-22,180046,0.0,0,0,0,0
1251,7519,PE,2025-10-22,180047,0.16,0,1358,0,0
1251,7519,PE,2025-10-22,180048,0.0,0,0,0,0
1251,7519,PE,2025-10-22,180049,0.0,0,0,0,0
1251,7519,PE,2025-10-22,180050,0.0,0,0,0,0
1251,7519,PE,2025-10-22,180051,0.0,0,0,0,0
1251,7519,PE,2025-10-22,180052,0.0,0,0,0,0
1251,7519,PE,2025-10-22,180053,0.0,0,0,0,0
1251,7519,PE,2025-10-22,185056,0.0,0,0,0,0
1251,7519,PE,2025-10-22,185057,4.43,0,10866,0,1
1251,7519,PE,2025-10-22,185058,5.63,8,13583,0,1
1251,7519,PE,2025-10-22,185059,4.03,25,12225,0,0
1251,7519,PE,2025-10-22,185060,4.0,0,12225,0,0
1251,7519,PE,2025-10-22,198818,3.07,0,5433,0,0
1251,7519,PE,2025-10-22,198819,2.62,0,5433,0,1
1251,7519,PE,2025-10-22,198820,1.77,0,6791,0,1
1251,7519,PE,2025-10-22,198821,20.89,33,46182,3,4
1251,7519,PE,2025-10-22,198822,4.45,8,14941,0,0
1251,7519,PE,2025-10-22,199628,3.26,0,9508,0,0
1251,7519,PE,2025-10-22,199629,1.74,8,5433,0,1
1251,7519,PE,2025-10-22,199630,2.26,8,5433,0,0
1251,7519,PE,2025-10-22,199631,2.36,0,5433,0,3
1251,7519,PE,2025-10-22,199632,6.12,16,14941,0,3
1251,7519,PE,2025-10-22,199709,0.0,0,0,0,0
1251,7519,PE,2025-10-22,199710,0.0,0,0,0,0
1251,7519,PE,2025-10-22,199712,0.0,0,0,0,1
1251,7519,PE,2025-10-22,199713,0.0,0,0,0,0
1251,7519,PE,2025-10-22,206947,0.0,0,0,0,0
1251,7519,PE,2025-10-22,207496,0.0,0,0,0,0
1251,7519,PE,2025-10-22,211297,1.68,0,5433,0,2
1251,7519,PE,2025-10-22,211298,4.0,16,12225,0,2
1251,7519,PE,2025-10-22,211299,1.25,0,5433,0,1
1251,7519,PE,2025-10-22,211300,5.37,8,20374,0,2
1251,7519,PE,2025-10-22,211301,0.16,0,1358,0,0
1251,7519,PE,2025-10-22,211302,1.27,0,2717,1,3
1251,7519,PE,2025-10-22,211303,0.46,8,1358,0,0
1251,7519,PE,2025-10-22,211304,3.61,0,17658,0,6
1251,7519,PE,2025-10-22,211305,2.82,25,6791,1,1
1251,7519,PE,2025-10-22,211306,2.19,0,6791,0,0
1251,7519,PE,2025-10-22,211307,5.55,16,23091,0,5
1251,7519,PE,2025-10-22,211308,0.21,0,1358,0,0
1251,7519,PE,2025-10-22,211309,1.09,8,4075,0,3
1251,7519,PE,2025-10-22,211317,0.59,8,1358,0,0
1251,7519,PE,2025-10-22,211318,1.42,0,5433,0,0
1251,7519,PE,2025-10-22,211319,1.63,8,6791,0,1
1251,7519,PE,2025-10-22,211320,1.59,0,4075,0,0
1251,7519,PE,2025-10-22,211321,6.44,0,24449,0,2
1251,7519,PE,2025-10-22,211323,0.74,8,2717,0,0
1251,7519,PE,2025-10-22,215302,0.0,0,0,0,0
1251,7519,PE,2025-10-22,215303,0.0,0,0,0,0
1251,7519,PE,2025-10-22,215305,0.0,0,0,0,0
1251,7519,PE,2025-10-22,215306,0.0,0,0,0,1
1251,7519,PE,2025-10-22,215709,3.07,0,2717,0,0
1251,7519,PE,2025-10-22,215710,12.1,8,32599,1,3
1251,7519,PE,2025-10-22,215711,2.33,0,6791,0,1
1251,7519,PE,2025-10-22,215712,2.25,8,2717,0,0
1251,7519,PE,2025-10-22,215713,0.21,0,1358,0,1
1251,7519,PE,2025-10-22,215715,0.0,0,0,0,0
1251,7519,PE,2025-10-22,223426,3.25,0,13583,0,3
1251,7519,PE,2025-10-22,223427,1.28,0,5433,2,2
1251,7519,PE,2025-10-22,223429,2.1,8,5433,0,3
1251,7519,PE,2025-10-22,223430,2.87,16,12225,0,1
1251,7519,PE,2025-10-22,223431,7.0,8,21733,0,5
1251,7519,PE,2025-10-22,223432,7.12,8,25807,2,4
1251,7517,SV,2025-10-22,179004,0.17,0,1358,0,0
1251,7517,SV,2025-10-22,179005,0.0,8,0,0,0
1251,7517,SV,2025-10-22,179006,1.02,0,2717,0,0
1251,7517,SV,2025-10-22,179007,10.12,0,16299,1,2
1251,7517,SV,2025-10-22,179008,3.46,0,4075,0,0
1251,7517,SV,2025-10-22,179023,0.92,0,2717,0,0
1251,7517,SV,2025-10-22,179024,9.01,8,10866,1,2
1251,7517,SV,2025-10-22,179025,11.65,8,5433,0,0
1251,7517,SV,2025-10-22,179026,12.84,8,21733,2,4
1251,7517,SV,2025-10-22,198877,0.0,0,0,0,0
1251,7517,SV,2025-10-22,198878,0.0,0,0,0,0
1251,7517,SV,2025-10-22,198879,0.53,0,1358,0,0
1251,7517,SV,2025-10-22,198880,14.55,8,19016,1,2
1251,7517,SV,2025-10-22,198881,1.7,0,2717,1,0
1251,7517,SV,2025-10-22,198882,0.15,0,1358,0,0
1251,7517,SV,2025-10-22,198883,5.23,0,8150,1,1
1251,7517,SV,2025-10-22,198884,6.33,0,2717,0,0
1251,7517,SV,2025-10-22,198885,4.08,8,2717,0,2
1251,7517,SV,2025-10-22,198886,2.87,0,5433,0,0
1251,7517,SV,2025-10-22,198888,0.0,0,0,0,0
1251,7517,SV,2025-10-22,198889,0.0,0,0,0,0
1251,7517,SV,2025-10-22,198890,1.42,0,2717,0,0
1251,7517,SV,2025-10-22,198891,1.75,8,1358,0,0
1251,7517,SV,2025-10-22,198892,4.98,0,9508,0,0
1251,7517,SV,2025-10-22,198893,3.48,0,10866,1,0
1251,7517,SV,2025-10-22,206128,0.0,0,0,0,0
1251,7517,SV,2025-10-22,206129,0.0,0,0,0,0
1251,7517,SV,2025-10-22,206130,0.45,0,1358,0,0
1251,7517,SV,2025-10-22,206131,2.6,8,10866,0,3
1251,7517,SV,2025-10-22,206132,2.5,0,5433,0,0
1251,7517,SV,2025-10-22,206133,0.0,0,0,0,0
1251,7517,SV,2025-10-22,206134,0.43,8,2717,0,1
1251,7517,SV,2025-10-22,206135,0.62,0,1358,0,0
1251,7517,SV,2025-10-22,206136,4.21,16,4075,0,0
1251,7517,SV,2025-10-22,206137,0.44,8,1358,0,0
1251,7517,SV,2025-10-22,207897,0.0,0,0,0,0
1251,7517,SV,2025-10-22,207898,0.0,0,0,0,0
1251,7517,SV,2025-10-22,207899,1.18,16,2717,0,1
1251,7517,SV,2025-10-22,207900,6.04,8,8150,0,0
1251,7517,SV,2025-10-22,207901,0.47,0,1358,0,0
1251,7517,SV,2025-10-22,207903,0.0,0,0,0,0
1251,7517,SV,2025-10-22,215796,0.0,0,0,0,0
1251,7517,SV,2025-10-22,215797,2.08,0,2717,0,0
1251,7517,SV,2025-10-22,215798,0.0,0,0,0,0
1251,7517,SV,2025-10-22,215799,0.45,8,1358,0,0
1251,7517,SV,2025-10-22,215800,2.32,0,1358,0,0
1251,7517,SV,2025-10-22,215801,4.8,0,5433,0,0
1251,7517,SV,2025-10-22,220211,1.78,8,2717,0,0
1251,7517,SV,2025-10-22,220212,0.0,0,0,0,0
1251,7517,SV,2025-10-22,220213,0.42,0,2717,1,0
1251,7517,SV,2025-10-22,220214,0.0,16,0,0,0
1251,7517,SV,2025-10-22,220215,13.39,0,9508,0,0
3151,8406,SV,2025-10-22,210819,0.0,0,0,1,1
3151,8406,SV,2025-10-22,210820,5.32,0,10866,2,4
3151,8406,SV,2025-10-22,210821,0.79,0,1358,0,0
3151,8406,SV,2025-10-22,210822,0.0,0,0,0,1
3151,8406,SV,2025-10-22,210823,2.93,0,2717,0,0
3151,8406,SV,2025-10-22,210825,1.13,8,1358,1,1
3151,8406,SV,2025-10-22,210833,0.0,0,0,0,0
3151,8406,SV,2025-10-22,210834,0.0,0,0,0,1
3151,8406,SV,2025-10-22,210835,1.51,0,1358,0,2
3151,8406,SV,2025-10-22,210836,2.48,8,4075,2,1
3151,8406,SV,2025-10-22,210837,0.57,0,1358,1,1
3151,8406,SV,2025-10-22,210839,0.0,0,0,0,0
3151,8406,SV,2025-10-22,210840,0.0,0,0,0,0
3151,8406,SV,2025-10-22,210841,0.0,0,0,1,0
3151,8406,SV,2025-10-22,210842,2.91,16,2717,0,0
3151,8406,SV,2025-10-22,210843,11.57,8,16299,4,11
3151,8406,SV,2025-10-22,210846,0.0,0,0,0,0
3151,8406,SV,2025-10-22,215838,0.32,8,1358,0,0
3151,8406,SV,2025-10-22,215839,0.59,0,1358,0,0
3151,8406,SV,2025-10-22,215840,2.37,0,8150,0,1
3151,8406,SV,2025-10-22,215842,0.0,0,0,0,0
3151,8406,SV,2025-10-22,215843,5.76,0,6791,1,2
3151,8406,SV,2025-10-22,215844,9.5,16,9508,0,1
3151,8406,SV,2025-10-22,215845,0.38,0,2717,1,1
3151,8406,SV,2025-10-22,215853,0.0,0,0,0,0
3151,8406,SV,2025-10-22,215854,0.0,0,0,0,0
3151,8406,SV,2025-10-22,215855,0.67,8,1358,0,2
3151,8406,SV,2025-10-22,215856,1.83,0,2717,3,4
3151,8406,SV,2025-10-22,215857,0.2,0,1358,0,0
3151,8406,SV,2025-10-22,215859,0.0,0,0,0,0
3151,8406,SV,2025-10-22,218630,2.35,0,1358,0,1
3151,8406,SV,2025-10-22,218631,1.06,0,1358,0,0
3151,8406,SV,2025-10-22,218632,1.6,0,2717,0,0
3151,8406,SV,2025-10-22,218634,0.0,0,0,0,1
3151,8406,SV,2025-10-22,218635,11.86,0,5433,1,2
3151,8406,SV,2025-10-22,218636,0.0,0,0,1,1
3151,8406,SV,2025-10-22,220410,0.0,0,0,0,0
3151,8406,SV,2025-10-22,221024,0.0,0,0,0,0
3151,8406,SV,2025-10-22,221026,1.16,16,1358,0,0
3151,8406,SV,2025-10-22,221027,0.0,0,0,0,0
3151,8406,SV,2025-10-22,221028,0.0,0,0,0,4
3151,8406,SV,2025-10-22,221030,0.0,0,0,0,0
3151,8406,SV,2025-10-22,221031,3.94,0,4075,2,2
3151,8406,SV,2025-10-22,221032,1.06,0,2717,0,0
3151,8406,SV,2025-10-22,221033,14.11,8,4075,0,2
3151,8406,SV,2025-10-22,221034,0.39,0,1358,0,0
3151,8406,SV,2025-10-22,221035,0.0,0,0,0,0
3151,8406,SV,2025-10-22,221037,0.0,0,0,0,0
3151,8406,SV,2025-10-22,221038,10.16,0,13583,1,6
3151,8406,SV,2025-10-22,221039,1.56,0,2717,1,1
3151,8406,SV,2025-10-22,221242,0.0,0,0,0,1
3151,8406,SV,2025-10-22,221243,19.05,0,6791,1,4
3151,8406,SV,2025-10-22,221244,0.0,0,0,0,0
3151,8406,SV,2025-10-22,221245,1.19,16,2717,1,0
3151,8406,SV,2025-10-22,221246,0.0,8,0,0,0
3151,8406,SV,2025-10-22,221247,0.0,0,0,0,0
3151,8406,SV,2025-10-22,221248,0.0,0,0,0,0
3151,8406,SV,2025-10-22,221249,11.95,0,2717,0,1
3151,8406,SV,2025-10-22,221250,0.0,0,0,0,0
3151,8406,SV,2025-10-22,221251,13.95,0,4075,1,1
3151,8406,SV,2025-10-22,221252,3.34,0,2717,0,1
3151,8406,SV,2025-10-22,221253,1.11,0,1358,0,0
3151,8406,SV,2025-10-22,221254,0.0,0,0,0,0
3151,8406,SV,2025-10-22,221255,0.0,0,0,0,0
3151,8406,SV,2025-10-22,221256,0.0,0,0,2,5
3151,8406,SV,2025-10-22,221258,0.0,0,0,0,0
3151,8406,SV,2025-10-22,221259,0.0,0,0,1,0
3151,8406,SV,2025-10-22,221260,0.61,0,1358,0,0
3151,8406,SV,2025-10-22,221847,1.4,8,1358,0,0
3151,8406,SV,2025-10-22,221848,1.54,0,1358,0,0
3151,8406,SV,2025-10-22,221849,1.53,8,2717,1,1
3151,8406,SV,2025-10-22,221850,0.0,0,0,0,0
3151,8406,SV,2025-10-22,221851,0.0,0,0,0,0
3151,8406,SV,2025-10-22,221852,7.85,0,8150,2,5
3151,8406,SV,2025-10-22,221853,0.0,0,0,0,0
3151,8406,SV,2025-10-22,221854,0.0,8,0,0,0
3151,8406,SV,2025-10-22,221855,2.36,0,1358,0,1
3151,8406,SV,2025-10-22,221856,1.82,0,1358,1,0
3151,8406,SV,2025-10-22,221858,0.0,16,0,1,0
3151,8406,SV,2025-10-22,221859,7.57,8,9508,1,2
3151,8406,SV,2025-10-22,221860,0.44,0,1358,0,1
3151,8406,SV,2025-10-22,223768,1.3,0,1358,0,1
3151,8406,SV,2025-10-22,223769,2.84,0,1358,1,1
3151,8406,SV,2025-10-22,223770,1.36,0,2717,0,0
3151,8406,SV,2025-10-22,224161,4.15,0,6791,2,4
3151,8406,SV,2025-10-22,224162,0.0,8,0,0,0
3151,8406,SV,2025-10-22,224163,0.0,0,0,0,0
3151,8406,SV,2025-10-22,224164,0.0,0,0,0,0
3151,8406,SV,2025-10-22,224165,8.13,0,4075,0,0
3151,8406,SV,2025-10-22,224854,0.0,0,0,0,0
3151,8406,SV,2025-10-22,224855,2.26,0,2717,0,1
3151,8406,SV,2025-10-22,224856,0.0,0,0,0,1
3151,8406,SV,2025-10-22,224857,5.21,16,8150,2,1
3151,8406,SV,2025-10-22,224858,7.74,0,2717,0,0
3151,8406,SV,2025-10-22,224860,0.0,0,0,0,0
1251,7927,CL,2025-10-23,203179,0.0,0,0,0,0
1251,7927,CL,2025-10-23,203180,1.65,0,5486,0,0
1251,7927,CL,2025-10-23,203181,0.69,8,2743,0,0
1251,7927,CL,2025-10-23,203182,0.98,16,2743,0,0
1251,7927,CL,2025-10-23,203183,0.0,0,0,0,0
1251,7927,CL,2025-10-23,203184,0.0,0,0,0,0
1251,7927,CL,2025-10-23,203185,5.3,16,8229,0,1
1251,7927,CL,2025-10-23,203186,19.83,8,9601,0,0
1251,7927,CL,2025-10-23,203187,0.0,0,0,1,1
1251,7927,CL,2025-10-23,203188,10.94,25,16458,0,0
1251,7927,CL,2025-10-23,203189,0.0,0,0,0,0
1251,7927,CL,2025-10-23,203190,0.0,8,0,0,0
1251,7927,CL,2025-10-23,203191,0.0,0,0,0,0
1251,7927,CL,2025-10-23,203192,9.1,0,10972,0,0
1251,7927,CL,2025-10-23,203193,4.72,0,5486,0,0
1251,7927,CL,2025-10-23,203195,3.05,16,4115,0,0
1251,7927,CL,2025-10-23,203196,11.4,8,13715,0,1
1251,7927,CL,2025-10-23,203197,1.22,16,2743,0,0
1251,7927,CL,2025-10-23,203198,11.85,16,10972,0,1
1251,7927,CL,2025-10-23,203199,20.34,25,23316,0,0
1251,7927,CL,2025-10-23,212691,0.0,0,0,0,0
1251,7927,CL,2025-10-23,212692,1.02,8,4115,0,1
1251,7927,CL,2025-10-23,212693,2.83,8,6858,0,0
1251,7927,CL,2025-10-23,212694,16.71,25,15087,0,2
1251,7927,CL,2025-10-23,212695,0.79,0,5486,0,0
1251,7927,CL,2025-10-23,215780,0.91,0,1372,0,0
1251,7927,CL,2025-10-23,215781,0.0,8,0,0,0
1251,7927,CL,2025-10-23,215782,0.0,0,0,0,0
1251,7927,CL,2025-10-23,215783,0.21,0,1372,0,0
1251,7927,CL,2025-10-23,215784,1.53,0,2743,0,0
1251,7927,CL,2025-10-23,215785,1.09,0,4115,0,0
1251,7927,CL,2025-10-23,215786,1.0,0,2743,0,0
1251,7927,CL,2025-10-23,215787,0.5,0,2743,0,0
1251,7927,CL,2025-10-23,215788,1.7,0,6858,0,0
1251,7927,CL,2025-10-23,215789,0.0,0,0,0,0
1251,7927,CL,2025-10-23,215790,0.0,0,0,0,0
1251,7927,CL,2025-10-23,215791,1.44,0,2743,0,0
1251,7927,CL,2025-10-23,215792,0.45,0,1372,0,0
1251,7927,CL,2025-10-23,215793,1.76,0,2743,0,0
1251,7927,CL,2025-10-23,215794,4.51,0,1372,0,0
1251,7927,CL,2025-10-23,220205,0.0,0,0,0,0
1251,7927,CL,2025-10-23,220206,0.0,0,0,0,0
1251,7927,CL,2025-10-23,220207,0.0,0,0,0,0
1251,7927,CL,2025-10-23,220208,0.0,0,0,0,1
1251,7927,CL,2025-10-23,222574,16.64,8,16458,0,0
1251,7927,CL,2025-10-23,222575,3.88,8,5486,0,0
1251,7927,CL,2025-10-23,222576,33.6,33,48004,0,0
1251,7518,CR,2025-10-23,197743,0.0,0,0,0,0
1251,7518,CR,2025-10-23,197744,0.0,0,0,0,0
1251,7518,CR,2025-10-23,197745,0.0,0,0,0,0
1251,7518,CR,2025-10-23,199813,4.15,0,1372,0,0
1251,7518,CR,2025-10-23,199814,19.0,16,8229,1,1
1251,7518,CR,2025-10-23,199815,39.51,41,13715,2,3
1251,7518,CR,2025-10-23,199816,1.37,33,2743,0,2
1251,7518,CR,2025-10-23,199817,16.18,115,49375,0,0
1251,7518,CR,2025-10-23,199819,0.62,0,1372,1,1
1251,7518,CR,2025-10-23,199820,76.11,49,150869,1,2
1251,7518,CR,2025-10-23,199821,2.1,0,2743,0,0
1251,7518,CR,2025-10-23,199822,16.03,16,9601,1,1
1251,7518,CR,2025-10-23,199880,1.95,0,2743,0,0
1251,7518,CR,2025-10-23,199881,0.97,8,1372,0,0
1251,7518,CR,2025-10-23,199882,8.91,33,10972,0,1
1251,7518,CR,2025-10-23,199883,37.95,16,50747,1,2
1251,7518,CR,2025-10-23,199884,14.14,8,19201,1,1
1251,7518,CR,2025-10-23,199886,0.0,8,0,0,0
1251,7518,CR,2025-10-23,206121,17.26,0,12344,0,0
1251,7518,CR,2025-10-23,206122,13.14,8,2743,0,0
1251,7518,CR,2025-10-23,206123,6.74,58,4115,0,0
1251,7518,CR,2025-10-23,206124,49.66,8,27431,0,1
1251,7518,CR,2025-10-23,206125,2.47,0,8229,0,0
1251,7518,CR,2025-10-23,206127,0.89,0,1372,0,0
1251,7518,CR,2025-10-23,209137,7.07,0,4115,0,0
1251,7518,CR,2025-10-23,209138,0.0,0,0,0,0
1251,7518,CR,2025-10-23,209139,25.25,16,21945,1,2
1251,7518,CR,2025-10-23,209140,2.49,0,4115,0,0
1251,7518,CR,2025-10-23,209141,57.0,16,54861,1,2
1251,7518,CR,2025-10-23,210923,4.83,0,4115,0,0
1251,7518,CR,2025-10-23,210924,7.94,8,9601,0,0
1251,7518,CR,2025-10-23,210925,99.05,99,65834,2,2
1251,7518,CR,2025-10-23,210926,35.23,33,69948,3,6
1251,7518,CR,2025-10-23,210927,84.45,58,97379,1,2
1251,7518,CR,2025-10-23,210929,3.87,8,5486,0,0
1251,7518,CR,2025-10-23,211373,8.45,0,5486,0,0
1251,7518,CR,2025-10-23,211374,9.83,8,5486,1,1
1251,7518,CR,2025-10-23,211375,18.14,16,10972,0,0
1251,7518,CR,2025-10-23,211376,23.91,66,9601,0,1
1251,7518,CR,2025-10-23,211377,71.07,0,41146,2,2
1251,7518,CR,2025-10-23,211378,2.28,0,2743,0,0
1251,7518,CR,2025-10-23,211379,20.62,25,19201,0,0
1251,7518,CR,2025-10-23,211380,33.67,8,10972,0,0
1251,7518,CR,2025-10-23,211381,20.16,16,16458,0,0
1251,7518,CR,2025-10-23,211382,3.34,0,4115,0,0
1251,7518,CR,2025-10-23,211383,0.0,0,0,0,0
1251,7518,CR,2025-10-23,211384,0.81,0,1372,0,0
1251,7518,CR,2025-10-23,212697,0.0,0,0,0,0
1251,7518,CR,2025-10-23,212698,22.91,41,20573,1,2
1251,7518,CR,2025-10-23,212699,0.0,16,0,0,1
1251,7518,CR,2025-10-23,212700,37.76,25,46632,1,2
1251,7518,CR,2025-10-23,212701,7.99,66,19201,1,1
1251,7518,CR,2025-10-23,212703,9.98,16,4115,0,0
1251,7518,CR,2025-10-23,215717,2.7,0,2743,0,0
1251,7518,CR,2025-10-23,215718,0.0,0,0,0,0
1251,7518,CR,2025-10-23,215719,8.66,33,6858,0,1
1251,7518,CR,2025-10-23,215720,29.54,74,13715,2,2
1251,7518,CR,2025-10-23,215721,21.1,25,15087,0,0
1251,7518,CR,2025-10-23,215722,0.0,0,0,0,0
1251,7518,CR,2025-10-23,215723,0.0,0,0,0,0
1251,7518,CR,2025-10-23,215724,33.0,8,42518,1,2
1251,7518,CR,2025-10-23,215725,7.53,25,9601,0,1
1251,7518,CR,2025-10-23,215726,32.6,214,9601,0,2
1251,7518,CR,2025-10-23,215727,56.56,25,28802,0,1
1251,7518,CR,2025-10-23,215728,0.96,0,1372,1,1
1251,7518,CR,2025-10-23,215729,0.0,0,0,0,0
1251,7518,CR,2025-10-23,215731,0.0,16,0,0,0
1251,7518,CR,2025-10-23,215732,0.0,0,0,0,0
1251,7518,CR,2025-10-23,215733,8.82,25,12344,0,0
1251,7518,CR,2025-10-23,215734,17.53,8,10972,0,0
1251,7518,CR,2025-10-23,215735,6.67,0,9601,0,0
1251,7518,CR,2025-10-23,221218,0.0,0,0,0,0
1251,7518,CR,2025-10-23,221219,23.0,25,19201,0,1
1251,7518,CR,2025-10-23,221220,38.97,8,19201,0,0
1251,7518,CR,2025-10-23,221221,22.37,25,16458,0,0
1251,7518,CR,2025-10-23,221222,0.65,8,1372,0,0
1251,7518,CR,2025-10-23,224835,15.93,8,9601,0,0
1251,7518,CR,2025-10-23,224836,25.96,33,10972,0,0
1251,7518,CR,2025-10-23,224837,17.76,8,15087,0,0
1251,7518,CR,2025-10-23,224838,13.89,0,12344,0,0
1251,7520,EC,2025-10-23,169629,22.99,58,27431,0,0
1251,7520,EC,2025-10-23,169630,5.01,8,4115,0,0
1251,7520,EC,2025-10-23,169631,7.69,0,5486,0,1
1251,7520,EC,2025-10-23,169632,0.96,0,1372,0,0
1251,7520,EC,2025-10-23,169634,14.66,8,5486,0,0
1251,7520,EC,2025-10-23,169642,4.98,49,2743,0,0
1251,7520,EC,2025-10-23,169643,0.0,0,0,0,0
1251,7520,EC,2025-10-23,169644,6.38,16,8229,0,0
1251,7520,EC,2025-10-23,169645,0.0,0,0,0,0
1251,7520,EC,2025-10-23,169647,0.0,0,0,0,0
1251,7520,EC,2025-10-23,169648,0.0,8,0,0,0
1251,7520,EC,2025-10-23,169649,0.0,0,0,0,0
1251,7520,EC,2025-10-23,169650,0.7,0,1372,0,0
1251,7520,EC,2025-10-23,169651,10.59,16,12344,0,0
1251,7520,EC,2025-10-23,169652,4.26,8,9601,0,0
1251,7520,EC,2025-10-23,169654,2.61,8,2743,0,0
1251,7520,EC,2025-10-23,169655,0.0,0,0,0,0
1251,7520,EC,2025-10-23,169656,3.44,0,2743,0,1
1251,7520,EC,2025-10-23,169657,0.88,0,1372,0,0
1251,7520,EC,2025-10-23,169658,0.0,8,0,0,0
1251,7520,EC,2025-10-23,169659,5.4,0,6858,0,0
1251,7520,EC,2025-10-23,169660,0.0,0,0,0,0
1251,7520,EC,2025-10-23,169662,0.0,25,0,1,0
1251,7520,EC,2025-10-23,171430,0.0,0,0,0,0
1251,7520,EC,2025-10-23,171431,0.0,0,0,0,0
1251,7520,EC,2025-10-23,171432,1.54,16,4115,0,0
1251,7520,EC,2025-10-23,171433,0.88,0,4115,0,0
1251,7520,EC,2025-10-23,178392,0.0,0,0,0,0
1251,7520,EC,2025-10-23,178393,4.14,0,1372,0,0
1251,7520,EC,2025-10-23,178394,4.84,0,2743,0,0
1251,7520,EC,2025-10-23,178395,2.71,0,2743,0,0
1251,7520,EC,2025-10-23,178397,0.0,0,0,0,0
1251,7520,EC,2025-10-23,178398,0.0,0,0,0,0
1251,7520,EC,2025-10-23,178399,0.0,0,0,0,0
1251,7520,EC,2025-10-23,178401,0.4,8,1372,0,0
1251,7520,EC,2025-10-23,178402,2.64,0,1372,0,0
1251,7520,EC,2025-10-23,178404,0.0,0,0,0,0
1251,7520,EC,2025-10-23,178406,0.0,0,0,0,0
1251,7520,EC,2025-10-23,178408,0.0,0,0,0,0
1251,7520,EC,2025-10-23,185841,0.5,0,1372,0,0
1251,7520,EC,2025-10-23,185842,0.0,0,0,0,0
1251,7520,EC,2025-10-23,185843,1.56,0,2743,0,0
1251,7520,EC,2025-10-23,185844,0.16,0,1372,0,0
1251,7520,EC,2025-10-23,185847,0.0,0,0,0,0
1251,7520,EC,2025-10-23,185862,0.0,0,0,0,0
1251,7520,EC,2025-10-23,185863,2.24,0,1372,0,0
1251,7520,EC,2025-10-23,185864,0.0,8,0,0,0
1251,7520,EC,2025-10-23,185865,1.17,16,4115,0,0
1251,7520,EC,2025-10-23,185866,0.89,16,4115,0,0
1251,7520,EC,2025-10-23,185883,0.0,16,0,0,0
1251,7520,EC,2025-10-23,185884,0.0,8,0,0,0
1251,7520,EC,2025-10-23,185885,0.83,8,2743,0,0
1251,7520,EC,2025-10-23,185886,0.7,0,1372,0,0
1251,7520,EC,2025-10-23,185888,0.0,0,0,0,0
1251,7520,EC,2025-10-23,185889,0.0,0,0,0,0
1251,7520,EC,2025-10-23,185895,3.33,16,4115,0,0
1251,7520,EC,2025-10-23,185897,2.81,16,1372,0,0
1251,7520,EC,2025-10-23,185900,3.37,16,1372,0,0
1251,7520,EC,2025-10-23,193178,0.73,8,1372,0,0
1251,7520,EC,2025-10-23,193179,0.0,0,0,0,0
1251,7520,EC,2025-10-23,193181,0.0,0,0,0,0
1251,7520,EC,2025-10-23,198841,0.0,0,0,0,0
1251,7520,EC,2025-10-23,198842,0.0,0,0,0,0
1251,7520,EC,2025-10-23,198844,3.16,8,4115,0,1
1251,7520,EC,2025-10-23,198845,0.0,0,0,0,0
1251,7520,EC,2025-10-23,198847,0.0,0,0,0,0
1251,7520,EC,2025-10-23,199723,0.18,0,1372,0,0
1251,7520,EC,2025-10-23,199724,8.33,8,17830,1,5
1251,7520,EC,2025-10-23,199725,2.02,66,2743,0,0
1251,7520,EC,2025-10-23,199727,0.16,0,1372,0,0
1251,7520,EC,2025-10-23,199729,0.73,0,2743,0,0
1251,7520,EC,2025-10-23,200172,3.66,0,5486,0,0
1251,7520,EC,2025-10-23,200173,8.94,33,13715,0,0
1251,7520,EC,2025-10-23,200174,2.54,16,6858,0,1
1251,7520,EC,2025-10-23,200175,30.2,16,57604,8,8
1251,7520,EC,2025-10-23,200176,2.56,33,6858,3,2
1251,7520,EC,2025-10-23,200178,4.04,41,5486,0,2
1251,7520,EC,2025-10-23,206105,1.12,0,1372,1,1
1251,7520,EC,2025-10-23,206106,1.37,25,4115,0,1
1251,7520,EC,2025-10-23,206107,4.28,25,4115,0,0
1251,7520,EC,2025-10-23,206108,13.8,33,35660,1,2
1251,7520,EC,2025-10-23,206109,5.58,8,8229,0,1
1251,7520,EC,2025-10-23,206111,5.06,0,5486,0,0
1251,7520,EC,2025-10-23,206947,20.51,25,12344,0,0
1251,7520,EC,2025-10-23,206948,5.91,33,4115,0,0
1251,7520,EC,2025-10-23,215737,0.0,0,0,0,0
1251,7520,EC,2025-10-23,215739,0.0,0,0,0,0
1251,7520,EC,2025-10-23,215742,0.0,0,0,0,0
1251,7520,EC,2025-10-23,215744,13.67,8,5486,0,0
1251,7520,EC,2025-10-23,215745,0.0,8,0,0,1
1251,7520,EC,2025-10-23,215746,0.0,0,0,0,0
1251,7520,EC,2025-10-23,215747,1.81,0,4115,0,0
1251,7520,EC,2025-10-23,215748,0.0,0,0,0,0
1251,7520,EC,2025-10-23,215750,0.0,0,0,0,0
1251,7520,EC,2025-10-23,215751,0.0,0,0,0,0
1251,7520,EC,2025-10-23,215752,2.22,25,2743,0,0
1251,7520,EC,2025-10-23,215753,0.0,0,0,0,0
1251,7520,EC,2025-10-23,215754,0.0,0,0,0,0
1251,7520,EC,2025-10-23,215755,11.98,0,2743,0,0
1251,7520,EC,2025-10-23,215756,0.0,0,0,0,0
1251,7520,EC,2025-10-23,215757,0.0,0,0,0,0
1251,7520,EC,2025-10-23,215758,0.0,8,0,0,0
1251,7520,EC,2025-10-23,215760,0.0,0,0,0,0
1251,7520,EC,2025-10-23,215761,0.0,0,0,0,0
1251,7520,EC,2025-10-23,215762,1.23,16,1372,0,0
1251,7520,EC,2025-10-23,215763,0.0,8,0,0,0
1251,7520,EC,2025-10-23,215764,0.0,0,0,0,0
1251,7520,EC,2025-10-23,215765,2.36,0,4115,0,0
1251,7520,EC,2025-10-23,215767,0.0,0,0,0,0
1251,7520,EC,2025-10-23,215768,6.35,16,1372,0,0
1251,7520,EC,2025-10-23,215770,22.7,8,12344,0,0
1251,7520,EC,2025-10-23,215772,6.75,16,2743,0,0
1251,7520,EC,2025-10-23,215773,0.0,8,0,0,0
1251,7520,EC,2025-10-23,215774,0.0,8,0,0,0
1251,7520,EC,2025-10-23,215776,0.0,0,0,0,0
1251,7520,EC,2025-10-23,215777,4.19,0,4115,1,0
1251,7520,EC,2025-10-23,215778,6.53,25,13715,1,2
1251,7520,EC,2025-10-23,215779,0.9,0,1372,0,0
1251,7520,EC,2025-10-23,222498,10.76,115,27431,2,2
1251,7520,EC,2025-10-23,222499,27.17,25,31545,2,1
1251,7520,EC,2025-10-23,222500,16.25,198,6858,0,0
1252,7521,EC,2025-10-23,169776,0.0,0,0,0,0
1252,7521,EC,2025-10-23,169777,0.46,16,2743,2,4
1252,7521,EC,2025-10-23,169778,2.02,8,5486,0,1
1252,7521,EC,2025-10-23,169779,8.1,0,10972,1,1
1252,7521,EC,2025-10-23,169780,3.95,0,1372,0,0
1252,7521,EC,2025-10-23,169782,15.28,99,12344,0,0
1252,7521,EC,2025-10-23,180357,0.0,0,0,0,0
1252,7521,EC,2025-10-23,180358,0.0,0,0,0,0
1252,7521,EC,2025-10-23,180359,0.82,8,2743,1,1
1252,7521,EC,2025-10-23,180360,3.92,0,6858,1,6
1252,7521,EC,2025-10-23,180361,0.0,0,0,0,0
1252,7521,EC,2025-10-23,180363,0.0,8,0,0,0
1252,7521,EC,2025-10-23,198765,0.66,0,1372,0,0
1252,7521,EC,2025-10-23,198766,7.55,16,4115,1,0
1252,7521,EC,2025-10-23,198767,0.0,16,0,0,0
1252,7521,EC,2025-10-23,198768,39.36,49,46632,2,8
1252,7521,EC,2025-10-23,198769,4.34,8,2743,0,0
1252,7521,EC,2025-10-23,198773,0.21,16,1372,0,1
1252,7521,EC,2025-10-23,198774,10.52,41,10972,0,0
1252,7521,EC,2025-10-23,198775,0.41,0,2743,1,7
1252,7521,EC,2025-10-23,198776,0.6,0,1372,0,0
1252,7521,EC,2025-10-23,198778,1.43,8,1372,0,0
1252,7521,EC,2025-10-23,198779,0.0,0,0,0,0
1252,7521,EC,2025-10-23,198780,8.53,8,6858,0,0
1252,7521,EC,2025-10-23,198781,7.9,49,5486,0,0
1252,7521,EC,2025-10-23,198782,23.71,41,17830,0,2
1252,7521,EC,2025-10-23,198783,1.3,8,2743,2,4
1252,7521,EC,2025-10-23,198799,0.0,0,0,0,0
1252,7521,EC,2025-10-23,198800,7.34,16,13715,0,1
1252,7521,EC,2025-10-23,198801,2.38,8,5486,1,1
1252,7521,EC,2025-10-23,198802,22.4,41,27431,0,2
1252,7521,EC,2025-10-23,198803,0.0,0,0,0,0
1252,7521,EC,2025-10-23,198805,8.36,82,4115,0,0
1252,7521,EC,2025-10-23,211159,11.66,25,10972,1,1
1252,7521,EC,2025-10-23,211160,0.0,0,0,0,0
1252,7521,EC,2025-10-23,211161,28.94,25,27431,2,8
1252,7521,EC,2025-10-23,211162,0.0,16,0,0,1
1252,7521,EC,2025-10-23,211164,1.31,0,2743,0,0
1252,7521,EC,2025-10-23,215274,0.0,8,0,0,0
1252,7521,EC,2025-10-23,215275,0.23,0,1372,0,0
1252,7521,EC,2025-10-23,215276,7.89,49,6858,1,3
1252,7521,EC,2025-10-23,215277,11.52,8,26059,0,2
1252,7521,EC,2025-10-23,215278,0.0,0,0,0,0
1252,7521,EC,2025-10-23,215280,29.03,115,27431,0,6
1252,7521,EC,2025-10-23,221211,0.0,0,0,0,0
1252,7521,EC,2025-10-23,221212,3.93,0,5486,1,2
1252,7521,EC,2025-10-23,221213,0.78,8,1372,0,0
1252,7521,EC,2025-10-23,221214,21.95,25,12344,2,3
1252,7521,EC,2025-10-23,221215,1.87,16,1372,0,0
1252,7521,EC,2025-10-23,221217,0.0,8,0,0,0
1252,7522,EC,2025-10-23,169698,0.15,0,1372,0,1
1252,7522,EC,2025-10-23,169699,2.0,0,1372,0,1
1252,7522,EC,2025-10-23,169700,0.0,16,0,0,0
1252,7522,EC,2025-10-23,169701,0.0,8,0,1,0
1252,7522,EC,2025-10-23,169702,0.0,8,0,0,0
1252,7522,EC,2025-10-23,169704,0.78,8,2743,0,0
1252,7522,EC,2025-10-23,169719,0.97,0,1372,0,0
1252,7522,EC,2025-10-23,169720,1.27,16,2743,1,1
1252,7522,EC,2025-10-23,169721,0.0,0,0,0,0
1252,7522,EC,2025-10-23,169722,3.41,8,5486,1,2
1252,7522,EC,2025-10-23,169723,0.62,0,1372,0,0
1252,7522,EC,2025-10-23,169725,0.94,16,1372,0,0
1252,7522,EC,2025-10-23,180343,0.0,0,0,0,0
1252,7522,EC,2025-10-23,180344,0.0,8,0,0,1
1252,7522,EC,2025-10-23,180345,0.0,0,0,0,0
1252,7522,EC,2025-10-23,180346,0.0,16,0,0,1
1252,7522,EC,2025-10-23,180347,0.0,0,0,0,0
1252,7522,EC,2025-10-23,180349,0.0,0,0,0,0
1252,7522,EC,2025-10-23,192876,0.0,0,0,0,0
1252,7522,EC,2025-10-23,192877,2.95,8,5486,0,0
1252,7522,EC,2025-10-23,192878,2.76,8,4115,0,1
1252,7522,EC,2025-10-23,192879,1.1,0,2743,0,2
1252,7522,EC,2025-10-23,192880,0.0,0,0,0,0
1252,7522,EC,2025-10-23,192882,0.55,0,1372,0,0
1252,7522,EC,2025-10-23,192883,0.0,0,0,0,0
1252,7522,EC,2025-10-23,192884,0.0,0,0,0,0
1252,7522,EC,2025-10-23,192885,0.0,0,0,0,0
1252,7522,EC,2025-10-23,192886,0.21,0,1372,0,0
1252,7522,EC,2025-10-23,192887,0.0,0,0,0,0
1252,7522,EC,2025-10-23,192890,0.71,0,1372,0,0
1252,7522,EC,2025-10-23,192891,0.22,8,1372,0,0
1252,7522,EC,2025-10-23,192892,5.59,8,1372,0,1
1252,7522,EC,2025-10-23,192893,2.22,8,2743,1,5
1252,7522,EC,2025-10-23,192894,0.0,0,0,0,0
1252,7522,EC,2025-10-23,192896,2.77,0,2743,0,0
1252,7522,EC,2025-10-23,192904,0.0,0,0,0,0
1252,7522,EC,2025-10-23,192905,0.49,8,1372,0,0
1252,7522,EC,2025-10-23,192906,0.0,0,0,0,0
1252,7522,EC,2025-10-23,192907,3.26,16,4115,1,2
1252,7522,EC,2025-10-23,192908,0.0,0,0,0,0
1252,7522,EC,2025-10-23,192910,0.0,0,0,0,0
1252,7522,EC,2025-10-23,198737,0.61,0,1372,0,0
1252,7522,EC,2025-10-23,198738,0.0,0,0,0,0
1252,7522,EC,2025-10-23,198739,0.23,0,1372,0,1
1252,7522,EC,2025-10-23,198740,1.66,16,5486,0,1
1252,7522,EC,2025-10-23,198741,0.0,8,0,0,0
1252,7522,EC,2025-10-23,198743,0.63,0,1372,0,1
1252,7522,EC,2025-10-23,198744,0.0,0,0,0,0
1252,7522,EC,2025-10-23,198745,1.2,0,1372,1,1
1252,7522,EC,2025-10-23,198746,2.12,0,2743,0,0
1252,7522,EC,2025-10-23,198747,8.09,0,5486,2,4
1252,7522,EC,2025-10-23,198748,0.0,8,0,0,0
1252,7522,EC,2025-10-23,207466,15.38,16,5486,1,2
1252,7522,EC,2025-10-23,207467,14.81,33,9601,0,3
1252,7522,EC,2025-10-23,207470,19.13,25,15087,0,4
1252,7522,EC,2025-10-23,207471,22.51,8,12344,1,5
1252,7522,EC,2025-10-23,213498,0.0,0,0,0,0
1252,7522,EC,2025-10-23,213499,0.0,0,0,0,0
1252,7522,EC,2025-10-23,213500,10.06,25,2743,1,0
1252,7522,EC,2025-10-23,213501,1.11,0,4115,0,0
1252,7522,EC,2025-10-23,213502,0.0,0,0,0,0
1252,7522,EC,2025-10-23,213503,9.17,33,13715,0,0
1252,7522,EC,2025-10-23,213504,0.0,8,0,0,0
1252,7522,EC,2025-10-23,213505,11.05,8,19201,2,5
1252,7522,EC,2025-10-23,213506,2.84,16,4115,0,0
1252,7522,EC,2025-10-23,214304,0.0,8,0,0,0
1252,7522,EC,2025-10-23,214305,5.13,8,5486,0,1
1252,7522,EC,2025-10-23,214306,0.0,0,0,0,1
1252,7522,EC,2025-10-23,214307,31.92,8,4115,0,1
1252,7522,EC,2025-10-23,214308,0.0,0,0,0,0
1252,7522,EC,2025-10-23,214310,0.0,0,0,0,0
1252,7522,EC,2025-10-23,218184,0.0,0,0,0,0
1252,7522,EC,2025-10-23,218185,1.74,8,1372,0,0
1252,7522,EC,2025-10-23,218186,0.0,0,0,0,0
1252,7522,EC,2025-10-23,218187,0.0,0,0,1,0
1252,7522,EC,2025-10-23,218188,0.0,0,0,0,0
1252,7522,EC,2025-10-23,218192,0.0,0,0,0,0
1252,7522,EC,2025-10-23,218193,0.0,0,0,0,0
1252,7522,EC,2025-10-23,220179,0.0,0,0,0,0
1252,7522,EC,2025-10-23,220180,0.0,0,0,0,0
1252,7522,EC,2025-10-23,221187,0.0,0,0,0,0
1252,7522,EC,2025-10-23,221188,0.72,0,1372,0,1
1252,7522,EC,2025-10-23,221189,0.0,0,0,0,0
1252,7522,EC,2025-10-23,221190,4.63,8,2743,1,1
1252,7522,EC,2025-10-23,221191,0.91,0,1372,0,3
1252,7522,EC,2025-10-23,221193,1.68,0,1372,0,0
1252,7522,EC,2025-10-23,221194,0.0,0,0,0,0
1252,7522,EC,2025-10-23,221195,0.0,0,0,0,0
1252,7522,EC,2025-10-23,221196,13.99,8,15087,0,3
1252,7522,EC,2025-10-23,221197,2.6,8,1372,0,1
1252,7522,EC,2025-10-23,221198,0.48,0,1372,0,1
1252,7522,EC,2025-10-23,221199,2.42,8,1372,0,0
1252,7522,EC,2025-10-23,221200,7.38,25,8229,1,2
1252,7522,EC,2025-10-23,221201,0.0,8,0,0,0
1252,7522,EC,2025-10-23,221202,5.92,0,1372,0,0
1252,7522,EC,2025-10-23,221207,0.0,0,0,1,1
1252,7522,EC,2025-10-23,221209,0.0,0,0,0,0
1252,7522,EC,2025-10-23,221210,0.0,0,0,0,0
1252,7522,EC,2025-10-23,223267,0.0,0,0,0,0
1252,7522,EC,2025-10-23,223268,0.0,0,0,0,0
1252,7522,EC,2025-10-23,223269,0.0,0,0,0,0
1252,7522,EC,2025-10-23,223270,0.0,0,0,0,0
1252,7522,EC,2025-10-23,223271,0.0,0,0,1,0
1252,7522,EC,2025-10-23,223272,0.0,0,0,0,1
1252,7522,EC,2025-10-23,223273,0.71,0,1372,0,0
1252,7522,EC,2025-10-23,223274,0.83,8,1372,0,1
1252,7522,EC,2025-10-23,223275,0.0,8,0,0,0
1252,7522,EC,2025-10-23,223276,0.0,0,0,0,0
1252,7522,EC,2025-10-23,224104,0.0,0,0,0,0
1252,7522,EC,2025-10-23,224105,0.0,8,0,0,2
1252,7522,EC,2025-10-23,224106,0.0,0,0,0,0
1252,7522,EC,2025-10-23,224107,0.0,0,0,0,1
1252,7522,EC,2025-10-23,224108,1.51,0,2743,1,0
1252,7522,EC,2025-10-23,224109,11.05,16,4115,0,1
1252,7522,EC,2025-10-23,224110,0.0,0,0,0,0
1252,7522,EC,2025-10-23,224111,0.41,8,1372,0,0
1252,7522,EC,2025-10-23,224112,0.0,8,0,0,0
1252,7522,EC,2025-10-23,224113,0.0,0,0,3,2
1252,7522,EC,2025-10-23,224114,0.0,0,0,0,0
1252,7522,EC,2025-10-23,224116,4.98,0,1372,0,0
1252,7522,EC,2025-10-23,224117,3.66,8,2743,0,0
1252,7522,EC,2025-10-23,224118,0.72,0,1372,0,0
1252,7522,EC,2025-10-23,224119,0.94,0,4115,0,1
1252,7522,EC,2025-10-23,224120,0.0,0,0,0,2
1252,7522,EC,2025-10-23,224123,0.0,0,0,0,0
1252,7522,EC,2025-10-23,224124,0.0,0,0,0,1
1252,7522,EC,2025-10-23,224125,0.0,0,0,0,0
1252,7522,EC,2025-10-23,224126,0.0,0,0,0,0
1252,7522,EC,2025-10-23,224128,0.17,8,1372,0,0
1252,7522,EC,2025-10-23,224129,0.64,0,2743,0,2
1252,7522,EC,2025-10-23,224130,0.0,0,0,0,0
1252,7522,EC,2025-10-23,224131,9.25,8,10972,0,1
1252,7522,EC,2025-10-23,224132,2.31,0,1372,0,0
1252,7522,EC,2025-10-23,224134,0.0,0,0,0,0
1252,7522,EC,2025-10-23,224135,0.0,33,0,0,1
1252,7522,EC,2025-10-23,224136,4.82,8,2743,0,0
1252,7522,EC,2025-10-23,224137,2.76,8,5486,0,2
1252,7522,EC,2025-10-23,224138,0.0,0,0,0,0
1252,7522,EC,2025-10-23,224139,0.0,0,0,0,0
1252,7522,EC,2025-10-23,224140,0.0,0,0,0,0
1252,7522,EC,2025-10-23,224141,5.08,25,15087,1,1
1252,7522,EC,2025-10-23,224142,0.0,8,0,0,0
1252,7522,EC,2025-10-23,224143,1.62,8,1372,0,1
1252,7522,EC,2025-10-23,224144,0.0,0,0,0,1
1252,7522,EC,2025-10-23,224145,7.45,33,6858,1,1
1252,7522,EC,2025-10-23,224146,0.0,0,0,0,1
1252,7522,EC,2025-10-23,224151,0.0,0,0,0,0
1252,7522,EC,2025-10-23,224153,0.0,0,0,0,0
1251,9092,GT,2025-10-23,222434,0.82,8,1372,0,0
1251,9092,GT,2025-10-23,222435,16.94,0,20573,1,1
1251,9092,GT,2025-10-23,222436,1.9,8,2743,0,0
1251,9092,GT,2025-10-23,222437,4.81,16,5486,0,0
1251,9092,GT,2025-10-23,222438,2.91,0,8229,0,0
1251,9092,GT,2025-10-23,222439,2.29,8,4115,0,0
1251,9092,GT,2025-10-23,222440,5.49,0,4115,0,0
1251,9092,GT,2025-10-23,222441,0.67,0,1372,0,0
1251,9092,GT,2025-10-23,222442,0.0,0,0,0,0
1251,9092,GT,2025-10-23,222443,4.47,8,5486,0,1
1251,9092,GT,2025-10-23,222444,0.16,0,1372,0,0
1251,9092,GT,2025-10-23,222445,0.18,16,1372,0,0
1251,9092,GT,2025-10-23,222446,0.0,0,0,0,0
1251,9092,GT,2025-10-23,222447,2.03,0,2743,0,0
1251,9092,GT,2025-10-23,222448,15.71,0,19201,2,3
1251,9092,GT,2025-10-23,222449,1.85,8,1372,0,0
1251,9092,GT,2025-10-23,222450,4.13,16,5486,0,0
1251,9092,GT,2025-10-23,222451,3.83,0,2743,0,0
1251,9092,GT,2025-10-23,222452,1.86,8,1372,0,0
1251,9092,GT,2025-10-23,222453,0.57,0,1372,0,0
1251,9092,GT,2025-10-23,222454,11.31,0,8229,0,0
1251,9092,GT,2025-10-23,222455,2.92,8,6858,1,0
1251,9092,GT,2025-10-23,222456,0.0,0,0,0,0
1251,9092,GT,2025-10-23,222457,0.18,0,1372,0,0
1251,9092,GT,2025-10-23,222458,4.5,16,9601,1,1
1251,9092,GT,2025-10-23,222459,2.07,0,4115,0,0
1251,9092,GT,2025-10-23,222460,10.21,0,9601,0,0
1251,9092,GT,2025-10-23,222461,0.0,0,0,0,0
1251,9092,GT,2025-10-23,222462,1.4,8,1372,0,0
1251,9092,GT,2025-10-23,222463,1.63,0,1372,0,0
1251,9092,GT,2025-10-23,222464,0.72,8,2743,0,0
1251,9092,GT,2025-10-23,222465,0.0,0,0,0,0
1251,9092,GT,2025-10-23,222466,0.0,0,0,0,0
1251,9092,GT,2025-10-23,222467,1.36,8,1372,0,0
1251,9092,GT,2025-10-23,222468,5.9,0,16458,0,1
1251,9092,GT,2025-10-23,222470,7.08,16,8229,0,0
1251,9092,GT,2025-10-23,222471,0.0,0,0,0,0
1251,9092,GT,2025-10-23,222472,6.72,16,5486,1,1
1251,9092,GT,2025-10-23,224840,0.57,0,1372,0,0
1251,9092,GT,2025-10-23,224841,0.0,0,0,0,0
1251,9092,GT,2025-10-23,224842,0.0,0,0,0,0
1251,9092,GT,2025-10-23,224843,0.33,0,1372,0,0
1251,9092,GT,2025-10-23,224844,0.0,8,0,0,0
1251,9092,GT,2025-10-23,224845,0.0,8,0,0,0
1251,9092,GT,2025-10-23,224846,4.54,0,1372,1,0
3151,8407,GT,2025-10-23,210779,0.0,0,0,0,0
3151,8407,GT,2025-10-23,210780,0.0,0,0,0,0
3151,8407,GT,2025-10-23,210781,0.56,0,2743,0,0
3151,8407,GT,2025-10-23,210782,0.0,0,0,0,0
3151,8407,GT,2025-10-23,210792,0.0,8,0,0,0
3151,8407,GT,2025-10-23,210793,3.95,0,5486,0,0
3151,8407,GT,2025-10-23,210794,1.85,0,4115,0,0
3151,8407,GT,2025-10-23,210795,4.03,33,9601,0,0
3151,8407,GT,2025-10-23,210796,0.0,0,0,0,0
3151,8407,GT,2025-10-23,210798,0.82,0,1372,0,0
3151,8407,GT,2025-10-23,210805,0.0,0,0,0,0
3151,8407,GT,2025-10-23,210806,0.46,33,1372,0,0
3151,8407,GT,2025-10-23,210807,0.0,0,0,0,0
3151,8407,GT,2025-10-23,210808,2.76,8,5486,0,1
3151,8407,GT,2025-10-23,210809,0.29,0,1372,0,0
3151,8407,GT,2025-10-23,210811,2.59,25,2743,0,0
3151,8407,GT,2025-10-23,211182,0.0,0,0,0,0
3151,8407,GT,2025-10-23,215817,0.77,0,1372,0,0
3151,8407,GT,2025-10-23,215818,0.0,0,0,0,1
3151,8407,GT,2025-10-23,215819,0.64,0,1372,0,0
3151,8407,GT,2025-10-23,215820,5.08,0,5486,0,0
3151,8407,GT,2025-10-23,215823,2.42,0,2743,0,0
3151,8407,GT,2025-10-23,218623,0.0,16,0,0,0
3151,8407,GT,2025-10-23,218624,0.0,0,0,0,0
3151,8407,GT,2025-10-23,218625,0.31,0,1372,0,0
3151,8407,GT,2025-10-23,218626,0.21,0,1372,0,1
3151,8407,GT,2025-10-23,218627,0.0,0,0,0,0
3151,8407,GT,2025-10-23,218629,0.0,0,0,0,0
3151,8407,GT,2025-10-23,219237,0.0,0,0,0,0
3151,8407,GT,2025-10-23,219238,2.22,0,1372,0,0
3151,8407,GT,2025-10-23,219239,0.0,0,0,0,0
3151,8407,GT,2025-10-23,219240,1.28,0,2743,0,0
3151,8407,GT,2025-10-23,219241,0.0,0,0,0,0
3151,8407,GT,2025-10-23,219243,2.47,0,4115,0,0
3151,8407,GT,2025-10-23,221223,1.37,0,1372,0,0
3151,8407,GT,2025-10-23,221224,1.01,8,2743,0,0
3151,8407,GT,2025-10-23,221225,0.2,0,1372,0,0
3151,8407,GT,2025-10-23,221226,0.39,0,1372,0,1
3151,8407,GT,2025-10-23,221227,0.63,0,2743,0,0
3151,8407,GT,2025-10-23,221229,0.62,16,1372,0,0
3151,8407,GT,2025-10-23,221230,0.0,0,0,0,0
3151,8407,GT,2025-10-23,221231,0.36,0,1372,0,0
3151,8407,GT,2025-10-23,221232,0.48,16,1372,0,1
3151,8407,GT,2025-10-23,221233,11.45,0,8229,0,0
3151,8407,GT,2025-10-23,221234,0.0,0,0,0,0
3151,8407,GT,2025-10-23,221236,0.0,0,0,0,0
3151,8407,GT,2025-10-23,221238,0.67,0,2743,0,0
3151,8407,GT,2025-10-23,221239,0.0,0,0,0,0
3151,8407,GT,2025-10-23,221240,1.02,0,1372,0,3
3151,8407,GT,2025-10-23,221241,0.0,0,0,0,0
3151,8407,GT,2025-10-23,223278,0.52,0,1372,0,0
3151,8407,GT,2025-10-23,223279,7.41,8,1372,0,0
3151,8407,GT,2025-10-23,223280,0.0,0,0,0,0
3151,8407,GT,2025-10-23,223281,4.88,0,4115,0,1
3151,8407,GT,2025-10-23,223282,0.0,0,0,0,1
3151,8407,GT,2025-10-23,223284,0.82,0,1372,0,0
3151,8407,GT,2025-10-23,223771,2.25,0,5486,0,0
3151,8407,GT,2025-10-23,223772,0.78,0,1372,0,0
3151,8407,GT,2025-10-23,223773,4.64,0,5486,0,0
3151,8407,GT,2025-10-23,224155,0.0,0,0,1,1
3151,8407,GT,2025-10-23,224156,0.0,0,0,0,0
3151,8407,GT,2025-10-23,224157,9.33,0,4115,1,0
3151,8407,GT,2025-10-23,224158,3.08,0,1372,0,0
3151,8407,GT,2025-10-23,224160,0.0,0,0,0,0
3151,8407,GT,2025-10-23,224847,0.0,8,0,0,0
3151,8407,GT,2025-10-23,224848,0.0,0,0,0,0
3151,8407,GT,2025-10-23,224849,0.0,0,0,0,0
3151,8407,GT,2025-10-23,224850,2.89,0,4115,0,2
3151,8407,GT,2025-10-23,224851,0.26,0,1372,0,0
3151,8407,GT,2025-10-23,224853,1.62,0,1372,0,0
1251,9126,HN,2025-10-23,223902,0.0,0,0,0,0
1251,9126,HN,2025-10-23,223903,7.55,8,13715,0,0
1251,9126,HN,2025-10-23,223904,2.82,0,6858,0,0
1251,9126,HN,2025-10-23,223905,2.74,58,13715,0,0
1251,9126,HN,2025-10-23,223906,7.03,58,15087,0,0
1251,9126,HN,2025-10-23,223907,4.84,8,4115,0,0
1251,9126,HN,2025-10-23,223908,3.84,25,6858,0,0
1251,9126,HN,2025-10-23,223909,5.02,8,12344,0,0
1251,9126,HN,2025-10-23,223910,9.0,49,21945,0,1
1251,9126,HN,2025-10-23,223911,4.2,25,8229,0,0
1251,9126,HN,2025-10-23,223912,0.0,8,0,0,0
1251,9126,HN,2025-10-23,223913,5.11,58,9601,0,1
1251,9126,HN,2025-10-23,223914,0.95,8,1372,0,0
1251,9126,HN,2025-10-23,223915,12.44,25,15087,0,1
1251,9126,HN,2025-10-23,223916,4.8,25,4115,0,0
1251,9126,HN,2025-10-23,223917,0.0,0,0,0,0
1251,9126,HN,2025-10-23,223918,4.19,0,6858,0,1
1251,9126,HN,2025-10-23,223919,2.19,25,2743,0,0
1251,9126,HN,2025-10-23,223920,3.8,0,9601,0,0
1251,9126,HN,2025-10-23,223921,6.75,49,15087,0,0
1251,9126,HN,2025-10-23,223922,3.14,8,2743,0,0
1251,9126,HN,2025-10-23,223923,3.04,8,4115,0,1
1251,9126,HN,2025-10-23,223924,9.5,25,28802,0,1
1251,9126,HN,2025-10-23,223925,7.89,8,17830,0,0
1251,9126,HN,2025-10-23,223926,4.83,115,13715,0,0
1251,9126,HN,2025-10-23,223927,0.49,0,1372,0,0
1251,9126,HN,2025-10-23,223928,3.73,25,12344,0,0
1251,9126,HN,2025-10-23,223929,1.53,16,1372,0,0
1251,9126,HN,2025-10-23,223930,1.96,8,4115,0,0
1251,9126,HN,2025-10-23,223931,0.31,25,1372,0,0
1251,9126,HN,2025-10-23,223932,0.0,0,0,0,0
1251,9126,HN,2025-10-23,223933,3.91,0,10972,0,0
1251,9126,HN,2025-10-23,223934,3.8,25,5486,0,0
1251,9126,HN,2025-10-23,223935,11.81,0,19201,0,0
1251,9126,HN,2025-10-23,223936,2.29,0,4115,0,0
1847,7523,HN,2025-10-23,207904,0.0,0,0,0,0
1847,7523,HN,2025-10-23,207905,0.86,0,2743,0,0
1847,7523,HN,2025-10-23,207906,0.57,0,1372,0,0
1847,7523,HN,2025-10-23,207907,2.79,8,8229,1,1
1847,7523,HN,2025-10-23,207908,7.87,25,13715,0,1
1847,7523,HN,2025-10-23,207910,0.0,16,0,0,0
1847,7523,HN,2025-10-23,211405,0.0,0,0,0,0
1847,7523,HN,2025-10-23,211406,1.28,0,5486,0,0
1847,7523,HN,2025-10-23,211408,3.56,0,9601,0,0
1847,7523,HN,2025-10-23,211409,0.0,8,0,0,0
1847,7523,HN,2025-10-23,211411,0.0,0,0,0,0
1847,7523,HN,2025-10-23,211412,0.0,0,0,0,0
1847,7523,HN,2025-10-23,211413,2.71,16,5486,0,1
1847,7523,HN,2025-10-23,211414,1.03,8,1372,1,2
1847,7523,HN,2025-10-23,211415,6.06,8,10972,2,4
1847,7523,HN,2025-10-23,211416,4.43,0,4115,0,1
1847,7523,HN,2025-10-23,211418,0.6,8,1372,0,1
1847,7523,HN,2025-10-23,219999,0.0,0,0,0,0
1847,7523,HN,2025-10-23,220000,2.15,0,4115,1,1
1847,7523,HN,2025-10-23,220001,1.56,16,4115,1,0
1847,7523,HN,2025-10-23,220002,5.96,25,20573,0,4
1847,7523,HN,2025-10-23,220003,0.32,0,1372,0,0
1847,7523,HN,2025-10-23,220005,0.0,0,0,0,0
1847,7523,HN,2025-10-23,223395,0.0,0,0,0,0
1847,7523,HN,2025-10-23,223396,0.35,0,1372,0,0
1847,7523,HN,2025-10-23,223397,0.0,0,0,0,0
1251,7519,PE,2025-10-23,179932,1.33,0,4115,0,1
1251,7519,PE,2025-10-23,179933,3.37,8,6858,0,1
1251,7519,PE,2025-10-23,179934,8.94,16,19201,1,1
1251,7519,PE,2025-10-23,179935,16.78,8,34288,2,5
1251,7519,PE,2025-10-23,179936,5.15,16,10972,0,1
1251,7519,PE,2025-10-23,179938,0.0,0,0,1,1
1251,7519,PE,2025-10-23,179955,0.28,8,1372,0,0
1251,7519,PE,2025-10-23,179956,0.0,0,0,0,0
1251,7519,PE,2025-10-23,179957,0.0,0,0,0,0
1251,7519,PE,2025-10-23,179958,2.71,0,5486,0,0
1251,7519,PE,2025-10-23,179959,1.87,0,6858,0,0
1251,7519,PE,2025-10-23,180031,0.0,0,0,0,0
1251,7519,PE,2025-10-23,180032,1.68,0,1372,0,0
1251,7519,PE,2025-10-23,180034,0.0,8,0,0,0
1251,7519,PE,2025-10-23,180035,0.0,0,0,0,0
1251,7519,PE,2025-10-23,180037,0.0,0,0,0,0
1251,7519,PE,2025-10-23,180044,0.0,0,0,0,1
1251,7519,PE,2025-10-23,180045,0.0,0,0,0,0
1251,7519,PE,2025-10-23,180046,0.0,0,0,0,0
1251,7519,PE,2025-10-23,180047,0.0,0,0,0,0
1251,7519,PE,2025-10-23,180048,0.0,0,0,0,0
1251,7519,PE,2025-10-23,180049,0.0,0,0,0,0
1251,7519,PE,2025-10-23,180052,0.0,0,0,0,2
1251,7519,PE,2025-10-23,180053,0.0,0,0,0,0
1251,7519,PE,2025-10-23,185056,0.0,0,0,1,0
1251,7519,PE,2025-10-23,185057,1.66,0,2743,0,0
1251,7519,PE,2025-10-23,185058,10.01,0,16458,0,0
1251,7519,PE,2025-10-23,185059,0.0,8,0,0,1
1251,7519,PE,2025-10-23,185060,8.18,8,16458,0,2
1251,7519,PE,2025-10-23,198818,1.18,0,2743,0,0
1251,7519,PE,2025-10-23,198819,1.59,0,4115,0,0
1251,7519,PE,2025-10-23,198820,2.54,8,5486,0,0
1251,7519,PE,2025-10-23,198821,18.54,16,34288,0,6
1251,7519,PE,2025-10-23,198822,5.58,16,19201,0,1
1251,7519,PE,2025-10-23,199628,0.8,0,2743,0,0
1251,7519,PE,2025-10-23,199629,2.8,8,6858,1,2
1251,7519,PE,2025-10-23,199630,0.85,0,1372,0,0
1251,7519,PE,2025-10-23,199631,1.14,16,4115,0,0
1251,7519,PE,2025-10-23,199632,5.65,0,13715,1,3
1251,7519,PE,2025-10-23,199709,0.0,0,0,0,0
1251,7519,PE,2025-10-23,199710,0.0,0,0,0,0
1251,7519,PE,2025-10-23,199712,0.0,8,0,0,1
1251,7519,PE,2025-10-23,199713,0.0,0,0,0,0
1251,7519,PE,2025-10-23,206947,0.0,0,0,0,0
1251,7519,PE,2025-10-23,211297,4.95,0,16458,0,1
1251,7519,PE,2025-10-23,211298,1.9,16,6858,0,0
1251,7519,PE,2025-10-23,211299,0.61,0,2743,0,0
1251,7519,PE,2025-10-23,211300,1.6,0,9601,0,0
1251,7519,PE,2025-10-23,211301,0.2,0,1372,0,0
1251,7519,PE,2025-10-23,211302,0.57,16,2743,0,1
1251,7519,PE,2025-10-23,211303,0.0,0,0,0,1
1251,7519,PE,2025-10-23,211304,5.76,8,16458,0,2
1251,7519,PE,2025-10-23,211305,3.03,0,6858,0,1
1251,7519,PE,2025-10-23,211306,2.43,8,5486,0,0
1251,7519,PE,2025-10-23,211307,9.42,0,35660,1,2
1251,7519,PE,2025-10-23,211308,0.16,0,1372,0,0
1251,7519,PE,2025-10-23,211309,3.63,25,9601,0,2
1251,7519,PE,2025-10-23,211317,0.53,25,4115,0,0
1251,7519,PE,2025-10-23,211318,1.88,8,5486,0,1
1251,7519,PE,2025-10-23,211319,0.77,0,4115,0,0
1251,7519,PE,2025-10-23,211320,1.45,0,2743,0,0
1251,7519,PE,2025-10-23,211321,5.15,25,23316,1,5
1251,7519,PE,2025-10-23,211323,0.59,8,1372,0,1
1251,7519,PE,2025-10-23,215302,0.0,0,0,0,0
1251,7519,PE,2025-10-23,215304,0.0,0,0,0,0
1251,7519,PE,2025-10-23,215305,0.0,0,0,0,0
1251,7519,PE,2025-10-23,215306,0.0,0,0,0,0
1251,7519,PE,2025-10-23,215709,1.98,0,4115,0,0
1251,7519,PE,2025-10-23,215710,6.11,16,13715,0,1
1251,7519,PE,2025-10-23,215711,1.13,0,4115,0,1
1251,7519,PE,2025-10-23,215712,0.0,0,0,0,0
1251,7519,PE,2025-10-23,215713,2.52,0,4115,0,0
1251,7519,PE,2025-10-23,215715,0.6,0,1372,0,0
1251,7519,PE,2025-10-23,223426,1.98,0,9601,0,1
1251,7519,PE,2025-10-23,223427,1.12,0,4115,0,0
1251,7519,PE,2025-10-23,223429,1.13,8,5486,0,2
1251,7519,PE,2025-10-23,223430,2.45,0,8229,0,1
1251,7519,PE,2025-10-23,223431,9.29,0,24688,0,3
1251,7519,PE,2025-10-23,223432,5.4,8,15087,0,2
1251,7517,SV,2025-10-23,179004,0.38,8,2743,0,0
1251,7517,SV,2025-10-23,179005,0.5,0,2743,0,0
1251,7517,SV,2025-10-23,179006,1.34,8,1372,0,0
1251,7517,SV,2025-10-23,179007,6.28,8,15087,1,0
1251,7517,SV,2025-10-23,179008,0.17,0,1372,0,0
1251,7517,SV,2025-10-23,179023,0.0,0,0,0,0
1251,7517,SV,2025-10-23,179024,13.64,0,15087,1,1
1251,7517,SV,2025-10-23,179025,0.0,16,0,0,0
1251,7517,SV,2025-10-23,179026,25.34,16,39774,1,1
1251,7517,SV,2025-10-23,198877,0.0,8,0,0,0
1251,7517,SV,2025-10-23,198878,0.0,0,0,0,0
1251,7517,SV,2025-10-23,198879,0.0,0,0,0,0
1251,7517,SV,2025-10-23,198880,2.68,8,4115,0,2
1251,7517,SV,2025-10-23,198881,1.44,0,4115,0,0
1251,7517,SV,2025-10-23,198882,0.44,0,1372,0,0
1251,7517,SV,2025-10-23,198883,1.4,8,1372,0,0
1251,7517,SV,2025-10-23,198884,1.11,0,2743,0,0
1251,7517,SV,2025-10-23,198885,2.69,0,4115,0,0
1251,7517,SV,2025-10-23,198886,0.3,8,1372,0,0
1251,7517,SV,2025-10-23,198888,0.0,0,0,0,0
1251,7517,SV,2025-10-23,198889,0.31,0,1372,0,0
1251,7517,SV,2025-10-23,198890,0.35,0,1372,0,1
1251,7517,SV,2025-10-23,198891,0.34,0,1372,0,0
1251,7517,SV,2025-10-23,198892,1.78,8,5486,0,1
1251,7517,SV,2025-10-23,198893,1.05,8,6858,0,0
1251,7517,SV,2025-10-23,206128,0.0,0,0,0,0
1251,7517,SV,2025-10-23,206129,2.13,0,4115,0,0
1251,7517,SV,2025-10-23,206130,0.67,0,1372,0,0
1251,7517,SV,2025-10-23,206131,5.98,16,13715,0,1
1251,7517,SV,2025-10-23,206132,0.0,8,0,0,0
1251,7517,SV,2025-10-23,206133,0.0,0,0,0,0
1251,7517,SV,2025-10-23,206134,1.05,0,2743,0,0
1251,7517,SV,2025-10-23,206135,1.63,0,1372,0,0
1251,7517,SV,2025-10-23,206136,2.78,8,4115,0,0
1251,7517,SV,2025-10-23,206137,0.94,0,2743,1,2
1251,7517,SV,2025-10-23,207897,0.0,0,0,0,0
1251,7517,SV,2025-10-23,207898,0.0,8,0,0,0
1251,7517,SV,2025-10-23,207899,0.0,8,0,0,0
1251,7517,SV,2025-10-23,207900,1.14,8,2743,0,1
1251,7517,SV,2025-10-23,207901,0.0,0,0,0,0
1251,7517,SV,2025-10-23,207903,0.0,8,0,0,0
1251,7517,SV,2025-10-23,215797,0.0,8,0,0,0
1251,7517,SV,2025-10-23,215798,0.72,8,1372,0,0
1251,7517,SV,2025-10-23,215799,0.0,0,0,0,0
1251,7517,SV,2025-10-23,215800,0.0,0,0,0,0
1251,7517,SV,2025-10-23,215801,0.63,16,1372,1,1
1251,7517,SV,2025-10-23,220211,0.82,16,2743,0,0
1251,7517,SV,2025-10-23,220212,0.0,0,0,0,0
1251,7517,SV,2025-10-23,220213,1.52,8,4115,0,0
1251,7517,SV,2025-10-23,220214,0.94,8,2743,0,0
1251,7517,SV,2025-10-23,220215,2.58,16,5486,0,0
3151,8406,SV,2025-10-23,210819,0.0,0,0,0,0
3151,8406,SV,2025-10-23,210820,19.2,0,17830,1,2
3151,8406,SV,2025-10-23,210821,0.92,8,1372,1,0
3151,8406,SV,2025-10-23,210822,8.86,0,5486,2,1
3151,8406,SV,2025-10-23,210823,3.29,0,5486,0,0
3151,8406,SV,2025-10-23,210825,0.0,0,0,0,0
3151,8406,SV,2025-10-23,210833,0.0,0,0,0,0
3151,8406,SV,2025-10-23,210834,0.23,0,1372,0,0
3151,8406,SV,2025-10-23,210835,2.64,0,2743,1,2
3151,8406,SV,2025-10-23,210836,0.81,0,2743,2,2
3151,8406,SV,2025-10-23,210837,1.03,0,1372,0,0
3151,8406,SV,2025-10-23,210839,0.0,0,0,0,0
3151,8406,SV,2025-10-23,210840,0.0,0,0,0,0
3151,8406,SV,2025-10-23,210841,1.4,0,4115,1,3
3151,8406,SV,2025-10-23,210842,0.0,0,0,0,0
3151,8406,SV,2025-10-23,210843,13.37,0,19201,2,4
3151,8406,SV,2025-10-23,210846,0.0,0,0,0,0
3151,8406,SV,2025-10-23,215838,1.56,8,1372,0,0
3151,8406,SV,2025-10-23,215839,0.71,0,1372,0,0
3151,8406,SV,2025-10-23,215840,3.12,0,5486,1,1
3151,8406,SV,2025-10-23,215842,0.0,0,0,0,0
3151,8406,SV,2025-10-23,215843,0.0,0,0,0,0
3151,8406,SV,2025-10-23,215844,0.83,8,4115,1,1
3151,8406,SV,2025-10-23,215845,2.17,8,2743,0,1
3151,8406,SV,2025-10-23,215853,0.0,0,0,0,0
3151,8406,SV,2025-10-23,215854,0.0,0,0,1,1
3151,8406,SV,2025-10-23,215855,1.32,0,1372,1,1
3151,8406,SV,2025-10-23,215856,0.87,0,1372,1,1
3151,8406,SV,2025-10-23,215857,0.0,0,0,0,0
3151,8406,SV,2025-10-23,215858,0.0,8,0,0,0
3151,8406,SV,2025-10-23,215859,0.0,0,0,0,0
3151,8406,SV,2025-10-23,218630,0.0,0,0,0,0
3151,8406,SV,2025-10-23,218631,0.39,8,1372,0,0
3151,8406,SV,2025-10-23,218632,0.26,0,1372,1,0
3151,8406,SV,2025-10-23,218634,0.0,0,0,0,0
3151,8406,SV,2025-10-23,218635,0.82,8,2743,0,1
3151,8406,SV,2025-10-23,218636,1.44,0,1372,0,0
3151,8406,SV,2025-10-23,221026,2.31,8,1372,0,0
3151,8406,SV,2025-10-23,221027,0.65,0,1372,0,1
3151,8406,SV,2025-10-23,221028,0.0,0,0,1,2
3151,8406,SV,2025-10-23,221030,1.44,8,1372,0,1
3151,8406,SV,2025-10-23,221031,2.13,0,5486,0,2
3151,8406,SV,2025-10-23,221032,0.38,8,1372,0,0
3151,8406,SV,2025-10-23,221033,0.0,0,0,0,0
3151,8406,SV,2025-10-23,221034,0.0,0,0,0,0
3151,8406,SV,2025-10-23,221035,0.0,0,0,0,0
3151,8406,SV,2025-10-23,221037,0.0,0,0,0,0
3151,8406,SV,2025-10-23,221038,1.91,0,5486,0,3
3151,8406,SV,2025-10-23,221039,0.0,0,0,0,0
3151,8406,SV,2025-10-23,221242,0.25,0,1372,0,0
3151,8406,SV,2025-10-23,221243,0.59,16,2743,1,2
3151,8406,SV,2025-10-23,221244,0.0,0,0,0,1
3151,8406,SV,2025-10-23,221245,1.66,0,2743,0,0
3151,8406,SV,2025-10-23,221246,0.0,0,0,0,2
3151,8406,SV,2025-10-23,221247,2.72,8,1372,0,1
3151,8406,SV,2025-10-23,221248,0.0,0,0,0,0
3151,8406,SV,2025-10-23,221249,0.51,0,2743,0,0
3151,8406,SV,2025-10-23,221251,6.88,0,1372,0,0
3151,8406,SV,2025-10-23,221252,5.36,0,2743,0,0
3151,8406,SV,2025-10-23,221253,0.0,0,0,0,0
3151,8406,SV,2025-10-23,221254,0.0,0,0,0,0
3151,8406,SV,2025-10-23,221255,0.48,0,2743,0,0
3151,8406,SV,2025-10-23,221256,1.51,8,1372,1,4
3151,8406,SV,2025-10-23,221258,0.38,8,1372,0,0
3151,8406,SV,2025-10-23,221259,3.67,0,5486,0,2
3151,8406,SV,2025-10-23,221260,0.7,0,1372,0,0
3151,8406,SV,2025-10-23,221846,0.0,0,0,0,1
3151,8406,SV,2025-10-23,221847,3.36,8,2743,0,0
3151,8406,SV,2025-10-23,221848,8.6,0,1372,0,0
3151,8406,SV,2025-10-23,221849,5.27,8,2743,0,0
3151,8406,SV,2025-10-23,221851,0.0,0,0,0,0
3151,8406,SV,2025-10-23,221852,1.35,8,4115,2,8
3151,8406,SV,2025-10-23,221853,0.0,0,0,0,0
3151,8406,SV,2025-10-23,221854,0.42,0,1372,0,3
3151,8406,SV,2025-10-23,221855,1.92,0,2743,0,0
3151,8406,SV,2025-10-23,221856,0.0,0,0,0,1
3151,8406,SV,2025-10-23,221858,0.0,0,0,0,0
3151,8406,SV,2025-10-23,221859,11.19,8,12344,0,1
3151,8406,SV,2025-10-23,221860,0.0,0,0,0,1
3151,8406,SV,2025-10-23,223768,0.61,0,1372,0,0
3151,8406,SV,2025-10-23,223769,0.39,8,1372,0,0
3151,8406,SV,2025-10-23,223770,0.0,8,0,0,0
3151,8406,SV,2025-10-23,224161,1.8,0,4115,0,0
3151,8406,SV,2025-10-23,224162,0.64,0,1372,0,0
3151,8406,SV,2025-10-23,224163,0.0,0,0,0,0
3151,8406,SV,2025-10-23,224164,0.0,0,0,0,0
3151,8406,SV,2025-10-23,224165,0.0,0,0,1,0
3151,8406,SV,2025-10-23,224854,0.28,0,1372,0,0
3151,8406,SV,2025-10-23,224855,7.85,16,1372,1,2
3151,8406,SV,2025-10-23,224856,0.5,0,1372,0,0
3151,8406,SV,2025-10-23,224857,12.55,8,17830,0,1
3151,8406,SV,2025-10-23,224858,0.0,8,0,0,0
3151,8406,SV,2025-10-23,224859,0.0,0,0,0,0
3151,8406,SV,2025-10-23,224860,0.0,25,0,0,0
1251,7927,CL,2025-10-24,203179,2.14,0,5736,0,0
1251,7927,CL,2025-10-24,203180,0.8,9,1434,0,0
1251,7927,CL,2025-10-24,203181,0.83,0,1434,0,0
1251,7927,CL,2025-10-24,203182,2.02,0,8603,0,0
1251,7927,CL,2025-10-24,203183,6.37,0,18640,0,0
1251,7927,CL,2025-10-24,203185,2.44,0,2868,0,0
1251,7927,CL,2025-10-24,203186,0.0,9,0,0,0
1251,7927,CL,2025-10-24,203187,5.18,0,4302,0,0
1251,7927,CL,2025-10-24,203188,18.25,18,21508,0,1
1251,7927,CL,2025-10-24,203189,1.78,0,2868,0,0
1251,7927,CL,2025-10-24,203190,3.1,0,1434,0,0
1251,7927,CL,2025-10-24,203191,3.11,9,4302,0,0
1251,7927,CL,2025-10-24,203192,4.27,0,5736,0,0
1251,7927,CL,2025-10-24,203193,6.33,9,11471,0,1
1251,7927,CL,2025-10-24,203195,3.45,46,8603,0,0
1251,7927,CL,2025-10-24,203196,5.01,0,8603,0,0
1251,7927,CL,2025-10-24,203197,0.77,9,1434,0,0
1251,7927,CL,2025-10-24,203198,0.79,46,1434,0,0
1251,7927,CL,2025-10-24,203199,26.79,46,24376,2,3
1251,7927,CL,2025-10-24,212691,0.45,0,1434,0,0
1251,7927,CL,2025-10-24,212692,3.46,0,11471,0,0
1251,7927,CL,2025-10-24,212693,33.41,37,21508,0,0
1251,7927,CL,2025-10-24,212694,9.5,9,32979,0,0
1251,7927,CL,2025-10-24,212695,4.2,0,15773,0,0
1251,7927,CL,2025-10-24,215780,0.0,0,0,0,0
1251,7927,CL,2025-10-24,215781,1.33,18,7169,0,0
1251,7927,CL,2025-10-24,215782,1.19,0,4302,0,0
1251,7927,CL,2025-10-24,215783,0.0,0,0,0,0
1251,7927,CL,2025-10-24,215784,4.17,9,7169,0,0
1251,7927,CL,2025-10-24,215785,4.51,18,11471,0,0
1251,7927,CL,2025-10-24,215786,0.0,0,0,0,0
1251,7927,CL,2025-10-24,215787,2.75,0,7169,0,0
1251,7927,CL,2025-10-24,215788,3.1,18,8603,0,0
1251,7927,CL,2025-10-24,215789,0.0,0,0,0,0
1251,7927,CL,2025-10-24,215790,0.0,0,0,0,1
1251,7927,CL,2025-10-24,215791,6.4,18,20074,0,0
1251,7927,CL,2025-10-24,215792,4.28,18,7169,0,0
1251,7927,CL,2025-10-24,215793,2.3,9,8603,0,0
1251,7927,CL,2025-10-24,215794,2.59,9,7169,0,0
1251,7927,CL,2025-10-24,215795,0.0,0,0,0,0
1251,7927,CL,2025-10-24,220205,0.0,0,0,0,0
1251,7927,CL,2025-10-24,220206,0.0,0,0,0,0
1251,7927,CL,2025-10-24,220207,0.0,0,0,1,0
1251,7927,CL,2025-10-24,220208,0.0,0,0,0,0
1251,7927,CL,2025-10-24,222574,7.05,28,12905,0,1
1251,7927,CL,2025-10-24,222575,10.31,0,17207,0,1
1251,7927,CL,2025-10-24,222576,65.64,46,107541,1,1
1251,7518,CR,2025-10-24,197743,0.0,0,0,0,0
1251,7518,CR,2025-10-24,197744,0.0,0,0,2,2
1251,7518,CR,2025-10-24,197745,0.0,0,0,0,0
1251,7518,CR,2025-10-24,199813,0.0,0,0,0,0
1251,7518,CR,2025-10-24,199814,36.04,9,22942,0,0
1251,7518,CR,2025-10-24,199815,57.62,267,18640,1,3
1251,7518,CR,2025-10-24,199816,9.22,120,2868,3,1
1251,7518,CR,2025-10-24,199817,14.87,156,50186,0,1
1251,7518,CR,2025-10-24,199819,5.58,0,2868,0,0
1251,7518,CR,2025-10-24,199820,107.08,83,150558,2,2
1251,7518,CR,2025-10-24,199821,23.22,0,5736,0,0
1251,7518,CR,2025-10-24,199822,15.11,9,8603,0,1
1251,7518,CR,2025-10-24,199880,0.0,0,0,0,0
1251,7518,CR,2025-10-24,199881,12.19,18,5736,0,0
1251,7518,CR,2025-10-24,199882,22.88,37,11471,0,0
1251,7518,CR,2025-10-24,199883,79.03,28,58789,0,1
1251,7518,CR,2025-10-24,199884,51.5,9,74562,0,0
1251,7518,CR,2025-10-24,199886,2.76,0,2868,0,0
1251,7518,CR,2025-10-24,206121,8.99,9,8603,1,1
1251,7518,CR,2025-10-24,206122,29.09,0,8603,0,0
1251,7518,CR,2025-10-24,206123,0.81,83,1434,0,0
1251,7518,CR,2025-10-24,206124,39.1,18,37281,0,0
1251,7518,CR,2025-10-24,206125,10.52,37,11471,0,0
1251,7518,CR,2025-10-24,206127,6.68,0,1434,0,0
1251,7518,CR,2025-10-24,209136,0.0,0,0,0,0
1251,7518,CR,2025-10-24,209137,0.0,0,0,0,0
1251,7518,CR,2025-10-24,209138,1.29,9,2868,0,0
1251,7518,CR,2025-10-24,209139,13.88,0,22942,1,1
1251,7518,CR,2025-10-24,209140,24.21,37,10037,0,0
1251,7518,CR,2025-10-24,209141,185.03,28,96070,2,5
1251,7518,CR,2025-10-24,210923,4.15,9,4302,1,0
1251,7518,CR,2025-10-24,210924,17.25,18,5736,2,2
1251,7518,CR,2025-10-24,210925,158.11,202,74562,1,3
1251,7518,CR,2025-10-24,210926,68.28,46,107541,3,2
1251,7518,CR,2025-10-24,210927,78.67,147,136219,1,1
1251,7518,CR,2025-10-24,210929,27.31,37,22942,0,0
1251,7518,CR,2025-10-24,211372,0.0,0,0,0,0
1251,7518,CR,2025-10-24,211373,2.44,0,1434,0,0
1251,7518,CR,2025-10-24,211374,38.4,9,5736,0,0
1251,7518,CR,2025-10-24,211375,7.59,9,8603,0,0
1251,7518,CR,2025-10-24,211376,14.58,74,11471,0,0
1251,7518,CR,2025-10-24,211377,78.74,74,47318,1,1
1251,7518,CR,2025-10-24,211378,24.68,9,21508,0,0
1251,7518,CR,2025-10-24,211379,46.18,120,24376,0,2
1251,7518,CR,2025-10-24,211380,31.84,0,10037,1,2
1251,7518,CR,2025-10-24,211381,69.11,18,32979,1,2
1251,7518,CR,2025-10-24,211382,6.24,9,8603,0,0
1251,7518,CR,2025-10-24,211384,1.24,0,2868,0,0
1251,7518,CR,2025-10-24,212697,0.0,0,0,0,0
1251,7518,CR,2025-10-24,212698,34.49,74,27244,0,0
1251,7518,CR,2025-10-24,212699,27.62,18,7169,0,0
1251,7518,CR,2025-10-24,212700,80.98,46,60223,0,3
1251,7518,CR,2025-10-24,212701,22.57,64,21508,1,1
1251,7518,CR,2025-10-24,212703,7.96,9,4302,0,0
1251,7518,CR,2025-10-24,215716,0.0,0,0,0,0
1251,7518,CR,2025-10-24,215717,0.0,0,0,0,0
1251,7518,CR,2025-10-24,215718,0.0,0,0,0,0
1251,7518,CR,2025-10-24,215719,21.13,55,25810,0,0
1251,7518,CR,2025-10-24,215720,71.6,74,38715,1,1
1251,7518,CR,2025-10-24,215721,33.37,28,27244,0,0
1251,7518,CR,2025-10-24,215722,4.02,18,4302,0,0
1251,7518,CR,2025-10-24,215723,1.45,0,2868,0,0
1251,7518,CR,2025-10-24,215724,57.59,83,55921,2,5
1251,7518,CR,2025-10-24,215725,20.19,46,17207,0,0
1251,7518,CR,2025-10-24,215726,49.62,414,14339,1,2
1251,7518,CR,2025-10-24,215727,37.11,37,30112,2,2
1251,7518,CR,2025-10-24,215728,14.23,55,4302,0,0
1251,7518,CR,2025-10-24,215729,0.0,0,0,0,0
1251,7518,CR,2025-10-24,215731,0.0,9,0,0,0
1251,7518,CR,2025-10-24,215732,0.54,0,2868,0,0
1251,7518,CR,2025-10-24,215733,13.34,46,18640,1,1
1251,7518,CR,2025-10-24,215734,14.11,0,15773,0,0
1251,7518,CR,2025-10-24,215735,19.56,9,37281,0,1
1251,7518,CR,2025-10-24,221218,0.0,0,0,0,0
1251,7518,CR,2025-10-24,221219,38.11,46,21508,0,0
1251,7518,CR,2025-10-24,221220,26.01,18,12905,0,0
1251,7518,CR,2025-10-24,221221,17.24,18,17207,0,0
1251,7518,CR,2025-10-24,221222,1.12,0,4302,1,1
1251,7518,CR,2025-10-24,224835,11.76,37,10037,0,0
1251,7518,CR,2025-10-24,224836,82.35,18,24376,2,2
1251,7518,CR,2025-10-24,224837,14.38,9,12905,0,0
1251,7518,CR,2025-10-24,224838,22.27,0,17207,0,0
1251,7520,EC,2025-10-24,169629,9.33,46,17207,0,0
1251,7520,EC,2025-10-24,169630,0.0,0,0,0,0
1251,7520,EC,2025-10-24,169631,0.61,0,1434,0,0
1251,7520,EC,2025-10-24,169632,0.41,0,2868,0,0
1251,7520,EC,2025-10-24,169634,4.19,9,7169,0,0
1251,7520,EC,2025-10-24,169635,0.0,0,0,0,0
1251,7520,EC,2025-10-24,169642,6.34,9,7169,0,0
1251,7520,EC,2025-10-24,169643,0.0,0,0,0,0
1251,7520,EC,2025-10-24,169644,11.33,9,11471,0,1
1251,7520,EC,2025-10-24,169645,0.0,18,0,0,0
1251,7520,EC,2025-10-24,169647,0.0,0,0,0,1
1251,7520,EC,2025-10-24,169648,0.64,0,1434,0,0
1251,7520,EC,2025-10-24,169649,14.45,18,4302,0,0
1251,7520,EC,2025-10-24,169650,0.0,18,0,0,0
1251,7520,EC,2025-10-24,169651,5.08,0,5736,0,0
1251,7520,EC,2025-10-24,169652,14.76,9,12905,0,0
1251,7520,EC,2025-10-24,169654,8.51,0,2868,0,0
1251,7520,EC,2025-10-24,169655,0.49,0,2868,0,0
1251,7520,EC,2025-10-24,169656,3.67,28,5736,0,0
1251,7520,EC,2025-10-24,169657,1.12,0,1434,0,0
1251,7520,EC,2025-10-24,169658,0.0,0,0,0,0
1251,7520,EC,2025-10-24,169659,0.75,0,2868,0,1
1251,7520,EC,2025-10-24,169660,8.08,9,2868,0,0
1251,7520,EC,2025-10-24,169662,0.0,9,0,1,1
1251,7520,EC,2025-10-24,171430,0.0,0,0,0,0
1251,7520,EC,2025-10-24,171431,0.0,0,0,0,0
1251,7520,EC,2025-10-24,171432,0.0,9,0,0,0
1251,7520,EC,2025-10-24,171433,2.52,0,1434,0,0
1251,7520,EC,2025-10-24,178392,0.0,0,0,0,0
1251,7520,EC,2025-10-24,178393,0.44,0,1434,0,0
1251,7520,EC,2025-10-24,178394,0.0,9,0,0,0
1251,7520,EC,2025-10-24,178395,0.0,0,0,0,0
1251,7520,EC,2025-10-24,178397,0.0,0,0,0,0
1251,7520,EC,2025-10-24,178398,0.23,0,1434,0,0
1251,7520,EC,2025-10-24,178399,0.0,0,0,0,0
1251,7520,EC,2025-10-24,178400,0.0,0,0,0,0
1251,7520,EC,2025-10-24,178401,0.0,0,0,0,0
1251,7520,EC,2025-10-24,178402,0.53,0,1434,0,0
1251,7520,EC,2025-10-24,178404,1.01,28,2868,0,0
1251,7520,EC,2025-10-24,178411,0.0,0,0,0,0
1251,7520,EC,2025-10-24,185841,0.0,0,0,0,0
1251,7520,EC,2025-10-24,185842,0.44,0,2868,0,0
1251,7520,EC,2025-10-24,185843,1.86,0,1434,0,0
1251,7520,EC,2025-10-24,185844,0.0,0,0,0,0
1251,7520,EC,2025-10-24,185847,1.28,0,2868,0,0
1251,7520,EC,2025-10-24,185862,1.17,0,1434,0,0
1251,7520,EC,2025-10-24,185863,3.34,9,4302,0,0
1251,7520,EC,2025-10-24,185864,0.0,0,0,0,0
1251,7520,EC,2025-10-24,185865,7.4,0,7169,0,0
1251,7520,EC,2025-10-24,185866,2.15,0,5736,1,0
1251,7520,EC,2025-10-24,185883,0.45,18,1434,0,0
1251,7520,EC,2025-10-24,185884,0.0,0,0,0,0
1251,7520,EC,2025-10-24,185885,1.77,9,4302,0,1
1251,7520,EC,2025-10-24,185886,0.0,0,0,0,0
1251,7520,EC,2025-10-24,185888,0.0,9,0,0,0
1251,7520,EC,2025-10-24,185889,0.0,0,0,0,0
1251,7520,EC,2025-10-24,185895,8.75,28,11471,0,0
1251,7520,EC,2025-10-24,185897,2.03,18,4302,0,0
1251,7520,EC,2025-10-24,185900,0.0,0,0,0,0
1251,7520,EC,2025-10-24,193178,1.21,0,1434,0,0
1251,7520,EC,2025-10-24,193179,0.0,9,0,0,0
1251,7520,EC,2025-10-24,193181,0.0,9,0,0,0
1251,7520,EC,2025-10-24,198841,0.0,0,0,0,0
1251,7520,EC,2025-10-24,198842,0.0,0,0,0,0
1251,7520,EC,2025-10-24,198844,5.89,0,4302,0,0
1251,7520,EC,2025-10-24,198845,0.0,0,0,0,0
1251,7520,EC,2025-10-24,198847,0.0,0,0,0,0
1251,7520,EC,2025-10-24,199723,1.35,0,5736,0,0
1251,7520,EC,2025-10-24,199724,35.17,9,30112,3,2
1251,7520,EC,2025-10-24,199725,8.38,304,10037,2,4
1251,7520,EC,2025-10-24,199727,3.41,18,10037,0,1
1251,7520,EC,2025-10-24,199728,0.0,0,0,0,0
1251,7520,EC,2025-10-24,199729,0.48,0,1434,0,1
1251,7520,EC,2025-10-24,200172,1.71,18,5736,0,0
1251,7520,EC,2025-10-24,200173,7.29,64,15773,1,2
1251,7520,EC,2025-10-24,200174,6.63,0,11471,0,1
1251,7520,EC,2025-10-24,200175,44.48,28,100372,2,5
1251,7520,EC,2025-10-24,200176,12.96,9,30112,1,0
1251,7520,EC,2025-10-24,200178,10.63,74,5736,0,0
1251,7520,EC,2025-10-24,206105,3.08,18,2868,0,0
1251,7520,EC,2025-10-24,206106,0.54,37,4302,0,0
1251,7520,EC,2025-10-24,206107,7.39,147,7169,0,0
1251,7520,EC,2025-10-24,206108,38.8,74,45884,0,1
1251,7520,EC,2025-10-24,206109,5.2,9,17207,0,0
1251,7520,EC,2025-10-24,206111,5.08,18,10037,0,0
1251,7520,EC,2025-10-24,206947,16.81,37,7169,0,0
1251,7520,EC,2025-10-24,206948,3.86,9,4302,0,0
1251,7520,EC,2025-10-24,215742,0.0,0,0,0,0
1251,7520,EC,2025-10-24,215744,3.56,9,1434,0,0
1251,7520,EC,2025-10-24,215745,7.87,0,5736,0,0
1251,7520,EC,2025-10-24,215746,0.0,0,0,0,0
1251,7520,EC,2025-10-24,215747,0.0,9,0,0,0
1251,7520,EC,2025-10-24,215748,0.0,9,0,0,0
1251,7520,EC,2025-10-24,215750,0.0,0,0,0,0
1251,7520,EC,2025-10-24,215751,0.0,0,0,0,0
1251,7520,EC,2025-10-24,215752,3.62,28,4302,0,0
1251,7520,EC,2025-10-24,215753,0.0,0,0,0,1
1251,7520,EC,2025-10-24,215754,0.0,0,0,0,0
1251,7520,EC,2025-10-24,215755,0.0,9,0,0,0
1251,7520,EC,2025-10-24,215757,0.2,9,1434,0,0
1251,7520,EC,2025-10-24,215758,0.0,9,0,0,0
1251,7520,EC,2025-10-24,215760,10.87,9,4302,0,0
1251,7520,EC,2025-10-24,215761,0.0,0,0,0,0
1251,7520,EC,2025-10-24,215762,4.24,0,1434,0,0
1251,7520,EC,2025-10-24,215763,6.58,28,1434,0,0
1251,7520,EC,2025-10-24,215764,0.0,0,0,0,0
1251,7520,EC,2025-10-24,215765,6.36,18,8603,0,0
1251,7520,EC,2025-10-24,215767,0.0,0,0,0,0
1251,7520,EC,2025-10-24,215768,0.0,18,0,0,0
1251,7520,EC,2025-10-24,215770,3.7,0,1434,0,1
1251,7520,EC,2025-10-24,215772,9.16,9,7169,0,0
1251,7520,EC,2025-10-24,215773,2.53,0,2868,0,0
1251,7520,EC,2025-10-24,215774,0.72,9,2868,0,0
1251,7520,EC,2025-10-24,215776,0.0,0,0,0,0
1251,7520,EC,2025-10-24,215777,4.11,0,2868,0,0
1251,7520,EC,2025-10-24,215778,0.28,9,1434,0,1
1251,7520,EC,2025-10-24,215779,2.55,18,1434,0,0
1251,7520,EC,2025-10-24,222498,42.36,74,54488,0,8
1251,7520,EC,2025-10-24,222499,29.99,9,32979,2,3
1251,7520,EC,2025-10-24,222500,17.06,377,15773,0,2
1252,7521,EC,2025-10-24,169776,0.0,0,0,0,0
1252,7521,EC,2025-10-24,169777,4.51,28,11471,1,2
1252,7521,EC,2025-10-24,169778,2.33,0,7169,0,2
1252,7521,EC,2025-10-24,169779,8.06,18,14339,0,4
1252,7521,EC,2025-10-24,169780,4.21,0,1434,0,0
1252,7521,EC,2025-10-24,169782,10.57,18,8603,0,1
1252,7521,EC,2025-10-24,180358,0.0,0,0,0,0
1252,7521,EC,2025-10-24,180359,3.04,0,1434,0,0
1252,7521,EC,2025-10-24,180360,18.79,9,15773,0,1
1252,7521,EC,2025-10-24,180361,0.0,0,0,0,0
1252,7521,EC,2025-10-24,180363,0.0,0,0,0,0
1252,7521,EC,2025-10-24,198765,0.0,9,0,0,0
1252,7521,EC,2025-10-24,198766,0.0,28,0,0,1
1252,7521,EC,2025-10-24,198767,0.0,0,0,0,2
1252,7521,EC,2025-10-24,198768,21.47,55,24376,2,10
1252,7521,EC,2025-10-24,198769,0.93,0,1434,0,1
1252,7521,EC,2025-10-24,198772,0.0,0,0,0,0
1252,7521,EC,2025-10-24,198773,2.05,0,5736,0,0
1252,7521,EC,2025-10-24,198774,9.61,37,7169,0,0
1252,7521,EC,2025-10-24,198775,3.81,0,2868,1,2
1252,7521,EC,2025-10-24,198776,0.0,0,0,0,1
1252,7521,EC,2025-10-24,198778,0.67,9,1434,0,1
1252,7521,EC,2025-10-24,198780,10.65,0,10037,1,1
1252,7521,EC,2025-10-24,198781,20.7,37,8603,0,0
1252,7521,EC,2025-10-24,198782,16.15,46,17207,0,4
1252,7521,EC,2025-10-24,198783,0.0,0,0,2,1
1252,7521,EC,2025-10-24,198799,0.0,0,0,0,0
1252,7521,EC,2025-10-24,198800,3.2,9,7169,0,0
1252,7521,EC,2025-10-24,198801,0.32,9,1434,0,0
1252,7521,EC,2025-10-24,198802,58.11,28,35847,1,6
1252,7521,EC,2025-10-24,198803,0.0,0,0,0,0
1252,7521,EC,2025-10-24,198805,3.49,28,2868,0,1
1252,7521,EC,2025-10-24,211158,0.0,0,0,0,0
1252,7521,EC,2025-10-24,211159,8.82,28,10037,0,4
1252,7521,EC,2025-10-24,211160,0.0,0,0,0,0
1252,7521,EC,2025-10-24,211161,28.67,46,32979,3,9
1252,7521,EC,2025-10-24,211162,0.0,28,0,0,1
1252,7521,EC,2025-10-24,211164,2.8,18,1434,0,0
1252,7521,EC,2025-10-24,215274,0.0,0,0,0,0
1252,7521,EC,2025-10-24,215275,0.0,0,0,0,0
1252,7521,EC,2025-10-24,215276,39.64,18,17207,0,1
1252,7521,EC,2025-10-24,215277,16.75,55,30112,0,2
1252,7521,EC,2025-10-24,215278,0.0,0,0,0,0
1252,7521,EC,2025-10-24,215280,9.69,64,11471,1,4
1252,7521,EC,2025-10-24,221212,11.58,0,8603,0,3
1252,7521,EC,2025-10-24,221213,18.69,83,12905,0,2
1252,7521,EC,2025-10-24,221214,7.68,28,10037,2,1
1252,7521,EC,2025-10-24,221215,1.82,0,2868,0,0
1252,7521,EC,2025-10-24,221217,0.37,9,1434,0,0
1252,7522,EC,2025-10-24,169698,0.0,0,0,0,0
1252,7522,EC,2025-10-24,169699,0.0,18,0,0,0
1252,7522,EC,2025-10-24,169700,6.58,0,1434,0,0
1252,7522,EC,2025-10-24,169701,5.21,0,7169,1,0
1252,7522,EC,2025-10-24,169702,4.26,9,2868,0,0
1252,7522,EC,2025-10-24,169704,2.53,9,5736,0,0
1252,7522,EC,2025-10-24,169719,0.0,0,0,0,0
1252,7522,EC,2025-10-24,169720,5.08,9,4302,0,0
1252,7522,EC,2025-10-24,169721,5.83,0,1434,0,1
1252,7522,EC,2025-10-24,169722,8.8,9,8603,0,1
1252,7522,EC,2025-10-24,169723,0.0,0,0,0,1
1252,7522,EC,2025-10-24,169725,6.41,37,1434,0,0
1252,7522,EC,2025-10-24,180343,0.0,0,0,0,0
1252,7522,EC,2025-10-24,180344,2.02,0,1434,0,0
1252,7522,EC,2025-10-24,180345,0.0,9,0,0,0
1252,7522,EC,2025-10-24,180346,0.88,18,1434,1,0
1252,7522,EC,2025-10-24,180347,0.0,0,0,1,1
1252,7522,EC,2025-10-24,180349,0.0,0,0,0,0
1252,7522,EC,2025-10-24,192876,0.0,9,0,0,0
1252,7522,EC,2025-10-24,192877,1.25,18,4302,0,1
1252,7522,EC,2025-10-24,192878,0.0,18,0,0,0
1252,7522,EC,2025-10-24,192879,12.83,0,4302,2,2
1252,7522,EC,2025-10-24,192880,0.0,0,0,0,0
1252,7522,EC,2025-10-24,192882,1.38,0,1434,1,0
1252,7522,EC,2025-10-24,192883,0.24,0,1434,0,0
1252,7522,EC,2025-10-24,192884,0.0,0,0,0,0
1252,7522,EC,2025-10-24,192885,0.41,18,1434,0,0
1252,7522,EC,2025-10-24,192886,1.22,9,5736,0,1
1252,7522,EC,2025-10-24,192887,0.0,0,0,0,0
1252,7522,EC,2025-10-24,192890,0.0,0,0,0,0
1252,7522,EC,2025-10-24,192891,1.7,9,1434,0,0
1252,7522,EC,2025-10-24,192892,1.75,18,2868,0,0
1252,7522,EC,2025-10-24,192893,7.03,9,7169,0,1
1252,7522,EC,2025-10-24,192894,0.0,0,0,1,1
1252,7522,EC,2025-10-24,192896,5.81,0,7169,0,0
1252,7522,EC,2025-10-24,192904,0.0,0,0,0,0
1252,7522,EC,2025-10-24,192905,1.39,9,1434,0,0
1252,7522,EC,2025-10-24,192906,0.38,9,1434,0,0
1252,7522,EC,2025-10-24,192907,9.75,18,8603,0,0
1252,7522,EC,2025-10-24,192908,0.0,0,0,0,0
1252,7522,EC,2025-10-24,192910,1.87,18,4302,0,1
1252,7522,EC,2025-10-24,198737,0.0,9,0,0,0
1252,7522,EC,2025-10-24,198738,0.0,0,0,0,0
1252,7522,EC,2025-10-24,198739,6.83,18,1434,0,2
1252,7522,EC,2025-10-24,198740,0.17,18,1434,0,2
1252,7522,EC,2025-10-24,198741,0.0,0,0,0,0
1252,7522,EC,2025-10-24,198743,4.19,37,7169,0,2
1252,7522,EC,2025-10-24,198744,0.0,0,0,0,0
1252,7522,EC,2025-10-24,198745,12.4,0,4302,0,1
1252,7522,EC,2025-10-24,198746,1.16,37,1434,0,1
1252,7522,EC,2025-10-24,198747,15.34,37,20074,1,2
1252,7522,EC,2025-10-24,198748,0.0,0,0,0,0
1252,7522,EC,2025-10-24,207466,24.53,9,8603,0,0
1252,7522,EC,2025-10-24,207467,47.62,28,17207,0,4
1252,7522,EC,2025-10-24,207470,26.53,28,11471,0,2
1252,7522,EC,2025-10-24,207471,26.21,74,8603,0,4
1252,7522,EC,2025-10-24,213498,0.0,0,0,0,0
1252,7522,EC,2025-10-24,213499,1.7,0,4302,0,0
1252,7522,EC,2025-10-24,213500,1.85,9,1434,0,0
1252,7522,EC,2025-10-24,213501,24.8,9,10037,0,1
1252,7522,EC,2025-10-24,213502,0.0,0,0,0,0
1252,7522,EC,2025-10-24,213503,15.82,55,10037,0,0
1252,7522,EC,2025-10-24,213504,2.28,9,1434,0,0
1252,7522,EC,2025-10-24,213505,7.68,46,12905,2,2
1252,7522,EC,2025-10-24,213506,10.35,0,5736,0,1
1252,7522,EC,2025-10-24,214304,0.0,0,0,0,0
1252,7522,EC,2025-10-24,214305,1.64,0,4302,0,0
1252,7522,EC,2025-10-24,214306,0.0,0,0,0,0
1252,7522,EC,2025-10-24,214307,5.84,9,7169,0,1
1252,7522,EC,2025-10-24,214308,2.9,0,2868,0,0
1252,7522,EC,2025-10-24,214309,0.0,0,0,0,0
1252,7522,EC,2025-10-24,214310,0.0,0,0,0,0
1252,7522,EC,2025-10-24,218184,0.0,0,0,0,0
1252,7522,EC,2025-10-24,218185,2.66,0,2868,0,1
1252,7522,EC,2025-10-24,218186,0.0,0,0,0,0
1252,7522,EC,2025-10-24,218187,6.56,9,12905,0,1
1252,7522,EC,2025-10-24,218188,0.0,9,0,0,0
1252,7522,EC,2025-10-24,218193,0.0,0,0,0,0
1252,7522,EC,2025-10-24,221187,0.0,0,0,0,0
1252,7522,EC,2025-10-24,221188,0.0,0,0,0,0
1252,7522,EC,2025-10-24,221189,0.0,9,0,0,0
1252,7522,EC,2025-10-24,221190,16.76,18,5736,1,2
1252,7522,EC,2025-10-24,221191,1.25,0,1434,0,0
1252,7522,EC,2025-10-24,221193,0.0,0,0,0,1
1252,7522,EC,2025-10-24,221195,1.87,0,2868,0,0
1252,7522,EC,2025-10-24,221196,27.88,18,18640,1,2
1252,7522,EC,2025-10-24,221197,1.19,9,2868,0,0
1252,7522,EC,2025-10-24,221198,6.74,9,4302,0,0
1252,7522,EC,2025-10-24,221199,5.65,0,2868,0,3
1252,7522,EC,2025-10-24,221200,10.67,18,17207,0,0
1252,7522,EC,2025-10-24,221201,2.58,0,2868,0,0
1252,7522,EC,2025-10-24,221202,1.32,18,1434,0,0
1252,7522,EC,2025-10-24,221206,0.0,0,0,0,0
1252,7522,EC,2025-10-24,221207,1.19,0,1434,0,0
1252,7522,EC,2025-10-24,221209,1.35,0,1434,0,0
1252,7522,EC,2025-10-24,221210,4.13,0,1434,0,0
1252,7522,EC,2025-10-24,221817,0.0,0,0,0,0
1252,7522,EC,2025-10-24,223268,0.0,0,0,0,0
1252,7522,EC,2025-10-24,223269,0.0,0,0,0,1
1252,7522,EC,2025-10-24,223270,0.0,0,0,0,0
1252,7522,EC,2025-10-24,223271,0.0,0,0,0,0
1252,7522,EC,2025-10-24,223272,0.0,0,0,0,0
1252,7522,EC,2025-10-24,223273,0.0,0,0,0,0
1252,7522,EC,2025-10-24,223274,0.0,0,0,0,0
1252,7522,EC,2025-10-24,223275,0.0,0,0,0,0
1252,7522,EC,2025-10-24,223276,0.0,0,0,0,0
1252,7522,EC,2025-10-24,224104,0.0,0,0,0,0
1252,7522,EC,2025-10-24,224105,0.0,0,0,1,2
1252,7522,EC,2025-10-24,224106,0.0,0,0,0,0
1252,7522,EC,2025-10-24,224107,0.0,0,0,0,1
1252,7522,EC,2025-10-24,224108,0.0,0,0,0,1
1252,7522,EC,2025-10-24,224109,0.0,0,0,0,3
1252,7522,EC,2025-10-24,224110,0.0,0,0,0,0
1252,7522,EC,2025-10-24,224111,0.0,0,0,0,0
1252,7522,EC,2025-10-24,224112,0.0,0,0,0,0
1252,7522,EC,2025-10-24,224113,0.0,0,0,0,0
1252,7522,EC,2025-10-24,224114,0.0,0,0,0,0
1252,7522,EC,2025-10-24,224116,0.0,0,0,0,0
1252,7522,EC,2025-10-24,224117,1.44,9,2868,0,1
1252,7522,EC,2025-10-24,224118,3.95,9,4302,0,3
1252,7522,EC,2025-10-24,224119,5.17,28,4302,0,0
1252,7522,EC,2025-10-24,224120,6.63,0,4302,0,0
1252,7522,EC,2025-10-24,224123,0.0,0,0,0,0
1252,7522,EC,2025-10-24,224124,0.0,0,0,0,0
1252,7522,EC,2025-10-24,224125,0.0,0,0,0,0
1252,7522,EC,2025-10-24,224126,0.0,0,0,0,0
1252,7522,EC,2025-10-24,224128,0.79,0,1434,0,0
1252,7522,EC,2025-10-24,224129,0.0,9,0,0,1
1252,7522,EC,2025-10-24,224130,1.84,0,1434,0,1
1252,7522,EC,2025-10-24,224131,14.43,18,12905,0,1
1252,7522,EC,2025-10-24,224132,0.0,9,0,0,0
1252,7522,EC,2025-10-24,224134,0.0,0,0,0,0
1252,7522,EC,2025-10-24,224135,2.13,9,2868,1,1
1252,7522,EC,2025-10-24,224136,0.0,9,0,0,1
1252,7522,EC,2025-10-24,224137,14.46,28,7169,0,0
1252,7522,EC,2025-10-24,224138,0.0,0,0,0,0
1252,7522,EC,2025-10-24,224139,0.0,9,0,0,0
1252,7522,EC,2025-10-24,224140,0.0,0,0,0,0
1252,7522,EC,2025-10-24,224141,6.9,0,12905,0,2
1252,7522,EC,2025-10-24,224142,2.52,0,2868,0,0
1252,7522,EC,2025-10-24,224143,2.74,0,1434,0,0
1252,7522,EC,2025-10-24,224144,2.95,28,2868,0,0
1252,7522,EC,2025-10-24,224145,3.79,0,12905,1,3
1252,7522,EC,2025-10-24,224146,0.0,18,0,0,1
1252,7522,EC,2025-10-24,224150,0.0,0,0,0,0
1252,7522,EC,2025-10-24,224151,0.0,0,0,0,0
1252,7522,EC,2025-10-24,224153,0.0,0,0,0,0
1252,7522,EC,2025-10-24,226295,0.0,9,0,0,0
1252,7522,EC,2025-10-24,226296,0.0,46,0,0,0
1252,7522,EC,2025-10-24,226297,10.72,28,11471,0,0
1252,7522,EC,2025-10-24,226298,0.0,0,0,0,0
1252,7522,EC,2025-10-24,226299,0.0,9,0,0,0
1252,7522,EC,2025-10-24,226300,0.0,0,0,0,0
1252,7522,EC,2025-10-24,226303,0.4,0,1434,0,0
1252,7522,EC,2025-10-24,226304,11.73,28,2868,0,0
1252,7522,EC,2025-10-24,226305,1.0,9,1434,0,0
1252,7522,EC,2025-10-24,226306,0.0,0,0,0,0
1252,7522,EC,2025-10-24,226308,0.0,18,0,0,0
1251,9092,GT,2025-10-24,222434,4.77,0,4302,0,0
1251,9092,GT,2025-10-24,222435,3.33,9,7169,0,1
1251,9092,GT,2025-10-24,222436,0.0,0,0,0,0
1251,9092,GT,2025-10-24,222437,2.04,9,4302,0,1
1251,9092,GT,2025-10-24,222438,1.22,9,2868,0,0
1251,9092,GT,2025-10-24,222439,6.7,0,8603,0,0
1251,9092,GT,2025-10-24,222440,2.46,9,4302,0,0
1251,9092,GT,2025-10-24,222441,0.0,0,0,0,0
1251,9092,GT,2025-10-24,222442,0.0,0,0,0,0
1251,9092,GT,2025-10-24,222443,2.12,0,4302,0,0
1251,9092,GT,2025-10-24,222444,1.11,0,2868,0,0
1251,9092,GT,2025-10-24,222445,8.7,0,8603,0,0
1251,9092,GT,2025-10-24,222446,0.39,0,1434,0,0
1251,9092,GT,2025-10-24,222447,2.05,0,2868,0,0
1251,9092,GT,2025-10-24,222448,10.07,9,12905,0,1
1251,9092,GT,2025-10-24,222449,3.56,0,2868,0,0
1251,9092,GT,2025-10-24,222450,4.28,9,4302,0,1
1251,9092,GT,2025-10-24,222451,0.71,0,1434,0,0
1251,9092,GT,2025-10-24,222452,1.87,0,1434,0,0
1251,9092,GT,2025-10-24,222453,6.35,0,5736,0,1
1251,9092,GT,2025-10-24,222454,14.04,9,24376,0,0
1251,9092,GT,2025-10-24,222455,5.32,9,5736,0,0
1251,9092,GT,2025-10-24,222456,0.44,0,2868,0,0
1251,9092,GT,2025-10-24,222457,2.67,9,2868,0,0
1251,9092,GT,2025-10-24,222458,11.62,55,18640,0,1
1251,9092,GT,2025-10-24,222459,3.57,0,8603,1,1
1251,9092,GT,2025-10-24,222460,10.34,18,17207,0,0
1251,9092,GT,2025-10-24,222461,1.7,0,2868,0,0
1251,9092,GT,2025-10-24,222462,0.0,18,0,0,0
1251,9092,GT,2025-10-24,222463,4.22,0,7169,1,2
1251,9092,GT,2025-10-24,222464,5.36,0,8603,0,0
1251,9092,GT,2025-10-24,222465,0.0,0,0,0,0
1251,9092,GT,2025-10-24,222466,2.62,0,2868,0,0
1251,9092,GT,2025-10-24,222467,7.16,0,5736,0,0
1251,9092,GT,2025-10-24,222468,9.61,9,21508,0,0
1251,9092,GT,2025-10-24,222470,2.0,37,4302,0,0
1251,9092,GT,2025-10-24,222471,0.0,0,0,0,0
1251,9092,GT,2025-10-24,222472,10.7,0,11471,0,0
1251,9092,GT,2025-10-24,224840,0.0,0,0,0,0
1251,9092,GT,2025-10-24,224841,0.0,0,0,0,0
1251,9092,GT,2025-10-24,224842,6.47,9,1434,0,0
1251,9092,GT,2025-10-24,224843,0.23,0,1434,0,0
1251,9092,GT,2025-10-24,224844,0.0,0,0,0,0
1251,9092,GT,2025-10-24,224845,0.0,9,0,0,0
1251,9092,GT,2025-10-24,224846,11.82,0,2868,0,0
3151,8407,GT,2025-10-24,210778,0.0,0,0,0,0
3151,8407,GT,2025-10-24,210779,0.5,9,1434,0,0
3151,8407,GT,2025-10-24,210780,0.0,9,0,0,1
3151,8407,GT,2025-10-24,210781,0.0,9,0,0,2
3151,8407,GT,2025-10-24,210782,0.23,0,1434,0,1
3151,8407,GT,2025-10-24,210784,0.0,0,0,0,0
3151,8407,GT,2025-10-24,210792,0.0,0,0,0,0
3151,8407,GT,2025-10-24,210793,1.77,0,4302,0,0
3151,8407,GT,2025-10-24,210794,0.0,9,0,0,0
3151,8407,GT,2025-10-24,210795,9.21,18,11471,0,0
3151,8407,GT,2025-10-24,210796,1.45,0,1434,0,0
3151,8407,GT,2025-10-24,210798,0.0,0,0,0,0
3151,8407,GT,2025-10-24,210805,0.0,0,0,0,0
3151,8407,GT,2025-10-24,210806,0.21,9,1434,0,1
3151,8407,GT,2025-10-24,210807,0.47,9,2868,0,0
3151,8407,GT,2025-10-24,210808,0.47,0,1434,0,0
3151,8407,GT,2025-10-24,210809,0.0,0,0,0,0
3151,8407,GT,2025-10-24,210811,0.71,9,1434,1,2
3151,8407,GT,2025-10-24,211184,0.0,0,0,0,1
3151,8407,GT,2025-10-24,214324,0.0,0,0,0,0
3151,8407,GT,2025-10-24,215817,0.0,0,0,0,0
3151,8407,GT,2025-10-24,215819,0.0,0,0,0,0
3151,8407,GT,2025-10-24,215820,5.85,0,7169,0,1
3151,8407,GT,2025-10-24,215823,0.0,0,0,0,0
3151,8407,GT,2025-10-24,218623,0.0,0,0,0,0
3151,8407,GT,2025-10-24,218624,0.0,0,0,0,0
3151,8407,GT,2025-10-24,218625,0.0,0,0,0,0
3151,8407,GT,2025-10-24,218626,2.31,9,4302,0,0
3151,8407,GT,2025-10-24,218627,16.7,0,4302,0,0
3151,8407,GT,2025-10-24,218628,0.0,9,0,0,0
3151,8407,GT,2025-10-24,218629,1.18,9,1434,0,0
3151,8407,GT,2025-10-24,219238,0.88,0,1434,0,0
3151,8407,GT,2025-10-24,219239,0.0,9,0,0,0
3151,8407,GT,2025-10-24,219240,0.73,0,1434,0,0
3151,8407,GT,2025-10-24,219241,0.0,0,0,0,0
3151,8407,GT,2025-10-24,219243,0.0,0,0,0,0
3151,8407,GT,2025-10-24,221223,0.0,0,0,0,0
3151,8407,GT,2025-10-24,221224,16.12,0,1434,0,0
3151,8407,GT,2025-10-24,221225,2.01,0,2868,0,1
3151,8407,GT,2025-10-24,221226,1.31,0,1434,1,1
3151,8407,GT,2025-10-24,221227,0.0,9,0,0,0
3151,8407,GT,2025-10-24,221229,0.0,0,0,0,0
3151,8407,GT,2025-10-24,221230,0.0,0,0,0,0
3151,8407,GT,2025-10-24,221231,0.0,0,0,0,0
3151,8407,GT,2025-10-24,221232,0.0,9,0,0,0
3151,8407,GT,2025-10-24,221233,3.13,9,2868,1,3
3151,8407,GT,2025-10-24,221234,1.11,0,1434,0,0
3151,8407,GT,2025-10-24,221237,0.0,0,0,0,0
3151,8407,GT,2025-10-24,221238,0.0,0,0,0,0
3151,8407,GT,2025-10-24,221239,0.0,0,0,0,0
3151,8407,GT,2025-10-24,221240,0.0,9,0,1,0
3151,8407,GT,2025-10-24,221241,0.0,0,0,0,0
3151,8407,GT,2025-10-24,223278,0.0,0,0,0,0
3151,8407,GT,2025-10-24,223279,1.71,0,1434,0,0
3151,8407,GT,2025-10-24,223280,0.0,9,0,0,0
3151,8407,GT,2025-10-24,223281,7.01,0,4302,0,0
3151,8407,GT,2025-10-24,223282,0.0,0,0,0,0
3151,8407,GT,2025-10-24,223284,0.42,9,1434,0,0
3151,8407,GT,2025-10-24,223771,3.25,0,5736,0,0
3151,8407,GT,2025-10-24,223772,0.0,9,0,0,0
3151,8407,GT,2025-10-24,223773,1.5,0,2868,0,1
3151,8407,GT,2025-10-24,224155,0.0,0,0,0,0
3151,8407,GT,2025-10-24,224156,0.0,0,0,0,0
3151,8407,GT,2025-10-24,224157,0.0,0,0,0,0
3151,8407,GT,2025-10-24,224158,0.0,0,0,0,0
3151,8407,GT,2025-10-24,224847,0.0,0,0,0,0
3151,8407,GT,2025-10-24,224848,0.0,9,0,0,1
3151,8407,GT,2025-10-24,224849,0.78,9,1434,0,0
3151,8407,GT,2025-10-24,224850,0.0,9,0,0,0
3151,8407,GT,2025-10-24,224851,0.0,9,0,0,0
3151,8407,GT,2025-10-24,224853,0.67,0,2868,0,0
1251,9126,HN,2025-10-24,223902,1.92,0,4302,0,0
1251,9126,HN,2025-10-24,223903,5.38,18,11471,0,1
1251,9126,HN,2025-10-24,223904,1.85,83,4302,0,0
1251,9126,HN,2025-10-24,223905,11.89,28,24376,0,0
1251,9126,HN,2025-10-24,223906,13.38,46,24376,0,1
1251,9126,HN,2025-10-24,223907,0.52,0,1434,0,0
1251,9126,HN,2025-10-24,223908,3.5,9,8603,0,1
1251,9126,HN,2025-10-24,223909,4.76,0,12905,0,0
1251,9126,HN,2025-10-24,223910,9.91,64,28678,0,0
1251,9126,HN,2025-10-24,223911,1.82,28,4302,0,0
1251,9126,HN,2025-10-24,223912,0.0,9,0,0,0
1251,9126,HN,2025-10-24,223913,5.85,37,14339,0,0
1251,9126,HN,2025-10-24,223914,0.0,9,0,0,0
1251,9126,HN,2025-10-24,223915,5.97,37,14339,0,1
1251,9126,HN,2025-10-24,223916,2.13,0,4302,0,0
1251,9126,HN,2025-10-24,223917,1.44,0,2868,0,0
1251,9126,HN,2025-10-24,223918,10.41,9,8603,0,0
1251,9126,HN,2025-10-24,223919,18.41,64,5736,0,0
1251,9126,HN,2025-10-24,223920,0.96,18,4302,0,1
1251,9126,HN,2025-10-24,223921,7.5,55,17207,1,2
1251,9126,HN,2025-10-24,223922,0.0,0,0,0,0
1251,9126,HN,2025-10-24,223923,0.32,28,1434,0,1
1251,9126,HN,2025-10-24,223924,2.52,0,11471,0,0
1251,9126,HN,2025-10-24,223925,3.76,9,10037,0,0
1251,9126,HN,2025-10-24,223926,4.67,55,17207,0,0
1251,9126,HN,2025-10-24,223927,0.62,0,1434,0,0
1251,9126,HN,2025-10-24,223928,1.68,9,4302,0,1
1251,9126,HN,2025-10-24,223929,0.57,0,1434,0,0
1251,9126,HN,2025-10-24,223930,3.11,9,7169,0,0
1251,9126,HN,2025-10-24,223931,0.24,9,1434,0,1
1251,9126,HN,2025-10-24,223932,1.05,0,2868,0,0
1251,9126,HN,2025-10-24,223933,1.22,18,2868,0,0
1251,9126,HN,2025-10-24,223934,1.24,9,2868,0,0
1251,9126,HN,2025-10-24,223935,12.14,28,21508,0,0
1251,9126,HN,2025-10-24,223936,3.82,9,2868,0,0
1847,7523,HN,2025-10-24,207904,0.0,0,0,0,0
1847,7523,HN,2025-10-24,207905,2.93,0,4302,0,0
1847,7523,HN,2025-10-24,207906,0.0,0,0,0,1
1847,7523,HN,2025-10-24,207907,6.03,9,11471,0,0
1847,7523,HN,2025-10-24,207908,0.21,0,1434,0,0
1847,7523,HN,2025-10-24,207909,0.0,0,0,0,0
1847,7523,HN,2025-10-24,207910,12.39,0,1434,0,0
1847,7523,HN,2025-10-24,211405,3.14,0,2868,0,0
1847,7523,HN,2025-10-24,211406,1.42,0,4302,0,0
1847,7523,HN,2025-10-24,211408,24.63,0,12905,0,2
1847,7523,HN,2025-10-24,211409,2.24,0,8603,0,0
1847,7523,HN,2025-10-24,211411,1.22,0,2868,0,0
1847,7523,HN,2025-10-24,211412,0.0,0,0,0,0
1847,7523,HN,2025-10-24,211413,3.39,28,8603,0,0
1847,7523,HN,2025-10-24,211414,0.75,9,2868,0,0
1847,7523,HN,2025-10-24,211415,4.79,0,11471,1,1
1847,7523,HN,2025-10-24,211416,1.97,28,4302,0,0
1847,7523,HN,2025-10-24,211418,0.0,0,0,0,1
1847,7523,HN,2025-10-24,219999,0.0,0,0,0,0
1847,7523,HN,2025-10-24,220000,0.0,0,0,0,0
1847,7523,HN,2025-10-24,220001,1.54,9,4302,0,0
1847,7523,HN,2025-10-24,220002,24.32,46,15773,0,1
1847,7523,HN,2025-10-24,220003,2.25,0,1434,0,0
1847,7523,HN,2025-10-24,220005,0.99,0,2868,0,0
1847,7523,HN,2025-10-24,223395,0.0,0,0,0,0
1847,7523,HN,2025-10-24,223396,0.0,0,0,0,0
1847,7523,HN,2025-10-24,223397,0.0,0,0,0,0
1251,7519,PE,2025-10-24,179932,0.46,0,2868,0,0
1251,7519,PE,2025-10-24,179933,1.2,0,4302,0,0
1251,7519,PE,2025-10-24,179934,1.14,0,4302,1,1
1251,7519,PE,2025-10-24,179935,19.9,18,58789,0,4
1251,7519,PE,2025-10-24,179936,4.15,0,14339,0,1
1251,7519,PE,2025-10-24,179938,0.0,9,0,0,0
1251,7519,PE,2025-10-24,179955,0.3,9,1434,0,0
1251,7519,PE,2025-10-24,179956,3.48,0,1434,0,0
1251,7519,PE,2025-10-24,179957,0.0,9,0,0,0
1251,7519,PE,2025-10-24,179958,2.86,9,8603,0,1
1251,7519,PE,2025-10-24,179959,3.24,0,8603,0,1
1251,7519,PE,2025-10-24,180031,0.0,0,0,0,0
1251,7519,PE,2025-10-24,180032,0.0,0,0,0,0
1251,7519,PE,2025-10-24,180034,0.0,9,0,0,0
1251,7519,PE,2025-10-24,180035,0.0,0,0,0,0
1251,7519,PE,2025-10-24,180044,0.0,0,0,0,0
1251,7519,PE,2025-10-24,180046,0.0,0,0,0,0
1251,7519,PE,2025-10-24,180047,0.25,0,1434,0,0
1251,7519,PE,2025-10-24,180048,0.0,0,0,0,0
1251,7519,PE,2025-10-24,180050,0.0,0,0,0,0
1251,7519,PE,2025-10-24,180052,0.0,0,0,0,0
1251,7519,PE,2025-10-24,180053,0.0,0,0,0,0
1251,7519,PE,2025-10-24,185056,0.0,0,0,0,0
1251,7519,PE,2025-10-24,185057,1.31,0,2868,0,0
1251,7519,PE,2025-10-24,185058,2.46,0,2868,0,0
1251,7519,PE,2025-10-24,185059,5.35,0,11471,0,0
1251,7519,PE,2025-10-24,185060,5.5,0,15773,2,2
1251,7519,PE,2025-10-24,198818,0.0,0,0,0,0
1251,7519,PE,2025-10-24,198819,0.24,0,1434,0,1
1251,7519,PE,2025-10-24,198820,1.19,0,2868,0,0
1251,7519,PE,2025-10-24,198821,16.01,28,37281,1,2
1251,7519,PE,2025-10-24,198822,7.58,9,22942,1,1
1251,7519,PE,2025-10-24,199628,0.45,0,2868,0,0
1251,7519,PE,2025-10-24,199629,4.82,18,17207,0,2
1251,7519,PE,2025-10-24,199630,0.78,0,1434,0,0
1251,7519,PE,2025-10-24,199631,3.06,0,7169,1,1
1251,7519,PE,2025-10-24,199632,17.4,9,31545,0,1
1251,7519,PE,2025-10-24,199709,0.0,0,0,0,0
1251,7519,PE,2025-10-24,199710,0.0,0,0,0,0
1251,7519,PE,2025-10-24,199712,0.36,18,1434,1,0
1251,7519,PE,2025-10-24,199713,0.0,0,0,0,0
1251,7519,PE,2025-10-24,206947,0.0,0,0,0,0
1251,7519,PE,2025-10-24,211297,4.03,0,14339,0,0
1251,7519,PE,2025-10-24,211298,8.78,0,8603,0,1
1251,7519,PE,2025-10-24,211299,0.24,0,1434,0,0
1251,7519,PE,2025-10-24,211300,4.3,0,12905,0,0
1251,7519,PE,2025-10-24,211301,0.2,0,1434,0,0
1251,7519,PE,2025-10-24,211302,1.25,0,4302,0,0
1251,7519,PE,2025-10-24,211303,0.0,0,0,0,0
1251,7519,PE,2025-10-24,211304,2.76,0,11471,0,0
1251,7519,PE,2025-10-24,211305,1.68,9,5736,0,0
1251,7519,PE,2025-10-24,211306,4.5,0,12905,0,1
1251,7519,PE,2025-10-24,211307,13.52,18,41583,0,1
1251,7519,PE,2025-10-24,211308,0.0,0,0,0,0
1251,7519,PE,2025-10-24,211309,8.34,28,21508,0,2
1251,7519,PE,2025-10-24,211317,1.93,0,4302,0,0
1251,7519,PE,2025-10-24,211318,6.2,9,2868,0,0
1251,7519,PE,2025-10-24,211319,1.12,0,2868,1,0
1251,7519,PE,2025-10-24,211320,0.57,0,1434,0,0
1251,7519,PE,2025-10-24,211321,8.57,9,31545,0,0
1251,7519,PE,2025-10-24,211323,1.09,0,4302,0,2
1251,7519,PE,2025-10-24,215304,0.0,9,0,0,0
1251,7519,PE,2025-10-24,215305,0.0,0,0,0,0
1251,7519,PE,2025-10-24,215306,0.0,0,0,0,0
1251,7519,PE,2025-10-24,215709,1.97,0,4302,0,0
1251,7519,PE,2025-10-24,215710,0.0,9,0,0,1
1251,7519,PE,2025-10-24,215711,0.0,9,0,0,0
1251,7519,PE,2025-10-24,215712,0.45,0,1434,1,0
1251,7519,PE,2025-10-24,215713,3.34,0,7169,0,2
1251,7519,PE,2025-10-24,215715,0.7,9,2868,0,0
1251,7519,PE,2025-10-24,223426,4.31,0,18640,0,1
1251,7519,PE,2025-10-24,223427,1.18,0,4302,0,0
1251,7519,PE,2025-10-24,223429,0.24,18,1434,0,0
1251,7519,PE,2025-10-24,223430,3.65,9,12905,0,0
1251,7519,PE,2025-10-24,223431,7.77,9,25810,0,1
1251,7519,PE,2025-10-24,223432,10.05,18,25810,0,1
1251,7517,SV,2025-10-24,179004,0.0,0,0,0,0
1251,7517,SV,2025-10-24,179005,4.15,0,5736,0,0
1251,7517,SV,2025-10-24,179006,0.0,0,0,0,1
1251,7517,SV,2025-10-24,179007,8.34,18,12905,0,2
1251,7517,SV,2025-10-24,179008,0.0,0,0,0,1
1251,7517,SV,2025-10-24,179023,3.19,0,2868,0,0
1251,7517,SV,2025-10-24,179024,6.81,9,12905,1,1
1251,7517,SV,2025-10-24,179025,1.06,37,4302,0,1
1251,7517,SV,2025-10-24,179026,12.14,28,21508,1,1
1251,7517,SV,2025-10-24,198877,2.74,9,2868,0,0
1251,7517,SV,2025-10-24,198878,0.0,0,0,0,0
1251,7517,SV,2025-10-24,198879,0.0,0,0,0,1
1251,7517,SV,2025-10-24,198880,7.66,28,15773,0,0
1251,7517,SV,2025-10-24,198881,0.0,18,0,0,0
1251,7517,SV,2025-10-24,198882,0.0,0,0,0,0
1251,7517,SV,2025-10-24,198883,0.0,0,0,0,0
1251,7517,SV,2025-10-24,198884,2.09,0,2868,0,0
1251,7517,SV,2025-10-24,198885,2.5,9,2868,0,0
1251,7517,SV,2025-10-24,198886,1.14,0,2868,0,0
1251,7517,SV,2025-10-24,198888,1.48,0,1434,0,0
1251,7517,SV,2025-10-24,198889,0.0,0,0,0,0
1251,7517,SV,2025-10-24,198890,0.59,0,1434,0,0
1251,7517,SV,2025-10-24,198891,0.0,0,0,0,0
1251,7517,SV,2025-10-24,198892,3.06,0,7169,0,0
1251,7517,SV,2025-10-24,198893,1.27,9,5736,0,0
1251,7517,SV,2025-10-24,206128,0.0,0,0,0,0
1251,7517,SV,2025-10-24,206129,0.0,0,0,0,0
1251,7517,SV,2025-10-24,206130,0.0,9,0,0,0
1251,7517,SV,2025-10-24,206131,7.08,28,14339,0,0
1251,7517,SV,2025-10-24,206132,0.0,0,0,0,0
1251,7517,SV,2025-10-24,206133,0.0,9,0,0,0
1251,7517,SV,2025-10-24,206134,0.0,0,0,0,0
1251,7517,SV,2025-10-24,206135,0.0,0,0,0,0
1251,7517,SV,2025-10-24,206136,3.11,9,2868,0,0
1251,7517,SV,2025-10-24,206137,3.01,9,7169,0,0
1251,7517,SV,2025-10-24,207897,0.0,0,0,0,0
1251,7517,SV,2025-10-24,207898,0.0,0,0,0,1
1251,7517,SV,2025-10-24,207899,0.0,0,0,0,0
1251,7517,SV,2025-10-24,207900,1.97,37,4302,0,0
1251,7517,SV,2025-10-24,207901,0.0,9,0,0,0
1251,7517,SV,2025-10-24,207903,0.0,0,0,0,0
1251,7517,SV,2025-10-24,215797,0.34,0,1434,0,0
1251,7517,SV,2025-10-24,215798,2.76,0,1434,0,0
1251,7517,SV,2025-10-24,215799,1.67,9,4302,0,0
1251,7517,SV,2025-10-24,215800,0.0,0,0,0,0
1251,7517,SV,2025-10-24,215801,0.89,0,1434,0,0
1251,7517,SV,2025-10-24,220211,3.33,9,5736,0,0
1251,7517,SV,2025-10-24,220212,1.14,0,1434,0,0
1251,7517,SV,2025-10-24,220213,2.76,18,4302,0,0
1251,7517,SV,2025-10-24,220214,2.03,9,1434,0,0
1251,7517,SV,2025-10-24,220215,12.96,28,10037,0,0
3151,8406,SV,2025-10-24,210819,0.0,9,0,0,0
3151,8406,SV,2025-10-24,210820,7.6,0,10037,0,1
3151,8406,SV,2025-10-24,210821,0.0,9,0,0,0
3151,8406,SV,2025-10-24,210822,7.88,0,4302,2,3
3151,8406,SV,2025-10-24,210823,1.71,0,5736,0,1
3151,8406,SV,2025-10-24,210825,0.97,9,1434,0,0
3151,8406,SV,2025-10-24,210827,0.0,0,0,0,0
3151,8406,SV,2025-10-24,210830,0.0,0,0,0,1
3151,8406,SV,2025-10-24,210833,0.77,0,1434,0,0
3151,8406,SV,2025-10-24,210834,0.0,0,0,0,1
3151,8406,SV,2025-10-24,210835,0.19,9,1434,0,0
3151,8406,SV,2025-10-24,210836,5.12,0,7169,0,1
3151,8406,SV,2025-10-24,210837,0.0,0,0,0,0
3151,8406,SV,2025-10-24,210838,0.0,0,0,0,0
3151,8406,SV,2025-10-24,210839,0.0,0,0,0,0
3151,8406,SV,2025-10-24,210840,0.0,9,0,0,0
3151,8406,SV,2025-10-24,210841,2.25,9,2868,0,0
3151,8406,SV,2025-10-24,210842,0.0,0,0,0,1
3151,8406,SV,2025-10-24,210843,5.14,0,11471,2,3
3151,8406,SV,2025-10-24,210846,0.0,0,0,0,0
3151,8406,SV,2025-10-24,215838,0.26,0,1434,0,0
3151,8406,SV,2025-10-24,215839,0.0,0,0,0,0
3151,8406,SV,2025-10-24,215840,2.26,0,4302,1,0
3151,8406,SV,2025-10-24,215842,0.0,0,0,0,0
3151,8406,SV,2025-10-24,215843,1.9,9,5736,0,0
3151,8406,SV,2025-10-24,215844,2.47,9,4302,0,1
3151,8406,SV,2025-10-24,215845,7.15,0,5736,1,0
3151,8406,SV,2025-10-24,215853,0.0,0,0,0,0
3151,8406,SV,2025-10-24,215854,0.0,9,0,0,1
3151,8406,SV,2025-10-24,215855,0.0,0,0,0,0
3151,8406,SV,2025-10-24,215856,0.95,0,2868,0,1
3151,8406,SV,2025-10-24,215857,0.0,0,0,0,0
3151,8406,SV,2025-10-24,215859,0.0,0,0,0,0
3151,8406,SV,2025-10-24,218630,0.0,0,0,0,1
3151,8406,SV,2025-10-24,218631,0.0,0,0,0,0
3151,8406,SV,2025-10-24,218632,1.19,0,1434,0,0
3151,8406,SV,2025-10-24,218634,2.93,0,1434,0,0
3151,8406,SV,2025-10-24,218635,1.31,0,4302,0,1
3151,8406,SV,2025-10-24,218636,0.0,0,0,0,0
3151,8406,SV,2025-10-24,221026,0.0,0,0,0,0
3151,8406,SV,2025-10-24,221027,0.0,0,0,0,0
3151,8406,SV,2025-10-24,221028,0.0,0,0,0,1
3151,8406,SV,2025-10-24,221030,1.06,0,1434,0,0
3151,8406,SV,2025-10-24,221031,1.88,0,4302,0,0
3151,8406,SV,2025-10-24,221032,0.86,0,1434,0,0
3151,8406,SV,2025-10-24,221033,2.35,0,2868,0,1
3151,8406,SV,2025-10-24,221034,0.0,9,0,0,0
3151,8406,SV,2025-10-24,221035,0.0,0,0,0,0
3151,8406,SV,2025-10-24,221037,0.0,9,0,0,0
3151,8406,SV,2025-10-24,221038,13.02,0,5736,0,1
3151,8406,SV,2025-10-24,221039,0.0,0,0,0,0
3151,8406,SV,2025-10-24,221242,0.0,0,0,0,0
3151,8406,SV,2025-10-24,221243,1.82,0,2868,0,2
3151,8406,SV,2025-10-24,221244,0.35,0,1434,0,0
3151,8406,SV,2025-10-24,221245,0.16,9,1434,0,0
3151,8406,SV,2025-10-24,221246,1.4,0,1434,0,0
3151,8406,SV,2025-10-24,221247,0.0,9,0,0,1
3151,8406,SV,2025-10-24,221248,0.57,0,2868,0,0
3151,8406,SV,2025-10-24,221249,7.0,0,7169,0,1
3151,8406,SV,2025-10-24,221250,0.0,0,0,0,0
3151,8406,SV,2025-10-24,221251,0.0,0,0,0,0
3151,8406,SV,2025-10-24,221252,0.58,0,2868,0,0
3151,8406,SV,2025-10-24,221253,0.0,0,0,0,1
3151,8406,SV,2025-10-24,221254,0.0,0,0,0,0
3151,8406,SV,2025-10-24,221255,0.0,0,0,0,0
3151,8406,SV,2025-10-24,221256,1.82,9,4302,1,0
3151,8406,SV,2025-10-24,221258,0.0,0,0,0,0
3151,8406,SV,2025-10-24,221259,4.86,0,5736,0,0
3151,8406,SV,2025-10-24,221260,0.36,0,1434,0,0
3151,8406,SV,2025-10-24,221847,0.0,0,0,0,0
3151,8406,SV,2025-10-24,221848,0.0,0,0,0,0
3151,8406,SV,2025-10-24,221849,0.16,18,1434,0,0
3151,8406,SV,2025-10-24,221850,0.0,0,0,0,0
3151,8406,SV,2025-10-24,221851,0.0,0,0,0,0
3151,8406,SV,2025-10-24,221852,4.62,18,11471,1,3
3151,8406,SV,2025-10-24,221853,0.0,0,0,0,0
3151,8406,SV,2025-10-24,221854,0.7,0,1434,0,0
3151,8406,SV,2025-10-24,221855,0.0,0,0,0,1
3151,8406,SV,2025-10-24,221856,0.0,0,0,0,0
3151,8406,SV,2025-10-24,221858,0.0,0,0,0,0
3151,8406,SV,2025-10-24,221859,3.88,9,8603,0,1
3151,8406,SV,2025-10-24,221860,0.59,0,2868,0,0
3151,8406,SV,2025-10-24,223768,0.0,0,0,0,0
3151,8406,SV,2025-10-24,223769,0.0,18,0,0,0
3151,8406,SV,2025-10-24,223770,2.51,0,1434,0,0
3151,8406,SV,2025-10-24,224161,0.0,0,0,0,0
3151,8406,SV,2025-10-24,224162,0.0,0,0,0,0
3151,8406,SV,2025-10-24,224163,0.0,0,0,0,0
3151,8406,SV,2025-10-24,224164,0.0,0,0,0,0
3151,8406,SV,2025-10-24,224165,0.0,0,0,0,0
3151,8406,SV,2025-10-24,224854,0.49,0,1434,0,0
3151,8406,SV,2025-10-24,224855,2.49,0,4302,0,1
3151,8406,SV,2025-10-24,224856,0.0,9,0,0,0
3151,8406,SV,2025-10-24,224857,1.33,37,4302,1,4
3151,8406,SV,2025-10-24,224858,0.0,0,0,0,0
3151,8406,SV,2025-10-24,224860,0.0,9,0,0,0
1251,7927,CL,2025-10-25,203179,1.38,0,7009,0,0
1251,7927,CL,2025-10-25,203180,5.98,0,16821,0,0
1251,7927,CL,2025-10-25,203181,1.91,9,4205,0,0
1251,7927,CL,2025-10-25,203182,1.75,18,8410,0,0
1251,7927,CL,2025-10-25,203183,2.36,0,9812,0,0
1251,7927,CL,2025-10-25,203184,0.0,0,0,0,0
1251,7927,CL,2025-10-25,203185,5.69,9,8410,0,0
1251,7927,CL,2025-10-25,203186,0.0,0,0,0,0
1251,7927,CL,2025-10-25,203187,0.97,9,2803,0,0
1251,7927,CL,2025-10-25,203188,9.59,0,15419,0,0
1251,7927,CL,2025-10-25,203189,0.0,0,0,0,0
1251,7927,CL,2025-10-25,203190,0.0,18,0,0,0
1251,7927,CL,2025-10-25,203191,0.24,9,1402,0,0
1251,7927,CL,2025-10-25,203192,5.8,0,7009,0,0
1251,7927,CL,2025-10-25,203193,8.36,0,9812,0,0
1251,7927,CL,2025-10-25,203195,6.44,18,8410,0,0
1251,7927,CL,2025-10-25,203196,5.43,18,9812,0,0
1251,7927,CL,2025-10-25,203197,0.0,0,0,0,0
1251,7927,CL,2025-10-25,203198,15.75,18,16821,0,0
1251,7927,CL,2025-10-25,203199,29.37,9,33641,0,0
1251,7927,CL,2025-10-25,212691,0.0,0,0,0,0
1251,7927,CL,2025-10-25,212692,8.54,9,14017,0,0
1251,7927,CL,2025-10-25,212693,7.73,9,11214,0,0
1251,7927,CL,2025-10-25,212694,6.44,0,19624,0,1
1251,7927,CL,2025-10-25,212695,1.64,0,7009,0,0
1251,7927,CL,2025-10-25,215780,0.52,0,2803,0,0
1251,7927,CL,2025-10-25,215781,3.75,0,8410,0,0
1251,7927,CL,2025-10-25,215782,0.53,0,1402,0,0
1251,7927,CL,2025-10-25,215783,1.65,9,5607,0,0
1251,7927,CL,2025-10-25,215784,3.75,0,7009,0,0
1251,7927,CL,2025-10-25,215785,0.99,27,2803,0,0
1251,7927,CL,2025-10-25,215786,2.55,9,4205,0,1
1251,7927,CL,2025-10-25,215787,6.08,27,12615,0,0
1251,7927,CL,2025-10-25,215788,13.37,9,14017,0,0
1251,7927,CL,2025-10-25,215789,0.0,9,0,0,0
1251,7927,CL,2025-10-25,215790,0.49,0,2803,0,0
1251,7927,CL,2025-10-25,215791,0.6,0,1402,0,0
1251,7927,CL,2025-10-25,215792,15.49,9,18222,0,0
1251,7927,CL,2025-10-25,215793,2.77,0,5607,0,0
1251,7927,CL,2025-10-25,215794,0.2,0,1402,0,0
1251,7927,CL,2025-10-25,220204,0.0,0,0,0,0
1251,7927,CL,2025-10-25,220205,0.0,0,0,0,0
1251,7927,CL,2025-10-25,220206,0.0,0,0,0,0
1251,7927,CL,2025-10-25,220207,0.0,0,0,0,0
1251,7927,CL,2025-10-25,220208,0.0,0,0,0,0
1251,7927,CL,2025-10-25,222574,10.04,116,16821,0,0
1251,7927,CL,2025-10-25,222575,4.85,18,9812,0,1
1251,7927,CL,2025-10-25,222576,49.67,72,123351,1,6
1251,7518,CR,2025-10-25,197743,0.0,0,0,0,0
1251,7518,CR,2025-10-25,197744,0.0,0,0,2,2
1251,7518,CR,2025-10-25,197745,0.0,0,0,3,0
1251,7518,CR,2025-10-25,199813,0.0,0,0,0,0
1251,7518,CR,2025-10-25,199814,29.85,54,11214,1,1
1251,7518,CR,2025-10-25,199815,36.26,179,12615,0,0
1251,7518,CR,2025-10-25,199816,13.25,107,4205,0,0
1251,7518,CR,2025-10-25,199817,30.08,134,61675,0,0
1251,7518,CR,2025-10-25,199819,0.0,9,0,0,0
1251,7518,CR,2025-10-25,199820,59.71,90,105128,2,7
1251,7518,CR,2025-10-25,199821,1.29,0,1402,0,0
1251,7518,CR,2025-10-25,199822,28.67,0,15419,1,2
1251,7518,CR,2025-10-25,199823,0.0,0,0,0,0
1251,7518,CR,2025-10-25,199880,0.6,9,1402,0,0
1251,7518,CR,2025-10-25,199881,10.26,27,8410,0,0
1251,7518,CR,2025-10-25,199882,14.75,54,11214,0,0
1251,7518,CR,2025-10-25,199883,43.8,36,46256,0,0
1251,7518,CR,2025-10-25,199884,33.94,9,33641,0,0
1251,7518,CR,2025-10-25,199886,1.49,9,2803,0,0
1251,7518,CR,2025-10-25,206121,1.98,18,2803,0,0
1251,7518,CR,2025-10-25,206122,20.69,36,9812,0,0
1251,7518,CR,2025-10-25,206123,15.24,116,8410,1,2
1251,7518,CR,2025-10-25,206124,73.3,45,40650,0,0
1251,7518,CR,2025-10-25,206125,26.06,18,32239,0,0
1251,7518,CR,2025-10-25,206127,0.0,0,0,1,1
1251,7518,CR,2025-10-25,209137,0.0,18,0,0,0
1251,7518,CR,2025-10-25,209138,13.52,9,2803,0,0
1251,7518,CR,2025-10-25,209139,20.04,54,12615,1,2
1251,7518,CR,2025-10-25,209140,66.35,27,32239,0,1
1251,7518,CR,2025-10-25,209141,110.56,54,86906,2,3
1251,7518,CR,2025-10-25,210923,8.57,18,8410,0,0
1251,7518,CR,2025-10-25,210924,32.24,9,21026,0,0
1251,7518,CR,2025-10-25,210925,65.87,260,40650,1,1
1251,7518,CR,2025-10-25,210926,90.64,45,70086,1,2
1251,7518,CR,2025-10-25,210927,47.54,116,61675,2,2
1251,7518,CR,2025-10-25,210929,9.25,18,5607,0,0
1251,7518,CR,2025-10-25,211373,3.08,0,2803,0,0
1251,7518,CR,2025-10-25,211374,5.96,54,5607,1,1
1251,7518,CR,2025-10-25,211375,2.29,27,2803,0,0
1251,7518,CR,2025-10-25,211376,31.91,63,11214,0,0
1251,7518,CR,2025-10-25,211377,41.3,72,35043,1,2
1251,7518,CR,2025-10-25,211378,4.49,18,4205,0,0
1251,7518,CR,2025-10-25,211379,102.38,72,35043,1,0
1251,7518,CR,2025-10-25,211380,6.74,9,2803,0,0
1251,7518,CR,2025-10-25,211381,41.38,18,21026,0,0
1251,7518,CR,2025-10-25,211382,5.32,0,4205,1,1
1251,7518,CR,2025-10-25,211383,0.0,0,0,0,0
1251,7518,CR,2025-10-25,211384,1.34,0,2803,0,0
1251,7518,CR,2025-10-25,212697,2.81,9,1402,0,0
1251,7518,CR,2025-10-25,212698,29.71,18,21026,1,2
1251,7518,CR,2025-10-25,212699,11.07,18,2803,0,0
1251,7518,CR,2025-10-25,212700,96.14,81,50462,4,1
1251,7518,CR,2025-10-25,212701,14.28,63,16821,0,2
1251,7518,CR,2025-10-25,212703,27.04,18,8410,0,0
1251,7518,CR,2025-10-25,215717,12.64,0,7009,0,0
1251,7518,CR,2025-10-25,215718,1.78,0,1402,0,0
1251,7518,CR,2025-10-25,215719,24.49,36,23829,2,1
1251,7518,CR,2025-10-25,215720,41.7,152,25231,2,4
1251,7518,CR,2025-10-25,215721,28.37,45,18222,0,1
1251,7518,CR,2025-10-25,215722,3.7,0,2803,0,0
1251,7518,CR,2025-10-25,215723,6.07,9,2803,0,0
1251,7518,CR,2025-10-25,215724,74.42,81,71487,0,0
1251,7518,CR,2025-10-25,215725,8.27,0,11214,2,4
1251,7518,CR,2025-10-25,215726,22.85,519,8410,0,1
1251,7518,CR,2025-10-25,215727,58.39,54,30838,0,0
1251,7518,CR,2025-10-25,215728,5.98,54,1402,0,0
1251,7518,CR,2025-10-25,215729,0.0,0,0,0,0
1251,7518,CR,2025-10-25,215731,4.9,9,2803,0,0
1251,7518,CR,2025-10-25,215732,0.0,9,0,0,0
1251,7518,CR,2025-10-25,215733,25.94,27,14017,0,0
1251,7518,CR,2025-10-25,215734,12.98,9,12615,0,0
1251,7518,CR,2025-10-25,215735,13.47,9,9812,0,0
1251,7518,CR,2025-10-25,221218,0.0,0,0,0,0
1251,7518,CR,2025-10-25,221219,32.79,0,9812,0,0
1251,7518,CR,2025-10-25,221220,6.01,9,5607,0,0
1251,7518,CR,2025-10-25,221221,14.42,0,11214,0,0
1251,7518,CR,2025-10-25,221222,25.18,9,22427,0,1
1251,7518,CR,2025-10-25,224835,5.54,9,9812,0,0
1251,7518,CR,2025-10-25,224836,25.03,0,18222,0,1
1251,7518,CR,2025-10-25,224837,9.71,9,15419,0,0
1251,7518,CR,2025-10-25,224838,0.26,18,1402,0,0
1251,7520,EC,2025-10-25,169629,15.05,72,9812,0,1
1251,7520,EC,2025-10-25,169630,0.78,9,1402,0,0
1251,7520,EC,2025-10-25,169631,2.01,0,2803,0,0
1251,7520,EC,2025-10-25,169632,0.0,0,0,0,0
1251,7520,EC,2025-10-25,169634,0.32,18,1402,0,0
1251,7520,EC,2025-10-25,169642,1.73,18,2803,0,0
1251,7520,EC,2025-10-25,169643,1.58,0,1402,0,0
1251,7520,EC,2025-10-25,169644,28.55,45,15419,0,0
1251,7520,EC,2025-10-25,169645,0.73,0,1402,0,0
1251,7520,EC,2025-10-25,169647,0.0,0,0,0,0
1251,7520,EC,2025-10-25,169648,0.0,0,0,0,0
1251,7520,EC,2025-10-25,169649,13.53,27,9812,0,0
1251,7520,EC,2025-10-25,169650,0.81,9,1402,0,0
1251,7520,EC,2025-10-25,169651,3.77,9,7009,0,0
1251,7520,EC,2025-10-25,169652,5.83,18,2803,0,3
1251,7520,EC,2025-10-25,169654,0.74,18,1402,0,0
1251,7520,EC,2025-10-25,169655,0.63,0,1402,0,0
1251,7520,EC,2025-10-25,169656,1.84,0,2803,0,0
1251,7520,EC,2025-10-25,169657,2.33,0,1402,0,0
1251,7520,EC,2025-10-25,169658,0.0,0,0,0,0
1251,7520,EC,2025-10-25,169659,9.57,9,14017,0,1
1251,7520,EC,2025-10-25,169660,1.74,0,1402,0,0
1251,7520,EC,2025-10-25,169662,0.0,18,0,0,0
1251,7520,EC,2025-10-25,171430,0.0,0,0,0,0
1251,7520,EC,2025-10-25,171431,0.0,0,0,0,0
1251,7520,EC,2025-10-25,171432,0.26,9,1402,0,0
1251,7520,EC,2025-10-25,171433,1.77,9,2803,0,1
1251,7520,EC,2025-10-25,178393,0.0,0,0,0,0
1251,7520,EC,2025-10-25,178394,1.37,9,1402,0,0
1251,7520,EC,2025-10-25,178395,0.0,0,0,0,0
1251,7520,EC,2025-10-25,178397,0.0,0,0,0,0
1251,7520,EC,2025-10-25,178398,0.0,0,0,0,0
1251,7520,EC,2025-10-25,178399,0.0,0,0,0,0
1251,7520,EC,2025-10-25,178400,0.0,0,0,0,0
1251,7520,EC,2025-10-25,178401,1.13,0,2803,0,0
1251,7520,EC,2025-10-25,178402,0.0,0,0,0,0
1251,7520,EC,2025-10-25,178404,3.8,9,1402,0,1
1251,7520,EC,2025-10-25,178406,0.0,0,0,0,0
1251,7520,EC,2025-10-25,178407,0.0,0,0,0,0
1251,7520,EC,2025-10-25,178409,0.0,0,0,0,0
1251,7520,EC,2025-10-25,185841,0.5,0,1402,0,0
1251,7520,EC,2025-10-25,185842,2.61,9,5607,0,0
1251,7520,EC,2025-10-25,185843,0.57,0,1402,0,0
1251,7520,EC,2025-10-25,185844,5.34,0,4205,0,0
1251,7520,EC,2025-10-25,185847,1.23,0,1402,0,0
1251,7520,EC,2025-10-25,185862,1.26,0,1402,0,0
1251,7520,EC,2025-10-25,185863,1.89,0,1402,0,0
1251,7520,EC,2025-10-25,185864,0.0,0,0,0,0
1251,7520,EC,2025-10-25,185865,0.0,18,0,0,0
1251,7520,EC,2025-10-25,185866,0.0,0,0,0,0
1251,7520,EC,2025-10-25,185883,1.05,9,2803,0,0
1251,7520,EC,2025-10-25,185884,0.0,9,0,0,0
1251,7520,EC,2025-10-25,185885,1.07,0,2803,0,0
1251,7520,EC,2025-10-25,185886,3.59,9,1402,0,0
1251,7520,EC,2025-10-25,185888,0.0,0,0,0,0
1251,7520,EC,2025-10-25,185889,1.32,0,4205,0,0
1251,7520,EC,2025-10-25,185895,3.05,0,2803,0,0
1251,7520,EC,2025-10-25,185897,0.77,0,1402,0,1
1251,7520,EC,2025-10-25,185900,0.0,0,0,0,0
1251,7520,EC,2025-10-25,193178,4.99,0,5607,0,0
1251,7520,EC,2025-10-25,193179,0.0,0,0,0,0
1251,7520,EC,2025-10-25,193181,0.0,18,0,0,0
1251,7520,EC,2025-10-25,198841,0.0,0,0,0,0
1251,7520,EC,2025-10-25,198842,0.0,0,0,0,0
1251,7520,EC,2025-10-25,198844,5.55,0,2803,0,0
1251,7520,EC,2025-10-25,198845,0.0,0,0,0,0
1251,7520,EC,2025-10-25,198847,0.0,0,0,0,0
1251,7520,EC,2025-10-25,199723,2.18,9,7009,0,1
1251,7520,EC,2025-10-25,199724,18.13,18,26633,1,3
1251,7520,EC,2025-10-25,199725,2.46,269,2803,0,0
1251,7520,EC,2025-10-25,199727,3.64,9,12615,0,0
1251,7520,EC,2025-10-25,199729,1.79,0,4205,0,0
1251,7520,EC,2025-10-25,200172,1.57,18,4205,1,2
1251,7520,EC,2025-10-25,200173,9.22,18,22427,0,0
1251,7520,EC,2025-10-25,200174,9.39,27,14017,0,1
1251,7520,EC,2025-10-25,200175,45.04,45,81299,3,6
1251,7520,EC,2025-10-25,200176,6.2,9,18222,1,2
1251,7520,EC,2025-10-25,200178,6.3,0,5607,1,0
1251,7520,EC,2025-10-25,206105,3.99,27,4205,0,0
1251,7520,EC,2025-10-25,206106,6.75,27,15419,0,1
1251,7520,EC,2025-10-25,206107,9.72,98,4205,0,2
1251,7520,EC,2025-10-25,206108,23.12,45,39248,6,6
1251,7520,EC,2025-10-25,206109,10.96,0,14017,1,2
1251,7520,EC,2025-10-25,206111,0.56,0,1402,1,0
1251,7520,EC,2025-10-25,206947,2.37,36,4205,0,1
1251,7520,EC,2025-10-25,206948,10.8,9,7009,0,0
1251,7520,EC,2025-10-25,215741,0.0,0,0,0,0
1251,7520,EC,2025-10-25,215744,2.3,9,1402,0,0
1251,7520,EC,2025-10-25,215745,0.0,9,0,0,0
1251,7520,EC,2025-10-25,215747,0.0,18,0,0,0
1251,7520,EC,2025-10-25,215748,0.0,18,0,0,0
1251,7520,EC,2025-10-25,215750,0.0,0,0,0,0
1251,7520,EC,2025-10-25,215751,0.0,0,0,0,0
1251,7520,EC,2025-10-25,215752,2.9,18,4205,0,0
1251,7520,EC,2025-10-25,215755,0.0,18,0,0,0
1251,7520,EC,2025-10-25,215757,0.0,0,0,0,0
1251,7520,EC,2025-10-25,215758,4.24,0,1402,0,0
1251,7520,EC,2025-10-25,215760,0.0,0,0,0,0
1251,7520,EC,2025-10-25,215762,3.43,27,5607,0,0
1251,7520,EC,2025-10-25,215763,6.02,9,2803,0,0
1251,7520,EC,2025-10-25,215764,0.0,0,0,0,0
1251,7520,EC,2025-10-25,215765,0.0,0,0,0,0
1251,7520,EC,2025-10-25,215767,0.0,0,0,0,0
1251,7520,EC,2025-10-25,215768,0.0,45,0,0,0
1251,7520,EC,2025-10-25,215769,0.0,0,0,0,0
1251,7520,EC,2025-10-25,215770,0.38,9,1402,0,1
1251,7520,EC,2025-10-25,215772,4.16,0,2803,0,0
1251,7520,EC,2025-10-25,215773,0.0,0,0,0,0
1251,7520,EC,2025-10-25,215774,0.76,9,2803,0,0
1251,7520,EC,2025-10-25,215775,0.0,9,0,0,0
1251,7520,EC,2025-10-25,215776,0.49,0,1402,0,0
1251,7520,EC,2025-10-25,215777,1.56,0,1402,0,1
1251,7520,EC,2025-10-25,215778,2.96,0,2803,0,0
1251,7520,EC,2025-10-25,215779,0.0,0,0,0,0
1251,7520,EC,2025-10-25,222498,35.05,63,57470,4,7
1251,7520,EC,2025-10-25,222499,43.38,45,81299,6,7
1251,7520,EC,2025-10-25,222500,1.43,251,4205,1,2
1252,7521,EC,2025-10-25,169776,0.0,9,0,0,0
1252,7521,EC,2025-10-25,169777,4.4,9,9812,2,0
1252,7521,EC,2025-10-25,169778,1.14,0,2803,1,0
1252,7521,EC,2025-10-25,169779,14.38,9,11214,1,1
1252,7521,EC,2025-10-25,169780,15.16,0,4205,1,1
1252,7521,EC,2025-10-25,169782,3.69,27,5607,0,0
1252,7521,EC,2025-10-25,180357,0.0,0,0,0,0
1252,7521,EC,2025-10-25,180358,0.0,0,0,0,0
1252,7521,EC,2025-10-25,180359,0.0,9,0,0,0
1252,7521,EC,2025-10-25,180360,14.42,9,8410,1,3
1252,7521,EC,2025-10-25,180361,0.0,9,0,1,1
1252,7521,EC,2025-10-25,180363,9.05,0,2803,0,0
1252,7521,EC,2025-10-25,198765,0.0,9,0,0,0
1252,7521,EC,2025-10-25,198766,13.89,9,7009,0,0
1252,7521,EC,2025-10-25,198767,0.0,0,0,0,0
1252,7521,EC,2025-10-25,198768,45.6,27,19624,1,6
1252,7521,EC,2025-10-25,198769,0.31,0,1402,1,0
1252,7521,EC,2025-10-25,198772,0.0,0,0,0,0
1252,7521,EC,2025-10-25,198773,6.62,18,5607,0,0
1252,7521,EC,2025-10-25,198774,6.91,18,5607,0,1
1252,7521,EC,2025-10-25,198775,0.24,0,1402,1,0
1252,7521,EC,2025-10-25,198776,0.0,0,0,0,0
1252,7521,EC,2025-10-25,198778,12.29,18,5607,0,0
1252,7521,EC,2025-10-25,198780,3.76,36,7009,0,0
1252,7521,EC,2025-10-25,198781,0.0,36,0,0,1
1252,7521,EC,2025-10-25,198782,32.54,0,21026,2,0
1252,7521,EC,2025-10-25,198783,0.15,0,1402,0,0
1252,7521,EC,2025-10-25,198799,0.0,0,0,0,0
1252,7521,EC,2025-10-25,198800,41.35,9,15419,0,1
1252,7521,EC,2025-10-25,198801,1.3,0,5607,0,1
1252,7521,EC,2025-10-25,198802,36.67,45,44855,0,2
1252,7521,EC,2025-10-25,198803,0.0,0,0,0,0
1252,7521,EC,2025-10-25,198805,6.82,54,5607,0,0
1252,7521,EC,2025-10-25,211159,6.99,18,7009,1,1
1252,7521,EC,2025-10-25,211160,0.0,9,0,0,0
1252,7521,EC,2025-10-25,211161,13.11,36,15419,3,2
1252,7521,EC,2025-10-25,211162,1.67,18,2803,0,0
1252,7521,EC,2025-10-25,211164,7.21,9,4205,0,0
1252,7521,EC,2025-10-25,215274,0.17,0,1402,0,0
1252,7521,EC,2025-10-25,215275,0.49,0,1402,0,0
1252,7521,EC,2025-10-25,215276,17.8,45,14017,2,0
1252,7521,EC,2025-10-25,215277,29.8,36,28034,0,2
1252,7521,EC,2025-10-25,215278,0.0,0,0,0,0
1252,7521,EC,2025-10-25,215280,31.23,45,12615,0,0
1252,7521,EC,2025-10-25,221211,0.0,0,0,0,0
1252,7521,EC,2025-10-25,221212,9.36,0,4205,2,1
1252,7521,EC,2025-10-25,221213,16.33,90,12615,1,1
1252,7521,EC,2025-10-25,221214,26.33,9,18222,2,0
1252,7521,EC,2025-10-25,221215,1.47,0,2803,0,2
1252,7521,EC,2025-10-25,221217,1.3,0,1402,0,0
1252,7522,EC,2025-10-25,169698,0.0,0,0,0,0
1252,7522,EC,2025-10-25,169699,0.0,0,0,0,0
1252,7522,EC,2025-10-25,169700,0.0,0,0,1,1
1252,7522,EC,2025-10-25,169701,1.63,0,1402,1,1
1252,7522,EC,2025-10-25,169702,0.0,0,0,0,0
1252,7522,EC,2025-10-25,169704,1.0,0,2803,0,0
1252,7522,EC,2025-10-25,169719,0.0,0,0,0,0
1252,7522,EC,2025-10-25,169720,0.39,0,1402,0,0
1252,7522,EC,2025-10-25,169721,0.0,9,0,0,0
1252,7522,EC,2025-10-25,169722,4.08,0,7009,1,1
1252,7522,EC,2025-10-25,169723,1.81,0,1402,0,0
1252,7522,EC,2025-10-25,169725,7.75,0,5607,0,0
1252,7522,EC,2025-10-25,180343,0.0,0,0,0,0
1252,7522,EC,2025-10-25,180344,0.0,0,0,0,1
1252,7522,EC,2025-10-25,180345,1.43,9,2803,0,0
1252,7522,EC,2025-10-25,180346,2.75,0,2803,0,0
1252,7522,EC,2025-10-25,180347,0.58,9,1402,0,1
1252,7522,EC,2025-10-25,180349,0.0,0,0,0,1
1252,7522,EC,2025-10-25,192876,0.0,0,0,0,0
1252,7522,EC,2025-10-25,192877,0.0,9,0,1,1
1252,7522,EC,2025-10-25,192878,0.44,0,1402,0,2
1252,7522,EC,2025-10-25,192879,3.3,9,7009,1,1
1252,7522,EC,2025-10-25,192880,0.0,0,0,0,0
1252,7522,EC,2025-10-25,192882,0.42,0,1402,0,0
1252,7522,EC,2025-10-25,192883,0.0,0,0,0,0
1252,7522,EC,2025-10-25,192884,0.0,0,0,0,0
1252,7522,EC,2025-10-25,192885,0.0,0,0,0,1
1252,7522,EC,2025-10-25,192886,0.0,0,0,0,1
1252,7522,EC,2025-10-25,192887,0.0,0,0,0,0
1252,7522,EC,2025-10-25,192890,0.0,0,0,0,0
1252,7522,EC,2025-10-25,192891,0.55,0,1402,0,0
1252,7522,EC,2025-10-25,192892,0.0,0,0,0,0
1252,7522,EC,2025-10-25,192893,0.0,0,0,1,0
1252,7522,EC,2025-10-25,192894,0.96,0,1402,0,0
1252,7522,EC,2025-10-25,192896,0.98,9,1402,0,0
1252,7522,EC,2025-10-25,192904,0.0,0,0,0,0
1252,7522,EC,2025-10-25,192905,1.71,0,2803,0,0
1252,7522,EC,2025-10-25,192906,0.37,0,1402,0,0
1252,7522,EC,2025-10-25,192907,3.98,9,4205,0,1
1252,7522,EC,2025-10-25,192908,0.9,9,1402,0,0
1252,7522,EC,2025-10-25,192910,2.13,45,1402,0,0
1252,7522,EC,2025-10-25,198737,0.0,0,0,0,0
1252,7522,EC,2025-10-25,198738,0.0,0,0,0,0
1252,7522,EC,2025-10-25,198739,0.0,0,0,0,0
1252,7522,EC,2025-10-25,198740,3.05,0,8410,1,3
1252,7522,EC,2025-10-25,198741,0.0,0,0,0,0
1252,7522,EC,2025-10-25,198743,2.48,36,2803,1,0
1252,7522,EC,2025-10-25,198744,0.0,0,0,0,0
1252,7522,EC,2025-10-25,198745,0.0,0,0,0,0
1252,7522,EC,2025-10-25,198746,0.0,9,0,0,0
1252,7522,EC,2025-10-25,198747,4.76,9,2803,0,2
1252,7522,EC,2025-10-25,198748,0.26,0,1402,0,0
1252,7522,EC,2025-10-25,207466,3.49,27,2803,0,1
1252,7522,EC,2025-10-25,207467,20.01,27,16821,1,7
1252,7522,EC,2025-10-25,207470,18.44,0,7009,2,1
1252,7522,EC,2025-10-25,207471,31.18,9,9812,2,4
1252,7522,EC,2025-10-25,213498,0.0,9,0,0,0
1252,7522,EC,2025-10-25,213499,0.61,18,2803,0,0
1252,7522,EC,2025-10-25,213500,0.0,0,0,0,0
1252,7522,EC,2025-10-25,213501,1.76,9,1402,1,1
1252,7522,EC,2025-10-25,213503,3.16,9,9812,0,1
1252,7522,EC,2025-10-25,213504,1.56,0,2803,0,0
1252,7522,EC,2025-10-25,213505,4.61,0,9812,2,4
1252,7522,EC,2025-10-25,213506,0.0,0,0,0,0
1252,7522,EC,2025-10-25,214304,0.0,0,0,0,0
1252,7522,EC,2025-10-25,214305,0.0,0,0,0,0
1252,7522,EC,2025-10-25,214306,0.0,0,0,0,0
1252,7522,EC,2025-10-25,214307,1.31,0,2803,0,0
1252,7522,EC,2025-10-25,214308,0.0,0,0,0,2
1252,7522,EC,2025-10-25,214310,1.9,9,1402,0,2
1252,7522,EC,2025-10-25,218184,0.0,0,0,0,0
1252,7522,EC,2025-10-25,218185,0.0,0,0,0,0
1252,7522,EC,2025-10-25,218186,0.0,0,0,0,0
1252,7522,EC,2025-10-25,218187,2.79,0,7009,0,0
1252,7522,EC,2025-10-25,218188,1.59,0,1402,1,1
1252,7522,EC,2025-10-25,220194,0.0,0,0,0,0
1252,7522,EC,2025-10-25,221187,0.0,0,0,0,0
1252,7522,EC,2025-10-25,221188,1.01,18,1402,0,0
1252,7522,EC,2025-10-25,221189,0.0,9,0,0,0
1252,7522,EC,2025-10-25,221190,0.37,9,1402,0,2
1252,7522,EC,2025-10-25,221191,0.0,0,0,0,1
1252,7522,EC,2025-10-25,221193,1.62,0,1402,0,0
1252,7522,EC,2025-10-25,221194,0.0,0,0,0,0
1252,7522,EC,2025-10-25,221195,0.2,0,1402,0,0
1252,7522,EC,2025-10-25,221196,4.42,9,7009,0,5
1252,7522,EC,2025-10-25,221197,0.0,0,0,0,0
1252,7522,EC,2025-10-25,221198,0.0,0,0,0,0
1252,7522,EC,2025-10-25,221199,3.31,18,4205,0,0
1252,7522,EC,2025-10-25,221200,0.0,0,0,0,3
1252,7522,EC,2025-10-25,221201,0.0,0,0,0,0
1252,7522,EC,2025-10-25,221202,0.0,0,0,0,1
1252,7522,EC,2025-10-25,221207,0.0,0,0,0,1
1252,7522,EC,2025-10-25,221209,0.0,0,0,0,0
1252,7522,EC,2025-10-25,221210,0.0,0,0,0,0
1252,7522,EC,2025-10-25,223267,0.0,0,0,0,0
1252,7522,EC,2025-10-25,223268,0.0,0,0,0,0
1252,7522,EC,2025-10-25,223269,0.0,0,0,0,0
1252,7522,EC,2025-10-25,223270,0.0,0,0,0,0
1252,7522,EC,2025-10-25,223271,0.0,0,0,0,0
1252,7522,EC,2025-10-25,223272,0.0,0,0,0,0
1252,7522,EC,2025-10-25,223273,0.0,0,0,0,1
1252,7522,EC,2025-10-25,223274,0.0,0,0,1,0
1252,7522,EC,2025-10-25,223275,0.0,0,0,0,0
1252,7522,EC,2025-10-25,223276,0.0,0,0,0,0
1252,7522,EC,2025-10-25,224104,0.0,0,0,0,0
1252,7522,EC,2025-10-25,224105,0.0,0,0,1,0
1252,7522,EC,2025-10-25,224106,0.0,0,0,0,0
1252,7522,EC,2025-10-25,224107,0.0,0,0,0,1
1252,7522,EC,2025-10-25,224108,0.0,0,0,0,0
1252,7522,EC,2025-10-25,224109,0.0,0,0,0,0
1252,7522,EC,2025-10-25,224110,0.0,0,0,0,0
1252,7522,EC,2025-10-25,224111,0.0,0,0,0,0
1252,7522,EC,2025-10-25,224112,0.0,0,0,0,0
1252,7522,EC,2025-10-25,224113,0.0,0,0,0,0
1252,7522,EC,2025-10-25,224114,0.0,0,0,0,0
1252,7522,EC,2025-10-25,224116,0.0,0,0,0,0
1252,7522,EC,2025-10-25,224117,1.73,0,1402,1,0
1252,7522,EC,2025-10-25,224118,2.27,0,4205,1,0
1252,7522,EC,2025-10-25,224119,0.0,9,0,0,1
1252,7522,EC,2025-10-25,224120,0.0,0,0,0,0
1252,7522,EC,2025-10-25,224123,0.0,0,0,0,0
1252,7522,EC,2025-10-25,224125,0.0,0,0,0,0
1252,7522,EC,2025-10-25,224126,0.0,0,0,0,0
1252,7522,EC,2025-10-25,224128,0.0,0,0,0,0
1252,7522,EC,2025-10-25,224129,2.29,9,2803,0,0
1252,7522,EC,2025-10-25,224130,0.0,0,0,0,0
1252,7522,EC,2025-10-25,224131,0.45,0,1402,0,3
1252,7522,EC,2025-10-25,224132,0.0,0,0,1,2
1252,7522,EC,2025-10-25,224134,0.0,0,0,0,0
1252,7522,EC,2025-10-25,224135,0.0,0,0,0,1
1252,7522,EC,2025-10-25,224136,0.0,27,0,0,0
1252,7522,EC,2025-10-25,224137,8.28,0,8410,0,2
1252,7522,EC,2025-10-25,224138,0.0,0,0,1,1
1252,7522,EC,2025-10-25,224139,0.0,0,0,0,0
1252,7522,EC,2025-10-25,224140,0.0,0,0,0,0
1252,7522,EC,2025-10-25,224141,13.96,9,21026,0,1
1252,7522,EC,2025-10-25,224142,0.0,0,0,0,0
1252,7522,EC,2025-10-25,224143,0.0,0,0,0,0
1252,7522,EC,2025-10-25,224144,1.25,0,1402,0,0
1252,7522,EC,2025-10-25,224145,3.26,9,8410,1,2
1252,7522,EC,2025-10-25,224146,1.29,0,1402,1,2
1252,7522,EC,2025-10-25,224151,0.0,0,0,0,0
1252,7522,EC,2025-10-25,224153,0.0,0,0,0,0
1252,7522,EC,2025-10-25,226295,0.0,9,0,0,0
1252,7522,EC,2025-10-25,226296,2.54,9,5607,0,0
1252,7522,EC,2025-10-25,226297,1.21,9,5607,0,1
1252,7522,EC,2025-10-25,226298,3.23,27,1402,0,0
1252,7522,EC,2025-10-25,226299,5.36,0,2803,0,0
1252,7522,EC,2025-10-25,226300,0.0,0,0,0,0
1252,7522,EC,2025-10-25,226303,0.0,9,0,0,0
1252,7522,EC,2025-10-25,226304,6.74,18,2803,0,0
1252,7522,EC,2025-10-25,226305,4.48,0,2803,0,0
1252,7522,EC,2025-10-25,226306,0.27,0,1402,0,0
1252,7522,EC,2025-10-25,226308,0.0,0,0,0,0
1251,9092,GT,2025-10-25,222434,1.06,0,2803,0,0
1251,9092,GT,2025-10-25,222435,2.2,0,4205,0,0
1251,9092,GT,2025-10-25,222436,0.0,0,0,0,0
1251,9092,GT,2025-10-25,222437,8.76,18,9812,0,0
1251,9092,GT,2025-10-25,222438,0.38,9,1402,0,0
1251,9092,GT,2025-10-25,222439,2.24,0,4205,0,0
1251,9092,GT,2025-10-25,222440,1.9,0,4205,0,0
1251,9092,GT,2025-10-25,222441,0.0,0,0,0,0
1251,9092,GT,2025-10-25,222442,4.04,0,1402,0,0
1251,9092,GT,2025-10-25,222443,0.34,18,2803,0,0
1251,9092,GT,2025-10-25,222444,0.41,0,1402,0,0
1251,9092,GT,2025-10-25,222445,1.18,0,2803,0,0
1251,9092,GT,2025-10-25,222446,1.09,0,1402,0,0
1251,9092,GT,2025-10-25,222447,0.59,0,1402,0,0
1251,9092,GT,2025-10-25,222448,7.41,0,9812,1,1
1251,9092,GT,2025-10-25,222449,0.0,0,0,0,0
1251,9092,GT,2025-10-25,222450,0.0,9,0,1,0
1251,9092,GT,2025-10-25,222451,1.08,0,2803,0,0
1251,9092,GT,2025-10-25,222452,0.62,0,1402,0,0
1251,9092,GT,2025-10-25,222453,7.25,9,9812,2,1
1251,9092,GT,2025-10-25,222454,12.45,27,18222,0,1
1251,9092,GT,2025-10-25,222455,21.61,45,25231,0,0
1251,9092,GT,2025-10-25,222456,0.85,0,1402,0,0
1251,9092,GT,2025-10-25,222457,0.93,18,1402,0,0
1251,9092,GT,2025-10-25,222458,10.61,9,19624,0,0
1251,9092,GT,2025-10-25,222459,1.35,9,2803,0,1
1251,9092,GT,2025-10-25,222460,3.12,0,4205,0,0
1251,9092,GT,2025-10-25,222461,0.37,0,1402,0,0
1251,9092,GT,2025-10-25,222462,1.72,0,1402,0,0
1251,9092,GT,2025-10-25,222463,9.0,0,11214,1,1
1251,9092,GT,2025-10-25,222464,3.47,0,9812,0,0
1251,9092,GT,2025-10-25,222465,10.65,9,1402,0,0
1251,9092,GT,2025-10-25,222466,0.87,0,1402,0,0
1251,9092,GT,2025-10-25,222467,22.28,9,7009,0,0
1251,9092,GT,2025-10-25,222468,12.9,27,23829,0,0
1251,9092,GT,2025-10-25,222470,1.64,45,2803,0,0
1251,9092,GT,2025-10-25,222472,28.6,18,16821,1,1
1251,9092,GT,2025-10-25,224840,0.0,9,0,0,0
1251,9092,GT,2025-10-25,224841,0.2,0,1402,0,0
1251,9092,GT,2025-10-25,224842,0.0,0,0,0,0
1251,9092,GT,2025-10-25,224843,1.09,0,1402,0,0
1251,9092,GT,2025-10-25,224844,0.44,9,1402,0,0
1251,9092,GT,2025-10-25,224845,0.0,0,0,0,0
1251,9092,GT,2025-10-25,224846,0.0,18,0,0,0
3151,8407,GT,2025-10-25,210778,0.17,0,1402,0,0
3151,8407,GT,2025-10-25,210779,0.0,0,0,0,0
3151,8407,GT,2025-10-25,210780,0.0,0,0,1,0
3151,8407,GT,2025-10-25,210781,1.73,0,2803,0,1
3151,8407,GT,2025-10-25,210782,0.0,9,0,0,0
3151,8407,GT,2025-10-25,210784,0.0,0,0,0,0
3151,8407,GT,2025-10-25,210792,0.0,0,0,0,0
3151,8407,GT,2025-10-25,210793,0.0,9,0,0,1
3151,8407,GT,2025-10-25,210794,1.21,0,2803,0,0
3151,8407,GT,2025-10-25,210795,19.4,0,15419,0,1
3151,8407,GT,2025-10-25,210796,0.0,0,0,0,0
3151,8407,GT,2025-10-25,210798,0.0,0,0,0,0
3151,8407,GT,2025-10-25,210805,0.49,0,1402,0,0
3151,8407,GT,2025-10-25,210806,1.51,9,1402,0,0
3151,8407,GT,2025-10-25,210807,0.0,0,0,0,0
3151,8407,GT,2025-10-25,210808,5.61,0,4205,1,1
3151,8407,GT,2025-10-25,210809,1.41,0,1402,0,0
3151,8407,GT,2025-10-25,210811,0.73,18,2803,0,2
3151,8407,GT,2025-10-25,215815,0.0,0,0,0,0
3151,8407,GT,2025-10-25,215817,0.0,0,0,0,0
3151,8407,GT,2025-10-25,215819,0.0,9,0,0,0
3151,8407,GT,2025-10-25,215820,9.06,0,7009,0,0
3151,8407,GT,2025-10-25,215823,0.0,0,0,0,0
3151,8407,GT,2025-10-25,218623,0.0,0,0,0,0
3151,8407,GT,2025-10-25,218624,0.0,0,0,0,0
3151,8407,GT,2025-10-25,218625,0.85,0,1402,0,0
3151,8407,GT,2025-10-25,218626,4.91,18,12615,0,2
3151,8407,GT,2025-10-25,218627,2.42,0,2803,0,0
3151,8407,GT,2025-10-25,218628,0.0,0,0,0,0
3151,8407,GT,2025-10-25,218629,0.93,0,1402,0,0
3151,8407,GT,2025-10-25,219238,0.24,0,1402,0,0
3151,8407,GT,2025-10-25,219239,0.0,0,0,0,0
3151,8407,GT,2025-10-25,219240,9.7,0,7009,2,3
3151,8407,GT,2025-10-25,219241,0.0,0,0,0,0
3151,8407,GT,2025-10-25,219243,0.0,0,0,0,0
3151,8407,GT,2025-10-25,221223,0.0,0,0,0,0
3151,8407,GT,2025-10-25,221224,7.73,9,8410,0,0
3151,8407,GT,2025-10-25,221225,0.61,0,1402,0,0
3151,8407,GT,2025-10-25,221226,1.13,18,2803,1,0
3151,8407,GT,2025-10-25,221227,0.0,0,0,1,1
3151,8407,GT,2025-10-25,221229,1.57,0,2803,0,0
3151,8407,GT,2025-10-25,221230,0.0,0,0,0,0
3151,8407,GT,2025-10-25,221231,0.0,9,0,0,0
3151,8407,GT,2025-10-25,221232,0.0,9,0,0,0
3151,8407,GT,2025-10-25,221233,2.27,18,2803,1,2
3151,8407,GT,2025-10-25,221234,0.0,0,0,0,0
3151,8407,GT,2025-10-25,221236,0.7,0,1402,0,0
3151,8407,GT,2025-10-25,221237,0.0,0,0,0,0
3151,8407,GT,2025-10-25,221238,0.3,0,1402,0,0
3151,8407,GT,2025-10-25,221239,0.64,0,1402,0,0
3151,8407,GT,2025-10-25,221240,0.46,0,1402,0,0
3151,8407,GT,2025-10-25,221241,0.92,0,2803,0,0
3151,8407,GT,2025-10-25,221822,0.0,0,0,0,1
3151,8407,GT,2025-10-25,223278,0.0,0,0,0,0
3151,8407,GT,2025-10-25,223279,4.61,0,7009,0,1
3151,8407,GT,2025-10-25,223280,0.0,0,0,0,0
3151,8407,GT,2025-10-25,223281,2.03,0,1402,1,0
3151,8407,GT,2025-10-25,223282,0.0,0,0,0,0
3151,8407,GT,2025-10-25,223284,0.0,0,0,0,1
3151,8407,GT,2025-10-25,223771,0.0,0,0,0,0
3151,8407,GT,2025-10-25,223772,1.07,9,1402,0,0
3151,8407,GT,2025-10-25,223773,1.33,0,2803,0,0
3151,8407,GT,2025-10-25,224155,0.0,0,0,0,0
3151,8407,GT,2025-10-25,224156,0.0,0,0,0,0
3151,8407,GT,2025-10-25,224157,0.0,0,0,0,0
3151,8407,GT,2025-10-25,224158,0.0,0,0,0,0
3151,8407,GT,2025-10-25,224160,0.0,0,0,0,0
3151,8407,GT,2025-10-25,224847,0.0,9,0,0,0
3151,8407,GT,2025-10-25,224848,0.0,0,0,0,1
3151,8407,GT,2025-10-25,224849,0.0,0,0,0,0
3151,8407,GT,2025-10-25,224850,0.0,0,0,0,0
3151,8407,GT,2025-10-25,224851,0.0,0,0,0,0
3151,8407,GT,2025-10-25,224853,0.0,0,0,0,0
1251,9126,HN,2025-10-25,223902,0.0,0,0,0,0
1251,9126,HN,2025-10-25,223903,2.36,9,7009,0,0
1251,9126,HN,2025-10-25,223904,0.66,27,4205,0,0
1251,9126,HN,2025-10-25,223905,6.2,27,15419,0,1
1251,9126,HN,2025-10-25,223906,9.23,125,26633,1,1
1251,9126,HN,2025-10-25,223907,0.58,9,1402,0,0
1251,9126,HN,2025-10-25,223908,2.0,27,7009,0,0
1251,9126,HN,2025-10-25,223909,6.04,0,25231,0,0
1251,9126,HN,2025-10-25,223910,9.13,116,28034,0,0
1251,9126,HN,2025-10-25,223911,5.29,36,7009,0,2
1251,9126,HN,2025-10-25,223912,2.25,0,4205,0,0
1251,9126,HN,2025-10-25,223913,4.63,36,7009,1,1
1251,9126,HN,2025-10-25,223914,0.32,0,2803,0,0
1251,9126,HN,2025-10-25,223915,9.88,18,21026,0,0
1251,9126,HN,2025-10-25,223916,0.68,0,1402,0,0
1251,9126,HN,2025-10-25,223917,1.98,0,2803,0,0
1251,9126,HN,2025-10-25,223918,7.14,18,11214,0,0
1251,9126,HN,2025-10-25,223919,1.97,27,2803,0,1
1251,9126,HN,2025-10-25,223920,3.66,27,9812,0,0
1251,9126,HN,2025-10-25,223921,4.26,63,9812,0,0
1251,9126,HN,2025-10-25,223922,2.68,9,4205,0,0
1251,9126,HN,2025-10-25,223923,0.6,0,2803,0,0
1251,9126,HN,2025-10-25,223924,0.7,0,2803,0,0
1251,9126,HN,2025-10-25,223925,7.1,27,14017,0,0
1251,9126,HN,2025-10-25,223926,5.07,90,11214,0,0
1251,9126,HN,2025-10-25,223927,0.45,0,1402,0,0
1251,9126,HN,2025-10-25,223928,2.19,18,7009,0,0
1251,9126,HN,2025-10-25,223929,1.29,9,4205,0,0
1251,9126,HN,2025-10-25,223930,5.96,18,5607,0,0
1251,9126,HN,2025-10-25,223931,0.25,0,1402,0,0
1251,9126,HN,2025-10-25,223932,0.64,0,1402,0,0
1251,9126,HN,2025-10-25,223933,1.98,18,7009,0,0
1251,9126,HN,2025-10-25,223934,2.68,18,2803,0,0
1251,9126,HN,2025-10-25,223935,12.89,98,15419,0,1
1251,9126,HN,2025-10-25,223936,2.75,18,7009,0,0
1847,7523,HN,2025-10-25,207904,0.0,0,0,0,0
1847,7523,HN,2025-10-25,207905,0.0,0,0,0,0
1847,7523,HN,2025-10-25,207906,0.0,0,0,0,0
1847,7523,HN,2025-10-25,207907,2.0,9,7009,0,0
1847,7523,HN,2025-10-25,207908,0.45,0,1402,0,1
1847,7523,HN,2025-10-25,207910,0.0,0,0,0,0
1847,7523,HN,2025-10-25,211405,0.0,0,0,0,0
1847,7523,HN,2025-10-25,211406,0.0,9,0,0,0
1847,7523,HN,2025-10-25,211408,4.48,0,7009,0,0
1847,7523,HN,2025-10-25,211409,0.59,0,1402,0,0
1847,7523,HN,2025-10-25,211411,0.6,18,1402,0,0
1847,7523,HN,2025-10-25,211412,0.0,0,0,0,0
1847,7523,HN,2025-10-25,211413,1.22,0,2803,1,2
1847,7523,HN,2025-10-25,211414,0.96,0,1402,0,0
1847,7523,HN,2025-10-25,211415,7.84,9,15419,0,0
1847,7523,HN,2025-10-25,211416,1.59,9,4205,1,0
1847,7523,HN,2025-10-25,211418,0.0,0,0,1,1
1847,7523,HN,2025-10-25,219999,0.0,0,0,0,0
1847,7523,HN,2025-10-25,220000,0.0,9,0,0,0
1847,7523,HN,2025-10-25,220001,0.0,9,0,0,0
1847,7523,HN,2025-10-25,220002,6.4,36,12615,1,5
1847,7523,HN,2025-10-25,220003,0.46,0,1402,0,0
1847,7523,HN,2025-10-25,220005,1.47,18,2803,0,0
1847,7523,HN,2025-10-25,223395,0.0,0,0,0,0
1847,7523,HN,2025-10-25,223396,0.0,9,0,0,0
1847,7523,HN,2025-10-25,223397,0.0,0,0,0,0
1251,7519,PE,2025-10-25,179932,1.14,0,2803,0,0
1251,7519,PE,2025-10-25,179933,2.2,0,7009,1,2
1251,7519,PE,2025-10-25,179934,4.27,9,7009,0,0
1251,7519,PE,2025-10-25,179935,21.95,0,51863,0,3
1251,7519,PE,2025-10-25,179936,14.32,9,25231,0,0
1251,7519,PE,2025-10-25,179937,0.22,0,1402,0,0
1251,7519,PE,2025-10-25,179938,4.22,0,4205,0,0
1251,7519,PE,2025-10-25,179955,0.34,0,1402,0,0
1251,7519,PE,2025-10-25,179956,0.41,0,1402,0,1
1251,7519,PE,2025-10-25,179957,0.0,0,0,0,0
1251,7519,PE,2025-10-25,179958,1.97,9,1402,0,1
1251,7519,PE,2025-10-25,179959,0.22,9,1402,0,0
1251,7519,PE,2025-10-25,180031,0.0,0,0,0,0
1251,7519,PE,2025-10-25,180032,0.0,0,0,0,0
1251,7519,PE,2025-10-25,180033,0.0,0,0,0,0
1251,7519,PE,2025-10-25,180034,0.0,0,0,0,1
1251,7519,PE,2025-10-25,180035,0.0,0,0,0,0
1251,7519,PE,2025-10-25,180037,0.0,0,0,0,0
1251,7519,PE,2025-10-25,180045,0.0,0,0,0,0
1251,7519,PE,2025-10-25,180046,0.0,0,0,0,0
1251,7519,PE,2025-10-25,180047,0.0,0,0,0,0
1251,7519,PE,2025-10-25,180048,0.0,0,0,0,0
1251,7519,PE,2025-10-25,180049,0.0,0,0,0,0
1251,7519,PE,2025-10-25,180050,0.0,0,0,0,0
1251,7519,PE,2025-10-25,180052,0.0,0,0,0,0
1251,7519,PE,2025-10-25,185056,0.0,0,0,0,0
1251,7519,PE,2025-10-25,185057,2.52,0,4205,0,0
1251,7519,PE,2025-10-25,185058,8.04,9,14017,0,1
1251,7519,PE,2025-10-25,185059,3.23,0,5607,2,3
1251,7519,PE,2025-10-25,185060,2.55,9,9812,0,1
1251,7519,PE,2025-10-25,198818,0.0,9,0,0,0
1251,7519,PE,2025-10-25,198819,1.75,0,5607,0,1
1251,7519,PE,2025-10-25,198820,1.33,9,2803,0,1
1251,7519,PE,2025-10-25,198821,12.13,63,30838,1,4
1251,7519,PE,2025-10-25,198822,6.92,18,16821,0,0
1251,7519,PE,2025-10-25,199628,1.81,0,8410,1,2
1251,7519,PE,2025-10-25,199629,12.26,18,29436,0,0
1251,7519,PE,2025-10-25,199630,0.0,0,0,0,0
1251,7519,PE,2025-10-25,199631,0.63,9,2803,0,0
1251,7519,PE,2025-10-25,199632,7.1,9,14017,0,1
1251,7519,PE,2025-10-25,199709,0.0,0,0,0,0
1251,7519,PE,2025-10-25,199710,0.0,0,0,0,0
1251,7519,PE,2025-10-25,199711,0.0,0,0,0,0
1251,7519,PE,2025-10-25,199712,0.0,0,0,0,0
1251,7519,PE,2025-10-25,207496,0.0,0,0,0,0
1251,7519,PE,2025-10-25,211297,4.05,0,8410,0,0
1251,7519,PE,2025-10-25,211298,2.59,0,8410,0,0
1251,7519,PE,2025-10-25,211299,0.57,0,1402,0,1
1251,7519,PE,2025-10-25,211300,2.12,0,7009,0,2
1251,7519,PE,2025-10-25,211301,0.0,0,0,0,0
1251,7519,PE,2025-10-25,211302,1.29,0,4205,0,0
1251,7519,PE,2025-10-25,211303,0.0,0,0,0,0
1251,7519,PE,2025-10-25,211304,3.42,0,12615,0,0
1251,7519,PE,2025-10-25,211305,2.87,0,2803,0,1
1251,7519,PE,2025-10-25,211306,1.31,0,2803,0,0
1251,7519,PE,2025-10-25,211307,9.2,9,32239,1,8
1251,7519,PE,2025-10-25,211308,0.18,0,1402,0,0
1251,7519,PE,2025-10-25,211309,0.33,0,1402,0,1
1251,7519,PE,2025-10-25,211317,1.29,0,4205,0,0
1251,7519,PE,2025-10-25,211318,1.86,0,4205,0,0
1251,7519,PE,2025-10-25,211319,0.0,9,0,0,0
1251,7519,PE,2025-10-25,211320,3.3,0,4205,0,0
1251,7519,PE,2025-10-25,211321,12.15,9,37846,0,2
1251,7519,PE,2025-10-25,211323,0.45,9,1402,1,2
1251,7519,PE,2025-10-25,215304,0.0,0,0,0,0
1251,7519,PE,2025-10-25,215305,0.0,0,0,0,0
1251,7519,PE,2025-10-25,215306,0.0,0,0,0,0
1251,7519,PE,2025-10-25,215709,1.21,0,2803,0,0
1251,7519,PE,2025-10-25,215710,1.69,9,5607,1,0
1251,7519,PE,2025-10-25,215711,1.11,0,2803,0,1
1251,7519,PE,2025-10-25,215712,3.07,18,2803,0,1
1251,7519,PE,2025-10-25,215713,2.52,0,7009,0,3
1251,7519,PE,2025-10-25,215715,0.81,9,2803,0,0
1251,7519,PE,2025-10-25,223426,0.0,0,0,0,2
1251,7519,PE,2025-10-25,223427,0.44,0,2803,0,1
1251,7519,PE,2025-10-25,223429,0.22,0,1402,0,0
1251,7519,PE,2025-10-25,223430,3.13,18,11214,1,3
1251,7519,PE,2025-10-25,223431,10.06,0,25231,1,4
1251,7519,PE,2025-10-25,223432,11.13,0,29436,1,2
1251,7517,SV,2025-10-25,179004,0.0,0,0,0,1
1251,7517,SV,2025-10-25,179005,2.86,0,5607,0,0
1251,7517,SV,2025-10-25,179006,1.21,0,1402,0,0
1251,7517,SV,2025-10-25,179007,18.2,18,18222,1,2
1251,7517,SV,2025-10-25,179008,0.0,0,0,0,0
1251,7517,SV,2025-10-25,179023,2.8,0,2803,0,0
1251,7517,SV,2025-10-25,179024,13.98,27,22427,0,1
1251,7517,SV,2025-10-25,179025,4.45,18,2803,1,0
1251,7517,SV,2025-10-25,179026,16.67,18,26633,0,0
1251,7517,SV,2025-10-25,198877,0.0,9,0,0,0
1251,7517,SV,2025-10-25,198878,0.97,0,1402,0,0
1251,7517,SV,2025-10-25,198879,3.98,0,1402,0,0
1251,7517,SV,2025-10-25,198880,3.69,0,7009,1,3
1251,7517,SV,2025-10-25,198881,0.97,0,2803,0,0
1251,7517,SV,2025-10-25,198882,0.0,9,0,0,0
1251,7517,SV,2025-10-25,198883,0.0,0,0,0,1
1251,7517,SV,2025-10-25,198884,2.75,0,1402,0,0
1251,7517,SV,2025-10-25,198885,4.42,9,5607,0,0
1251,7517,SV,2025-10-25,198886,0.0,9,0,0,0
1251,7517,SV,2025-10-25,198888,0.28,0,1402,0,0
1251,7517,SV,2025-10-25,198889,0.0,0,0,0,0
1251,7517,SV,2025-10-25,198890,0.63,18,1402,0,0
1251,7517,SV,2025-10-25,198891,0.0,9,0,0,0
1251,7517,SV,2025-10-25,198892,3.54,18,8410,0,2
1251,7517,SV,2025-10-25,198893,1.64,0,4205,0,0
1251,7517,SV,2025-10-25,206128,0.0,0,0,0,0
1251,7517,SV,2025-10-25,206129,0.0,0,0,0,0
1251,7517,SV,2025-10-25,206130,0.54,0,1402,0,0
1251,7517,SV,2025-10-25,206131,1.14,9,5607,0,2
1251,7517,SV,2025-10-25,206132,0.0,0,0,0,1
1251,7517,SV,2025-10-25,206133,0.0,0,0,0,0
1251,7517,SV,2025-10-25,206134,3.45,27,5607,2,2
1251,7517,SV,2025-10-25,206135,0.0,0,0,0,0
1251,7517,SV,2025-10-25,206136,2.62,18,2803,0,2
1251,7517,SV,2025-10-25,206137,1.74,9,4205,0,0
1251,7517,SV,2025-10-25,207897,0.0,0,0,0,0
1251,7517,SV,2025-10-25,207898,0.0,0,0,0,0
1251,7517,SV,2025-10-25,207899,0.0,9,0,1,1
1251,7517,SV,2025-10-25,207900,2.41,0,4205,0,1
1251,7517,SV,2025-10-25,207901,0.0,0,0,0,0
1251,7517,SV,2025-10-25,207903,0.0,0,0,0,0
1251,7517,SV,2025-10-25,215797,1.52,9,4205,0,0
1251,7517,SV,2025-10-25,215798,0.0,0,0,0,0
1251,7517,SV,2025-10-25,215799,2.04,0,5607,0,0
1251,7517,SV,2025-10-25,215800,0.0,0,0,0,0
1251,7517,SV,2025-10-25,215801,0.83,0,2803,0,0
1251,7517,SV,2025-10-25,220211,0.0,0,0,0,0
1251,7517,SV,2025-10-25,220212,0.44,0,1402,0,0
1251,7517,SV,2025-10-25,220213,1.13,9,4205,0,0
1251,7517,SV,2025-10-25,220214,0.0,0,0,0,0
1251,7517,SV,2025-10-25,220215,4.46,9,11214,0,1
3151,8406,SV,2025-10-25,210819,1.0,0,1402,0,0
3151,8406,SV,2025-10-25,210820,2.88,27,8410,2,4
3151,8406,SV,2025-10-25,210821,3.21,0,2803,1,1
3151,8406,SV,2025-10-25,210822,6.29,0,7009,2,3
3151,8406,SV,2025-10-25,210823,2.77,0,2803,0,1
3151,8406,SV,2025-10-25,210825,0.0,0,0,0,0
3151,8406,SV,2025-10-25,210830,0.0,0,0,0,0
3151,8406,SV,2025-10-25,210833,0.0,0,0,0,0
3151,8406,SV,2025-10-25,210834,0.0,18,0,0,1
3151,8406,SV,2025-10-25,210835,0.0,0,0,1,1
3151,8406,SV,2025-10-25,210836,1.71,0,4205,2,2
3151,8406,SV,2025-10-25,210837,0.0,0,0,0,0
3151,8406,SV,2025-10-25,210839,0.0,0,0,0,0
3151,8406,SV,2025-10-25,210840,0.0,0,0,0,0
3151,8406,SV,2025-10-25,210841,0.23,0,1402,0,0
3151,8406,SV,2025-10-25,210842,0.45,0,1402,1,1
3151,8406,SV,2025-10-25,210843,16.85,0,18222,3,6
3151,8406,SV,2025-10-25,210846,0.0,0,0,0,0
3151,8406,SV,2025-10-25,215838,1.35,0,1402,0,1
3151,8406,SV,2025-10-25,215839,0.0,0,0,0,0
3151,8406,SV,2025-10-25,215840,0.4,9,1402,0,0
3151,8406,SV,2025-10-25,215842,0.0,0,0,0,1
3151,8406,SV,2025-10-25,215843,0.49,0,1402,0,1
3151,8406,SV,2025-10-25,215844,2.38,0,5607,0,3
3151,8406,SV,2025-10-25,215845,2.21,0,5607,0,0
3151,8406,SV,2025-10-25,215853,0.0,0,0,0,0
3151,8406,SV,2025-10-25,215854,0.0,0,0,0,1
3151,8406,SV,2025-10-25,215855,0.0,0,0,0,0
3151,8406,SV,2025-10-25,215856,0.0,0,0,0,1
3151,8406,SV,2025-10-25,215857,0.91,0,1402,0,0
3151,8406,SV,2025-10-25,215859,0.0,0,0,0,0
3151,8406,SV,2025-10-25,218630,0.99,9,1402,0,0
3151,8406,SV,2025-10-25,218631,0.0,0,0,0,0
3151,8406,SV,2025-10-25,218632,0.36,0,1402,0,0
3151,8406,SV,2025-10-25,218634,0.0,0,0,0,0
3151,8406,SV,2025-10-25,218635,4.67,27,4205,1,1
3151,8406,SV,2025-10-25,218636,0.76,0,1402,0,1
3151,8406,SV,2025-10-25,221026,0.0,0,0,0,1
3151,8406,SV,2025-10-25,221027,0.0,0,0,0,0
3151,8406,SV,2025-10-25,221028,0.7,0,1402,1,0
3151,8406,SV,2025-10-25,221030,0.0,0,0,0,0
3151,8406,SV,2025-10-25,221031,7.22,9,4205,2,3
3151,8406,SV,2025-10-25,221032,0.67,9,1402,0,0
3151,8406,SV,2025-10-25,221033,5.01,0,2803,0,0
3151,8406,SV,2025-10-25,221034,0.0,0,0,0,0
3151,8406,SV,2025-10-25,221035,0.0,9,0,0,0
3151,8406,SV,2025-10-25,221037,0.0,0,0,0,0
3151,8406,SV,2025-10-25,221038,10.24,0,9812,3,2
3151,8406,SV,2025-10-25,221039,0.0,0,0,0,0
3151,8406,SV,2025-10-25,221242,0.0,0,0,0,0
3151,8406,SV,2025-10-25,221243,6.49,0,1402,1,1
3151,8406,SV,2025-10-25,221244,0.0,0,0,0,0
3151,8406,SV,2025-10-25,221245,1.7,27,2803,0,1
3151,8406,SV,2025-10-25,221246,2.21,0,1402,0,1
3151,8406,SV,2025-10-25,221247,0.0,9,0,0,0
3151,8406,SV,2025-10-25,221248,0.4,0,1402,0,1
3151,8406,SV,2025-10-25,221249,11.27,9,5607,0,0
3151,8406,SV,2025-10-25,221251,0.0,0,0,0,0
3151,8406,SV,2025-10-25,221252,0.0,0,0,0,1
3151,8406,SV,2025-10-25,221253,4.35,9,2803,0,0
3151,8406,SV,2025-10-25,221254,0.0,0,0,0,0
3151,8406,SV,2025-10-25,221255,0.97,0,1402,0,0
3151,8406,SV,2025-10-25,221256,7.09,0,2803,0,0
3151,8406,SV,2025-10-25,221258,3.49,0,1402,0,0
3151,8406,SV,2025-10-25,221259,6.77,0,4205,1,3
3151,8406,SV,2025-10-25,221260,0.0,0,0,0,1
3151,8406,SV,2025-10-25,221847,0.0,0,0,0,0
3151,8406,SV,2025-10-25,221848,0.0,0,0,0,0
3151,8406,SV,2025-10-25,221849,1.49,18,4205,0,0
3151,8406,SV,2025-10-25,221850,0.0,0,0,0,0
3151,8406,SV,2025-10-25,221851,0.0,0,0,0,0
3151,8406,SV,2025-10-25,221852,10.19,0,15419,0,6
3151,8406,SV,2025-10-25,221853,0.0,0,0,0,0
3151,8406,SV,2025-10-25,221854,0.28,9,1402,0,0
3151,8406,SV,2025-10-25,221855,0.0,9,0,0,0
3151,8406,SV,2025-10-25,221856,1.1,0,1402,0,1
3151,8406,SV,2025-10-25,221858,0.0,18,0,0,0
3151,8406,SV,2025-10-25,221859,9.63,9,12615,3,7
3151,8406,SV,2025-10-25,221860,0.0,0,0,0,0
3151,8406,SV,2025-10-25,223768,0.58,0,1402,0,0
3151,8406,SV,2025-10-25,223769,0.0,0,0,0,0
3151,8406,SV,2025-10-25,223770,0.0,0,0,0,1
3151,8406,SV,2025-10-25,224161,0.0,0,0,0,0
3151,8406,SV,2025-10-25,224162,0.0,0,0,0,0
3151,8406,SV,2025-10-25,224163,0.0,0,0,0,0
3151,8406,SV,2025-10-25,224165,0.0,0,0,0,0
3151,8406,SV,2025-10-25,224166,0.0,0,0,0,0
3151,8406,SV,2025-10-25,224854,0.0,0,0,0,0
3151,8406,SV,2025-10-25,224855,1.33,0,2803,2,1
3151,8406,SV,2025-10-25,224856,0.0,0,0,0,0
3151,8406,SV,2025-10-25,224857,0.84,18,2803,1,4
3151,8406,SV,2025-10-25,224858,0.0,0,0,0,0
3151,8406,SV,2025-10-25,224859,0.0,0,0,0,0
3151,8406,SV,2025-10-25,224860,0.0,0,0,0,0
