day,campaignName,clicks,spent,conversionsBuy,conversionsDecision,revenue,profit,source
2025-09-29,EC_Ecuabet_Registros_Casino,6,0.44,0,0,0.0,-0.44,wuaze.com
2025-09-29,EC_Ecuabet_Registros_Casino,1,0.08,0,0,0.0,-0.08,w3diary.com
2025-09-29,EC_Ecuabet_Registros_Casino,1,0.075,0,0,0.0,-0.075,vivedeco.es
2025-09-29,EC_Ecuabet_Registros_Casino,8,0.254,0,0,0.0,-0.254,viralymedio.com
2025-09-29,EC_Ecuabet_Registros_Casino,15,0.3585,0,0,0.0,-0.3585,viralsalud.club
2025-09-29,EC_Ecuabet_Registros_Casino,1,0.08,0,0,0.0,-0.08,viralonline.click
2025-09-29,EC_Ecuabet_Registros_Casino,3,0.235,0,0,0.0,-0.235,viralinkx.com
2025-09-29,EC_Ecuabet_Registros_Casino,7,0.165,0,0,0.0,-0.165,viraliking.com
2025-09-29,EC_Ecuabet_Registros_Casino,2,0.16,0,0,0.0,-0.16,viralenred.com
2025-09-29,EC_Ecuabet_Registros_Casino,5,0.37,0,0,0.0,-0.37,very-amazing.com
2025-09-29,EC_Ecuabet_Registros_Casino,5,0.415,0,0,0.0,-0.415,vermas.site
2025-09-29,EC_Ecuabet_Registros_Casino,2,0.16,0,0,0.0,-0.16,verboruto.online
2025-09-29,EC_Ecuabet_Registros_Casino,4,0.305,0,0,0.0,-0.305,unisalia.com
2025-09-29,EC_Ecuabet_Registros_Casino,1,0.08,0,0,0.0,-0.08,unepageinteressante.com
2025-09-29,EC_Ecuabet_Registros_Casino,1,0.08,0,0,0.0,-0.08,unavida.website
2025-09-29,EC_Ecuabet_Registros_Casino,5,0.395,0,0,0.0,-0.395,tvc.com.ec
2025-09-29,EC_Ecuabet_Registros_Casino,5,0.385,0,0,0.0,-0.385,tusitioviral.com
2025-09-29,EC_Ecuabet_Registros_Casino,1,0.085,0,0,0.0,-0.085,tuscrucigramas.com
2025-09-29,EC_Ecuabet_Registros_Casino,1,0.08,0,0,0.0,-0.08,topnewstodayismy.blogspot.com
2025-09-29,EC_Ecuabet_Registros_Casino,2,0.16,0,0,0.0,-0.16,todosobreremedios.com
2025-09-29,EC_Ecuabet_Registros_Casino,2,0.155,0,0,0.0,-0.155,thecookguides.com
2025-09-29,EC_Ecuabet_Registros_Casino,1,0.075,0,0,0.0,-0.075,taybanha04.top
2025-09-29,EC_Ecuabet_Registros_Casino,3,0.24,0,0,0.0,-0.24,taybanha03.top
2025-09-29,EC_Ecuabet_Registros_Casino,3,0.24,0,0,0.0,-0.24,taybanha02.top
2025-09-29,EC_Ecuabet_Registros_Casino,4,0.32,0,0,0.0,-0.32,taybanha01.top
2025-09-29,EC_Ecuabet_Registros_Casino,50,1.965,0,0,0.0,-1.965,squidapp.co
2025-09-29,EC_Ecuabet_Registros_Casino,2,0.165,0,0,0.0,-0.165,soloparati.online
2025-09-29,EC_Ecuabet_Registros_Casino,5,0.41,0,0,0.0,-0.41,sevolvioviral.online
2025-09-29,EC_Ecuabet_Registros_Casino,5,0.405,0,0,0.0,-0.405,saludactua.online
2025-09-29,EC_Ecuabet_Registros_Casino,6,0.6175,0,0,0.0,-0.6175,saludablefree.com
2025-09-29,EC_Ecuabet_Registros_Casino,5,0.395,0,0,0.0,-0.395,remedioscasero.info
2025-09-29,EC_Ecuabet_Registros_Casino,1,0.08,0,0,0.0,-0.08,remediosaldia.com
2025-09-29,EC_Ecuabet_Registros_Casino,10,0.825,0,0,0.0,-0.825,remedionatural.xyz
2025-09-29,EC_Ecuabet_Registros_Casino,1,0.085,0,1,0.0,-0.085,remdviral.com
2025-09-29,EC_Ecuabet_Registros_Casino,3,0.245,0,0,0.0,-0.245,recetashogar.xyz
2025-09-29,EC_Ecuabet_Registros_Casino,1,0.08,0,0,0.0,-0.08,rcnradio.com
2025-09-29,EC_Ecuabet_Registros_Casino,1,0.08,0,0,0.0,-0.08,puroscaseros.xyz
2025-09-29,EC_Ecuabet_Registros_Casino,4,0.32,0,0,0.0,-0.32,puravida194.blogspot.com
2025-09-29,EC_Ecuabet_Registros_Casino,10,0.81,0,0,0.0,-0.81,pulzo.com
2025-09-29,EC_Ecuabet_Registros_Casino,1,0.08,0,1,0.0,-0.08,pinnens.com
2025-09-29,EC_Ecuabet_Registros_Casino,1,0.085,0,0,0.0,-0.085,openiu.com
2025-09-29,EC_Ecuabet_Registros_Casino,1,0.08,0,0,0.0,-0.08,one2love.us
2025-09-29,EC_Ecuabet_Registros_Casino,3,0.225,0,0,0.0,-0.225,nutricionysaludd.com
2025-09-29,EC_Ecuabet_Registros_Casino,1,0.075,0,0,0.0,-0.075,nutricionvitae.com
2025-09-29,EC_Ecuabet_Registros_Casino,2,0.16,0,0,0.0,-0.16,novelas24h.com
2025-09-29,EC_Ecuabet_Registros_Casino,1,0.08,0,0,0.0,-0.08,novelaplay.com
2025-09-29,EC_Ecuabet_Registros_Casino,3,0.24,0,0,0.0,-0.24,notisalud712.blogspot.com
2025-09-29,EC_Ecuabet_Registros_Casino,2,0.165,0,0,0.0,-0.165,notiiflash.com
2025-09-29,EC_Ecuabet_Registros_Casino,1,0.085,0,0,0.0,-0.085,noticlub.top
2025-09-29,EC_Ecuabet_Registros_Casino,83,1.947,0,0,0.0,-1.947,noticiassalud.net
2025-09-29,EC_Ecuabet_Registros_Casino,5,0.4,0,0,0.0,-0.4,noticiasimpactodiario.blogspot.com
2025-09-29,EC_Ecuabet_Registros_Casino,5,0.4,0,0,0.0,-0.4,noticiasdiariasnews.com
2025-09-29,EC_Ecuabet_Registros_Casino,1,0.075,0,0,0.0,-0.075,noticiasdeultimahoradgg.blogspot.com
2025-09-29,EC_Ecuabet_Registros_Casino,29,2.38,0,0,0.0,-2.38,noticiasdehoyy.net
2025-09-29,EC_Ecuabet_Registros_Casino,2,0.165,0,0,0.0,-0.165,noticiascaracol.com
2025-09-29,EC_Ecuabet_Registros_Casino,1,0.05,0,0,0.0,-0.05,noticiasaldiayalahora.co
2025-09-29,EC_Ecuabet_Registros_Casino,3,0.063,0,0,0.0,-0.063,noticiaomg.com
2025-09-29,EC_Ecuabet_Registros_Casino,1,0.085,0,0,0.0,-0.085,noticenter.lat
2025-09-29,EC_Ecuabet_Registros_Casino,1,0.015,0,0,0.0,-0.015,mundosaludable.us
2025-09-29,EC_Ecuabet_Registros_Casino,1,0.075,0,0,0.0,-0.075,movilnoti.com
2025-09-29,EC_Ecuabet_Registros_Casino,4,0.33,0,0,0.0,-0.33,mitrucoscaseros.com
2025-09-29,EC_Ecuabet_Registros_Casino,1,0.08,0,0,0.0,-0.08,misimagenesdeluto.com
2025-09-29,EC_Ecuabet_Registros_Casino,1,0.08,0,0,0.0,-0.08,milagrosasalud.com
2025-09-29,EC_Ecuabet_Registros_Casino,1,0.0425,0,0,0.0,-0.0425,mhonividente.xyz
2025-09-29,EC_Ecuabet_Registros_Casino,1,0.08,0,0,0.0,-0.08,metacorepc.com
2025-09-29,EC_Ecuabet_Registros_Casino,1,0.085,0,0,0.0,-0.085,merca20.com
2025-09-29,EC_Ecuabet_Registros_Casino,4,0.295,0,0,0.0,-0.295,meencantaelchocolate.com
2025-09-29,EC_Ecuabet_Registros_Casino,8,0.625,0,0,0.0,-0.625,me-encantas.com
2025-09-29,EC_Ecuabet_Registros_Casino,1,0.08,0,0,0.0,-0.08,lomasrelevante.top
2025-09-29,EC_Ecuabet_Registros_Casino,1,0.08,0,0,0.0,-0.08,levelup.com
2025-09-29,EC_Ecuabet_Registros_Casino,1,0.08,0,0,0.0,-0.08,larepublica.ec
2025-09-29,EC_Ecuabet_Registros_Casino,2,0.12,0,0,0.0,-0.12,laprensa.hn
2025-09-29,EC_Ecuabet_Registros_Casino,1,0.08,0,0,0.0,-0.08,jubna.com
2025-09-29,EC_Ecuabet_Registros_Casino,38,3.02,0,0,0.0,-3.02,jetrapic.com
2025-09-29,EC_Ecuabet_Registros_Casino,84,2.0505,0,0,0.0,-2.0505,infotime.co
2025-09-29,EC_Ecuabet_Registros_Casino,7,0.555,0,0,0.0,-0.555,informan2.us
2025-09-29,EC_Ecuabet_Registros_Casino,7,0.168,0,0,0.0,-0.168,hubvirales.com
2025-09-29,EC_Ecuabet_Registros_Casino,1,0.075,0,0,0.0,-0.075,globoviral.com
2025-09-29,EC_Ecuabet_Registros_Casino,2,0.16,0,0,0.0,-0.16,giantapp.online
2025-09-29,EC_Ecuabet_Registros_Casino,2,0.1085,0,0,0.0,-0.1085,fullnoticiasplus.blogspot.com
2025-09-29,EC_Ecuabet_Registros_Casino,1,0.0225,0,0,0.0,-0.0225,franciscosaludable.com
2025-09-29,EC_Ecuabet_Registros_Casino,4,0.325,0,0,0.0,-0.325,fotise.com
2025-09-29,EC_Ecuabet_Registros_Casino,1,0.085,0,0,0.0,-0.085,flux-studio.site
2025-09-29,EC_Ecuabet_Registros_Casino,5,0.415,0,0,0.0,-0.415,feji.io
2025-09-29,EC_Ecuabet_Registros_Casino,3,0.0705,0,0,0.0,-0.0705,fbviral.com
2025-09-29,EC_Ecuabet_Registros_Casino,4,0.1575,0,0,0.0,-0.1575,fbclic.com
2025-09-29,EC_Ecuabet_Registros_Casino,2,0.048,0,0,0.0,-0.048,famososyvirales.com
2025-09-29,EC_Ecuabet_Registros_Casino,1,0.06,0,0,0.0,-0.06,expansion.mx
2025-09-29,EC_Ecuabet_Registros_Casino,1,0.06,0,0,0.0,-0.06,excelsior.com.mx
2025-09-29,EC_Ecuabet_Registros_Casino,1,0.08,0,0,0.0,-0.08,elespectador.com
2025-09-29,EC_Ecuabet_Registros_Casino,3,0.235,0,0,0.0,-0.235,drole-info.com
2025-09-29,EC_Ecuabet_Registros_Casino,3,0.235,0,0,0.0,-0.235,drbarbaraoneill1602.blogspot.com
2025-09-29,EC_Ecuabet_Registros_Casino,4,0.315,0,0,0.0,-0.315,dionisio.com.ar
2025-09-29,EC_Ecuabet_Registros_Casino,2,0.16,0,0,0.0,-0.16,diarioriente.com
2025-09-29,EC_Ecuabet_Registros_Casino,3,0.245,0,0,0.0,-0.245,diariolibree.com
2025-09-29,EC_Ecuabet_Registros_Casino,5,0.4,0,0,0.0,-0.4,detodounpocoyunpocodetodo1986.blogspot.com
2025-09-29,EC_Ecuabet_Registros_Casino,4,0.093,0,0,0.0,-0.093,datosdetuinteres.com
2025-09-29,EC_Ecuabet_Registros_Casino,2,0.17,0,0,0.0,-0.17,danruilo.com
2025-09-29,EC_Ecuabet_Registros_Casino,2,0.165,0,0,0.0,-0.165,curiosidadesvirales.com
2025-09-29,EC_Ecuabet_Registros_Casino,1,0.08,0,0,0.0,-0.08,culturacolectiva.com
2025-09-29,EC_Ecuabet_Registros_Casino,11,0.65,0,0,0.0,-0.65,cronista.com
2025-09-29,EC_Ecuabet_Registros_Casino,3,0.25,0,0,0.0,-0.25,consallud.com
2025-09-29,EC_Ecuabet_Registros_Casino,1,0.085,0,0,0.0,-0.085,cocinadelirante.com
2025-09-29,EC_Ecuabet_Registros_Casino,10,0.83,0,1,0.0,-0.83,cibermundo.site
2025-09-29,EC_Ecuabet_Registros_Casino,1,0.04,0,0,0.0,-0.04,chainityai.com
2025-09-29,EC_Ecuabet_Registros_Casino,1,0.08,0,0,0.0,-0.08,candelaestereo.com
2025-09-29,EC_Ecuabet_Registros_Casino,2,0.15,0,0,0.0,-0.15,canal26.com
2025-09-29,EC_Ecuabet_Registros_Casino,1,0.08,0,0,0.0,-0.08,buscaloaqui.site
2025-09-29,EC_Ecuabet_Registros_Casino,3,0.23,0,0,0.0,-0.23,borutoanime.online
2025-09-29,EC_Ecuabet_Registros_Deportivas,1,0.05,0,0,0.0,-0.05,w3diary.com
2025-09-29,EC_Ecuabet_Registros_Deportivas,1,0.05,0,0,0.0,-0.05,vivaensalud.net
2025-09-29,EC_Ecuabet_Registros_Deportivas,1,0.025,0,0,0.0,-0.025,viralymedio.com
2025-09-29,EC_Ecuabet_Registros_Deportivas,3,0.15,0,0,0.0,-0.15,viralinkx.com
2025-09-29,EC_Ecuabet_Registros_Deportivas,1,0.015,0,0,0.0,-0.015,viraliking.com
2025-09-29,EC_Ecuabet_Registros_Deportivas,1,0.05,0,0,0.0,-0.05,very-amazing.com
2025-09-29,EC_Ecuabet_Registros_Deportivas,1,0.05,0,0,0.0,-0.05,unisalia.com
2025-09-29,EC_Ecuabet_Registros_Deportivas,2,0.1,0,0,0.0,-0.1,tusitioviral.com
2025-09-29,EC_Ecuabet_Registros_Deportivas,1,0.05,0,0,0.0,-0.05,tuscrucigramas.com
2025-09-29,EC_Ecuabet_Registros_Deportivas,1,0.05,0,0,0.0,-0.05,taybanha04.top
2025-09-29,EC_Ecuabet_Registros_Deportivas,1,0.05,0,0,0.0,-0.05,taybanha02.top
2025-09-29,EC_Ecuabet_Registros_Deportivas,2,0.1,0,0,0.0,-0.1,taybanha01.top
2025-09-29,EC_Ecuabet_Registros_Deportivas,1,0.05,0,0,0.0,-0.05,superlike.com
2025-09-29,EC_Ecuabet_Registros_Deportivas,24,1.2,0,0,0.0,-1.2,squidapp.co
2025-09-29,EC_Ecuabet_Registros_Deportivas,1,0.05,0,0,0.0,-0.05,sevolvioviral.online
2025-09-29,EC_Ecuabet_Registros_Deportivas,1,0.05,0,0,0.0,-0.05,saludnoti.com
2025-09-29,EC_Ecuabet_Registros_Deportivas,2,0.1,0,0,0.0,-0.1,saludablefree.com
2025-09-29,EC_Ecuabet_Registros_Deportivas,11,0.55,0,0,0.0,-0.55,recetasnatural.xyz
2025-09-29,EC_Ecuabet_Registros_Deportivas,1,0.05,0,0,0.0,-0.05,pulzo.com
2025-09-29,EC_Ecuabet_Registros_Deportivas,1,0.05,0,0,0.0,-0.05,pinnens.com
2025-09-29,EC_Ecuabet_Registros_Deportivas,3,0.15,0,0,0.0,-0.15,olarviral.com
2025-09-29,EC_Ecuabet_Registros_Deportivas,1,0.05,0,0,0.0,-0.05,nutricionvitae.com
2025-09-29,EC_Ecuabet_Registros_Deportivas,2,0.1,0,0,0.0,-0.1,notisdiarias.com
2025-09-29,EC_Ecuabet_Registros_Deportivas,1,0.05,0,0,0.0,-0.05,notisalud712.blogspot.com
2025-09-29,EC_Ecuabet_Registros_Deportivas,1,0.05,0,0,0.0,-0.05,noticiasdiariasnews.com
2025-09-29,EC_Ecuabet_Registros_Deportivas,1,0.05,0,0,0.0,-0.05,noticiasdeultimahoradgg.blogspot.com
2025-09-29,EC_Ecuabet_Registros_Deportivas,6,0.3,0,0,0.0,-0.3,noticiasdehoyy.net
2025-09-29,EC_Ecuabet_Registros_Deportivas,13,0.325,0,0,0.0,-0.325,noticiasamaris.com
2025-09-29,EC_Ecuabet_Registros_Deportivas,24,1.2,0,0,0.0,-1.2,noticiaomg.com
2025-09-29,EC_Ecuabet_Registros_Deportivas,2,0.1,0,0,0.0,-0.1,notasuperinteresantes.blogspot.com
2025-09-29,EC_Ecuabet_Registros_Deportivas,8,0.4,0,0,0.0,-0.4,mundosaludable.us
2025-09-29,EC_Ecuabet_Registros_Deportivas,2,0.1,0,0,0.0,-0.1,mhonividente.xyz
2025-09-29,EC_Ecuabet_Registros_Deportivas,5,0.25,0,0,0.0,-0.25,me-encantas.com
2025-09-29,EC_Ecuabet_Registros_Deportivas,1,0.05,0,0,0.0,-0.05,maseighteen.com
2025-09-29,EC_Ecuabet_Registros_Deportivas,2,0.1,0,0,0.0,-0.1,latinchats.org
2025-09-29,EC_Ecuabet_Registros_Deportivas,5,0.25,0,0,0.0,-0.25,latinchats.net
2025-09-29,EC_Ecuabet_Registros_Deportivas,1,0.05,0,0,0.0,-0.05,laprensa.hn
2025-09-29,EC_Ecuabet_Registros_Deportivas,7,0.35,0,0,0.0,-0.35,jetrapic.com
2025-09-29,EC_Ecuabet_Registros_Deportivas,14,0.21,0,0,0.0,-0.21,interesantetop.top
2025-09-29,EC_Ecuabet_Registros_Deportivas,1,0.015,0,0,0.0,-0.015,infotime.co
2025-09-29,EC_Ecuabet_Registros_Deportivas,1,0.05,0,0,0.0,-0.05,informan2.us
2025-09-29,EC_Ecuabet_Registros_Deportivas,1,0.05,0,0,0.0,-0.05,ideascaserasparelhogar.com
2025-09-29,EC_Ecuabet_Registros_Deportivas,3,0.15,0,0,0.0,-0.15,franciscosaludable.com
2025-09-29,EC_Ecuabet_Registros_Deportivas,1,0.05,0,0,0.0,-0.05,fotise.com
2025-09-29,EC_Ecuabet_Registros_Deportivas,1,0.05,0,0,0.0,-0.05,flux-studio.site
2025-09-29,EC_Ecuabet_Registros_Deportivas,1,0.05,0,0,0.0,-0.05,feji.io
2025-09-29,EC_Ecuabet_Registros_Deportivas,3,0.075,0,0,0.0,-0.075,fbviral.com
2025-09-29,EC_Ecuabet_Registros_Deportivas,12,0.36,0,0,0.0,-0.36,famososyvirales.com
2025-09-29,EC_Ecuabet_Registros_Deportivas,2,0.1,0,0,0.0,-0.1,expansion.mx
2025-09-29,EC_Ecuabet_Registros_Deportivas,1,0.05,0,0,0.0,-0.05,elespectador.com
2025-09-29,EC_Ecuabet_Registros_Deportivas,1,0.05,0,0,0.0,-0.05,dragondelasesferas.com
2025-09-29,EC_Ecuabet_Registros_Deportivas,1,0.05,0,0,0.0,-0.05,diariolibree.com
2025-09-29,EC_Ecuabet_Registros_Deportivas,5,0.25,0,0,0.0,-0.25,datosdetuinteres.com
2025-09-29,EC_Ecuabet_Registros_Deportivas,22,0.55,0,0,0.0,-0.55,cronista.com
2025-09-29,EC_Ecuabet_Registros_Deportivas,5,0.25,0,0,0.0,-0.25,chainityai.com
2025-09-29,Peru | Aciertala | 2025,4,0.3,0,0,0.0,-0.3,trome.com
2025-09-29,Peru | Aciertala | 2025,2,0.15,0,0,0.0,-0.15,pulzo.com
2025-09-29,Peru | Aciertala | 2025,1,0.075,0,0,0.0,-0.075,peru21.pe
2025-09-29,Peru | Aciertala | 2025,7,0.525,0,0,0.0,-0.525,larazon.pe
2025-09-29,Peru | Aciertala | 2025,3,0.225,0,0,0.0,-0.225,elmen.pe
2025-09-29,Peru | Aciertala | 2025,1,0.075,0,0,0.0,-0.075,elle.mx
2025-09-29,Peru | Aciertala | 2025,1,0.075,0,0,0.0,-0.075,eleconomista.com.mx
2025-09-29,Peru | Aciertala | 2025,10,0.75,0,0,0.0,-0.75,diariocorreo.pe
2025-09-29,Peru | Aciertala | 2025,1,0.075,0,0,0.0,-0.075,depor.com
2025-09-29,Peru | Aciertala | 2025,2,0.15,0,0,0.0,-0.15,cronista.com
2025-09-29,Peru | Aciertala_Casino | 2025,4,0.28,0,0,0.0,-0.28,trome.com
2025-09-29,Peru | Aciertala_Casino | 2025,1,0.07,0,0,0.0,-0.07,record.com.mx
2025-09-29,Peru | Aciertala_Casino | 2025,1,0.07,0,0,0.0,-0.07,quien.com
2025-09-29,Peru | Aciertala_Casino | 2025,1,0.07,0,0,0.0,-0.07,levelup.com
2025-09-29,Peru | Aciertala_Casino | 2025,5,0.35,0,0,0.0,-0.35,larazon.pe
2025-09-29,Peru | Aciertala_Casino | 2025,1,0.07,0,0,0.0,-0.07,excelsior.com.mx
2025-09-29,Peru | Aciertala_Casino | 2025,1,0.07,0,0,0.0,-0.07,enpareja.com
2025-09-29,Peru | Aciertala_Casino | 2025,1,0.07,0,0,0.0,-0.07,elmen.pe
2025-09-29,Peru | Aciertala_Casino | 2025,1,0.07,0,0,0.0,-0.07,elle.mx
2025-09-29,Peru | Aciertala_Casino | 2025,1,0.07,0,0,0.0,-0.07,eleconomista.com.mx
2025-09-29,Peru | Aciertala_Casino | 2025,4,0.28,0,0,0.0,-0.28,diariocorreo.pe
2025-09-29,Peru | Aciertala_Casino | 2025,2,0.14,0,0,0.0,-0.14,depor.com
2025-09-29,Peru | Aciertala_Casino | 2025,1,0.07,0,0,0.0,-0.07,cocinadelirante.com
2025-09-30,EC_Ecuabet_Registros_Casino,1,0.08,0,0,0.0,-0.08,youremedios.com
2025-09-30,EC_Ecuabet_Registros_Casino,1,0.08,0,0,0.0,-0.08,wuaze.com
2025-09-30,EC_Ecuabet_Registros_Casino,1,0.08,0,0,0.0,-0.08,w3diary.com
2025-09-30,EC_Ecuabet_Registros_Casino,3,0.24,0,0,0.0,-0.24,vivaensalud.net
2025-09-30,EC_Ecuabet_Registros_Casino,8,0.258,0,0,0.0,-0.258,viralymedio.com
2025-09-30,EC_Ecuabet_Registros_Casino,10,0.24,0,0,0.0,-0.24,viralsalud.club
2025-09-30,EC_Ecuabet_Registros_Casino,4,0.325,0,0,0.0,-0.325,viralinkx.com
2025-09-30,EC_Ecuabet_Registros_Casino,5,0.1215,0,0,0.0,-0.1215,viraliking.com
2025-09-30,EC_Ecuabet_Registros_Casino,1,0.085,0,0,0.0,-0.085,viralesenred.com
2025-09-30,EC_Ecuabet_Registros_Casino,1,0.06,0,0,0.0,-0.06,viralenred.com
2025-09-30,EC_Ecuabet_Registros_Casino,6,0.47,0,0,0.0,-0.47,very-amazing.com
2025-09-30,EC_Ecuabet_Registros_Casino,1,0.085,0,0,0.0,-0.085,vermas.site
2025-09-30,EC_Ecuabet_Registros_Casino,1,0.085,0,0,0.0,-0.085,verboruto.online
2025-09-30,EC_Ecuabet_Registros_Casino,2,0.16,0,0,0.0,-0.16,unisalia.com
2025-09-30,EC_Ecuabet_Registros_Casino,1,0.08,0,0,0.0,-0.08,unepageinteressante.com
2025-09-30,EC_Ecuabet_Registros_Casino,1,0.075,0,0,0.0,-0.075,tvc.com.ec
2025-09-30,EC_Ecuabet_Registros_Casino,16,1.325,0,0,0.0,-1.325,tusitioviral.com
2025-09-30,EC_Ecuabet_Registros_Casino,2,0.16,0,0,0.0,-0.16,tuscrucigramas.com
2025-09-30,EC_Ecuabet_Registros_Casino,2,0.165,0,0,0.0,-0.165,todosobreremedios.com
2025-09-30,EC_Ecuabet_Registros_Casino,1,0.06,0,0,0.0,-0.06,terra.com.mx
2025-09-30,EC_Ecuabet_Registros_Casino,1,0.08,0,0,0.0,-0.08,taybanha04.top
2025-09-30,EC_Ecuabet_Registros_Casino,1,0.075,0,0,0.0,-0.075,taybanha03.top
2025-09-30,EC_Ecuabet_Registros_Casino,7,0.56,0,0,0.0,-0.56,taybanha02.top
2025-09-30,EC_Ecuabet_Registros_Casino,1,0.08,0,0,0.0,-0.08,taybanha01.top
2025-09-30,EC_Ecuabet_Registros_Casino,50,1.9525,0,0,0.0,-1.9525,squidapp.co
2025-09-30,EC_Ecuabet_Registros_Casino,3,0.25,0,0,0.0,-0.25,soloparati.online
2025-09-30,EC_Ecuabet_Registros_Casino,1,0.08,0,0,0.0,-0.08,saludyconsejosparati.com
2025-09-30,EC_Ecuabet_Registros_Casino,4,0.33,0,0,0.0,-0.33,saludactua.online
2025-09-30,EC_Ecuabet_Registros_Casino,2,0.2145,0,0,0.0,-0.2145,saludablefree.com
2025-09-30,EC_Ecuabet_Registros_Casino,1,0.075,0,0,0.0,-0.075,saboryconsejo.info
2025-09-30,EC_Ecuabet_Registros_Casino,1,0.085,0,0,0.0,-0.085,revistamoi.com
2025-09-30,EC_Ecuabet_Registros_Casino,12,0.955,0,0,0.0,-0.955,remedioscasero.info
2025-09-30,EC_Ecuabet_Registros_Casino,1,0.085,0,0,0.0,-0.085,remediosaqui.com
2025-09-30,EC_Ecuabet_Registros_Casino,8,0.655,0,0,0.0,-0.655,remedionatural.xyz
2025-09-30,EC_Ecuabet_Registros_Casino,1,0.024,0,0,0.0,-0.024,recetasnatural.xyz
2025-09-30,EC_Ecuabet_Registros_Casino,1,0.075,0,0,0.0,-0.075,recetasenlared.com
2025-09-30,EC_Ecuabet_Registros_Casino,1,0.08,0,0,0.0,-0.08,puroscaseros.xyz
2025-09-30,EC_Ecuabet_Registros_Casino,4,0.315,0,0,0.0,-0.315,pulzo.com
2025-09-30,EC_Ecuabet_Registros_Casino,1,0.08,0,0,0.0,-0.08,planetacrochet.com
2025-09-30,EC_Ecuabet_Registros_Casino,1,0.08,0,0,0.0,-0.08,openiu.com
2025-09-30,EC_Ecuabet_Registros_Casino,5,0.195,0,0,0.0,-0.195,olarviral.com
2025-09-30,EC_Ecuabet_Registros_Casino,2,0.165,0,0,0.0,-0.165,nutricionysaludd.com
2025-09-30,EC_Ecuabet_Registros_Casino,1,0.08,0,0,0.0,-0.08,nutricionvitae.com
2025-09-30,EC_Ecuabet_Registros_Casino,2,0.16,0,0,0.0,-0.16,novelas24h.com
2025-09-30,EC_Ecuabet_Registros_Casino,3,0.24,0,0,0.0,-0.24,novelaplay.com
2025-09-30,EC_Ecuabet_Registros_Casino,1,0.085,0,0,0.0,-0.085,noticlub.top
2025-09-30,EC_Ecuabet_Registros_Casino,79,1.893,0,0,0.0,-1.893,noticiassalud.net
2025-09-30,EC_Ecuabet_Registros_Casino,4,0.32,0,0,0.0,-0.32,noticiasimpactodiario.blogspot.com
2025-09-30,EC_Ecuabet_Registros_Casino,6,0.475,0,0,0.0,-0.475,noticiasdiariasnews.com
2025-09-30,EC_Ecuabet_Registros_Casino,67,5.39,0,0,0.0,-5.39,noticiasdehoyy.net
2025-09-30,EC_Ecuabet_Registros_Casino,4,0.325,0,0,0.0,-0.325,noticiascaracol.com
2025-09-30,EC_Ecuabet_Registros_Casino,1,0.0225,0,0,0.0,-0.0225,noticiaomg.com
2025-09-30,EC_Ecuabet_Registros_Casino,1,0.08,0,0,0.0,-0.08,news4noticias.xyz
2025-09-30,EC_Ecuabet_Registros_Casino,2,0.15,0,0,0.0,-0.15,newnoti.com
2025-09-30,EC_Ecuabet_Registros_Casino,2,0.16,0,0,0.0,-0.16,mujeryfamilia.org
2025-09-30,EC_Ecuabet_Registros_Casino,3,0.235,0,0,0.0,-0.235,me-encantas.com
2025-09-30,EC_Ecuabet_Registros_Casino,1,0.085,0,0,0.0,-0.085,levelup.com
2025-09-30,EC_Ecuabet_Registros_Casino,1,0.08,0,0,0.0,-0.08,las2orillas.co
2025-09-30,EC_Ecuabet_Registros_Casino,1,0.085,0,0,0.0,-0.085,larepublica.ec
2025-09-30,EC_Ecuabet_Registros_Casino,3,0.225,0,0,0.0,-0.225,lanoticia1ro.com
2025-09-30,EC_Ecuabet_Registros_Casino,1,0.08,0,0,0.0,-0.08,lamega.com.co
2025-09-30,EC_Ecuabet_Registros_Casino,1,0.085,0,0,0.0,-0.085,lacuranatural.net
2025-09-30,EC_Ecuabet_Registros_Casino,2,0.16,0,0,0.0,-0.16,lacapital.com.ar
2025-09-30,EC_Ecuabet_Registros_Casino,1,0.08,0,0,0.0,-0.08,jubna.com
2025-09-30,EC_Ecuabet_Registros_Casino,40,3.185,0,0,0.0,-3.185,jetrapic.com
2025-09-30,EC_Ecuabet_Registros_Casino,82,1.995,0,0,0.0,-1.995,infotime.co
2025-09-30,EC_Ecuabet_Registros_Casino,6,0.485,0,0,0.0,-0.485,informan2.us
2025-09-30,EC_Ecuabet_Registros_Casino,2,0.165,0,0,0.0,-0.165,ideasmanualidades.xyz
2025-09-30,EC_Ecuabet_Registros_Casino,5,0.1185,0,0,0.0,-0.1185,hubvirales.com
2025-09-30,EC_Ecuabet_Registros_Casino,1,0.06,0,0,0.0,-0.06,herramientas-online.com
2025-09-30,EC_Ecuabet_Registros_Casino,9,0.497,0,0,0.0,-0.497,fullnoticiasplus.blogspot.com
2025-09-30,EC_Ecuabet_Registros_Casino,1,0.024,0,0,0.0,-0.024,franciscosaludable.com
2025-09-30,EC_Ecuabet_Registros_Casino,19,1.455,0,0,0.0,-1.455,fotise.com
2025-09-30,EC_Ecuabet_Registros_Casino,6,0.49,0,0,0.0,-0.49,feji.io
2025-09-30,EC_Ecuabet_Registros_Casino,4,0.096,0,0,0.0,-0.096,fbviral.com
2025-09-30,EC_Ecuabet_Registros_Casino,2,0.0775,0,0,0.0,-0.0775,fbclic.com
2025-09-30,EC_Ecuabet_Registros_Casino,2,0.045,0,0,0.0,-0.045,famososyvirales.com
2025-09-30,EC_Ecuabet_Registros_Casino,3,0.18,0,0,0.0,-0.18,expansion.mx
2025-09-30,EC_Ecuabet_Registros_Casino,1,0.08,0,0,0.0,-0.08,elnoticiero-primero.blogspot.com
2025-09-30,EC_Ecuabet_Registros_Casino,1,0.06,0,0,0.0,-0.06,elnacional.com
2025-09-30,EC_Ecuabet_Registros_Casino,7,0.585,0,0,0.0,-0.585,elespectador.com
2025-09-30,EC_Ecuabet_Registros_Casino,1,0.075,0,0,0.0,-0.075,elcomercio.pe
2025-09-30,EC_Ecuabet_Registros_Casino,2,0.16,0,0,0.0,-0.16,eacar.xyz
2025-09-30,EC_Ecuabet_Registros_Casino,2,0.155,0,0,0.0,-0.155,drole-info.com
2025-09-30,EC_Ecuabet_Registros_Casino,2,0.16,0,0,0.0,-0.16,drbarbaraoneill1602.blogspot.com
2025-09-30,EC_Ecuabet_Registros_Casino,7,0.565,0,0,0.0,-0.565,dionisio.com.ar
2025-09-30,EC_Ecuabet_Registros_Casino,5,0.41,0,0,0.0,-0.41,diariolibree.com
2025-09-30,EC_Ecuabet_Registros_Casino,1,0.0225,0,0,0.0,-0.0225,datosdetuinteres.com
2025-09-30,EC_Ecuabet_Registros_Casino,5,0.4,0,0,0.0,-0.4,curiosidadesvirales.com
2025-09-30,EC_Ecuabet_Registros_Casino,1,0.06,0,0,0.0,-0.06,curiosidadessobre.es
2025-09-30,EC_Ecuabet_Registros_Casino,8,0.48,0,0,0.0,-0.48,cronista.com
2025-09-30,EC_Ecuabet_Registros_Casino,1,0.085,0,0,0.0,-0.085,consallud.com
2025-09-30,EC_Ecuabet_Registros_Casino,3,0.24,0,0,0.0,-0.24,cibermundo.site
2025-09-30,EC_Ecuabet_Registros_Casino,2,0.08,0,0,0.0,-0.08,chainityai.com
2025-09-30,EC_Ecuabet_Registros_Casino,2,0.16,0,0,0.0,-0.16,caracoltv.com
2025-09-30,EC_Ecuabet_Registros_Casino,1,0.08,0,0,0.0,-0.08,bricolajeycasa.com
2025-09-30,EC_Ecuabet_Registros_Casino,3,0.528,0,0,0.0,-0.528,bolavip.com
2025-09-30,EC_Ecuabet_Registros_Casino,2,0.16,0,0,0.0,-0.16,bluradio.com
2025-09-30,EC_Ecuabet_Registros_Casino,2,0.17,0,0,0.0,-0.17,bloghogar.net
2025-09-30,EC_Ecuabet_Registros_Casino,3,0.12,0,1,0.0,-0.12,bionotis.xyz
2025-09-30,EC_Ecuabet_Registros_Casino,1,0.075,0,0,0.0,-0.075,bienvenidoalhogar3.com
2025-09-30,EC_Ecuabet_Registros_Casino,3,0.3825,0,0,0.0,-0.3825,antena2.com
2025-09-30,EC_Ecuabet_Registros_Casino,3,0.245,0,0,0.0,-0.245,animefenix2.tv
2025-09-30,EC_Ecuabet_Registros_Casino,13,1.025,0,0,0.0,-1.025,adqva.com
2025-09-30,EC_Ecuabet_Registros_Casino,21,1.183,0,0,0.0,-1.183,actualizadas.com
2025-09-30,EC_Ecuabet_Registros_Deportivas,2,0.05,0,0,0.0,-0.05,viralymedio.com
2025-09-30,EC_Ecuabet_Registros_Deportivas,1,0.05,0,0,0.0,-0.05,viralinkx.com
2025-09-30,EC_Ecuabet_Registros_Deportivas,2,0.03,0,0,0.0,-0.03,viraliking.com
2025-09-30,EC_Ecuabet_Registros_Deportivas,1,0.05,0,0,0.0,-0.05,terra.com.mx
2025-09-30,EC_Ecuabet_Registros_Deportivas,1,0.05,0,0,0.0,-0.05,taybanha01.top
2025-09-30,EC_Ecuabet_Registros_Deportivas,1,0.05,0,0,0.0,-0.05,tatuajesparamujeres.com.ar
2025-09-30,EC_Ecuabet_Registros_Deportivas,21,1.05,0,0,0.0,-1.05,squidapp.co
2025-09-30,EC_Ecuabet_Registros_Deportivas,2,0.1,0,0,0.0,-0.1,soloparati.online
2025-09-30,EC_Ecuabet_Registros_Deportivas,1,0.05,0,0,0.0,-0.05,seriesperu.com
2025-09-30,EC_Ecuabet_Registros_Deportivas,1,0.05,0,0,0.0,-0.05,saboryconsejo.info
2025-09-30,EC_Ecuabet_Registros_Deportivas,3,0.15,0,0,0.0,-0.15,remedioscasero.info
2025-09-30,EC_Ecuabet_Registros_Deportivas,5,0.25,0,0,0.0,-0.25,recetasnatural.xyz
2025-09-30,EC_Ecuabet_Registros_Deportivas,1,0.05,0,0,0.0,-0.05,puravida194.blogspot.com
2025-09-30,EC_Ecuabet_Registros_Deportivas,1,0.05,0,0,0.0,-0.05,pulzo.com
2025-09-30,EC_Ecuabet_Registros_Deportivas,1,0.05,0,0,0.0,-0.05,openiu.com
2025-09-30,EC_Ecuabet_Registros_Deportivas,1,0.05,0,0,0.0,-0.05,olipam.com
2025-09-30,EC_Ecuabet_Registros_Deportivas,8,0.4,0,0,0.0,-0.4,olarviral.com
2025-09-30,EC_Ecuabet_Registros_Deportivas,1,0.05,0,0,0.0,-0.05,nutricionvitae.com
2025-09-30,EC_Ecuabet_Registros_Deportivas,2,0.1,0,0,0.0,-0.1,notisdiarias.com
2025-09-30,EC_Ecuabet_Registros_Deportivas,1,0.05,0,0,0.0,-0.05,noticiasimpactodiario.blogspot.com
2025-09-30,EC_Ecuabet_Registros_Deportivas,1,0.05,0,0,0.0,-0.05,noticiasdiariasnews.com
2025-09-30,EC_Ecuabet_Registros_Deportivas,6,0.3,0,0,0.0,-0.3,noticiasdehoyy.net
2025-09-30,EC_Ecuabet_Registros_Deportivas,7,0.175,0,0,0.0,-0.175,noticiasamaris.com
2025-09-30,EC_Ecuabet_Registros_Deportivas,10,0.5,0,0,0.0,-0.5,noticiaomg.com
2025-09-30,EC_Ecuabet_Registros_Deportivas,8,0.4,0,0,0.0,-0.4,mundosaludable.us
2025-09-30,EC_Ecuabet_Registros_Deportivas,2,0.1,0,0,0.0,-0.1,mhonividente.xyz
2025-09-30,EC_Ecuabet_Registros_Deportivas,1,0.05,0,0,0.0,-0.05,memo.com.ar
2025-09-30,EC_Ecuabet_Registros_Deportivas,2,0.1,0,0,0.0,-0.1,latinchats.org
2025-09-30,EC_Ecuabet_Registros_Deportivas,2,0.1,0,0,0.0,-0.1,latinchats.net
2025-09-30,EC_Ecuabet_Registros_Deportivas,1,0.05,0,0,0.0,-0.05,labrujula24.com
2025-09-30,EC_Ecuabet_Registros_Deportivas,1,0.05,0,0,0.0,-0.05,jornada.com.mx
2025-09-30,EC_Ecuabet_Registros_Deportivas,2,0.1,0,0,0.0,-0.1,jetrapic.com
2025-09-30,EC_Ecuabet_Registros_Deportivas,14,0.21,0,0,0.0,-0.21,interesantetop.top
2025-09-30,EC_Ecuabet_Registros_Deportivas,1,0.015,0,0,0.0,-0.015,infotime.co
2025-09-30,EC_Ecuabet_Registros_Deportivas,3,0.15,0,0,0.0,-0.15,informan2.us
2025-09-30,EC_Ecuabet_Registros_Deportivas,1,0.05,0,0,0.0,-0.05,goodblog.am
2025-09-30,EC_Ecuabet_Registros_Deportivas,1,0.05,0,0,0.0,-0.05,giantapp.online
2025-09-30,EC_Ecuabet_Registros_Deportivas,6,0.3,0,0,0.0,-0.3,franciscosaludable.com
2025-09-30,EC_Ecuabet_Registros_Deportivas,2,0.1,0,0,0.0,-0.1,fotise.com
2025-09-30,EC_Ecuabet_Registros_Deportivas,6,0.15,0,0,0.0,-0.15,fbviral.com
2025-09-30,EC_Ecuabet_Registros_Deportivas,12,0.36,0,0,0.0,-0.36,famososyvirales.com
2025-09-30,EC_Ecuabet_Registros_Deportivas,1,0.05,0,0,0.0,-0.05,expansion.mx
2025-09-30,EC_Ecuabet_Registros_Deportivas,1,0.05,0,0,0.0,-0.05,elespectador.com
2025-09-30,EC_Ecuabet_Registros_Deportivas,2,0.1,0,0,0.0,-0.1,ecuadornoticias.com
2025-09-30,EC_Ecuabet_Registros_Deportivas,1,0.05,0,0,0.0,-0.05,eacar.xyz
2025-09-30,EC_Ecuabet_Registros_Deportivas,1,0.05,0,0,0.0,-0.05,detodounpocoyunpocodetodo1986.blogspot.com
2025-09-30,EC_Ecuabet_Registros_Deportivas,2,0.1,0,0,0.0,-0.1,datosdetuinteres.com
2025-09-30,EC_Ecuabet_Registros_Deportivas,1,0.05,0,0,0.0,-0.05,danruilo.com
2025-09-30,EC_Ecuabet_Registros_Deportivas,1,0.05,0,0,0.0,-0.05,curiosidadesvirales.com
2025-09-30,EC_Ecuabet_Registros_Deportivas,31,0.775,0,0,0.0,-0.775,cronista.com
2025-09-30,EC_Ecuabet_Registros_Deportivas,6,0.3,0,0,0.0,-0.3,chainityai.com
2025-09-30,EC_Ecuabet_Registros_Deportivas,15,0.75,0,0,0.0,-0.75,bionotis.xyz
2025-09-30,EC_Ecuabet_Registros_Deportivas,1,0.05,0,0,0.0,-0.05,benefimundo.com
2025-09-30,EC_Ecuabet_Registros_Deportivas,14,0.84,0,0,0.0,-0.84,adqva.com
2025-09-30,EC_Ecuabet_Registros_Deportivas,3,0.075,0,0,0.0,-0.075,actualizadas.com
2025-09-30,EC_Ecuabet_Registros_Deportivas,2,0.1,0,0,0.0,-0.1,acentofinal.xyz
2025-09-30,EC_Ecuabet_Registros_Deportivas,16,0.24,0,0,0.0,-0.24,Xiaomi Browser Newsfeed
2025-09-30,Peru | Aciertala | 2025,1,0.075,0,0,0.0,-0.075,trome.com
2025-09-30,Peru | Aciertala | 2025,8,0.6,0,0,0.0,-0.6,larazon.pe
2025-09-30,Peru | Aciertala | 2025,17,1.275,0,0,0.0,-1.275,elmen.pe
2025-09-30,Peru | Aciertala | 2025,4,0.3,0,0,0.0,-0.3,elle.mx
2025-09-30,Peru | Aciertala | 2025,0,0.0,0,0,0.0,0.0,eleconomista.com.mx
2025-09-30,Peru | Aciertala | 2025,5,0.375,0,0,0.0,-0.375,diariocorreo.pe
2025-09-30,Peru | Aciertala | 2025,1,0.075,0,0,0.0,-0.075,depor.com
2025-09-30,Peru | Aciertala | 2025,1,0.075,0,0,0.0,-0.075,cronista.com
2025-09-30,Peru | Aciertala | 2025,1,0.075,0,0,0.0,-0.075,atv.pe
2025-09-30,Peru | Aciertala | 2025,0,0.0,0,0,0.0,0.0,am.com.mx
2025-09-30,Peru | Aciertala | 2025,11,0.825,0,0,0.0,-0.825,Outlook Web Mobile
2025-09-30,Peru | Aciertala | 2025,1,0.075,0,0,0.0,-0.075,Outlook Web Mail
2025-09-30,Peru | Aciertala | 2025,19,1.425,0,0,0.0,-1.425,Outlook Web Desktop
2025-09-30,Peru | Aciertala | 2025,5,0.375,0,0,0.0,-0.375,Outlook PC Web Inbox
2025-09-30,Peru | Aciertala | 2025,4,0.3,0,0,0.0,-0.3,Outlook Mobile Web Inbox
2025-09-30,Peru | Aciertala | 2025,2,0.15,0,0,0.0,-0.15,Outlook App Lite Android Other
2025-09-30,Peru | Aciertala | 2025,1,0.075,0,0,0.0,-0.075,Outlook App Inbox
2025-09-30,Peru | Aciertala | 2025,4,0.3,0,0,0.0,-0.3,Office Monarch Inbox Primary Desktop
2025-09-30,Peru | Aciertala | 2025,52,3.9,0,0,0.0,-3.9,Office Monarch Inbox Desktop
2025-09-30,Peru | Aciertala | 2025,1,0.075,0,0,0.0,-0.075,Microsoft Outlook IOS Native Inbox
2025-09-30,Peru | Aciertala | 2025,4,0.3,0,0,0.0,-0.3,Microsoft Outlook Android App
2025-09-30,Peru | Aciertala | 2025,4,0.3,0,0,0.0,-0.3,HUAWEI Browser - Android
2025-09-30,Peru | Aciertala | 2025,27,2.025,0,0,0.0,-2.025,HUAWEI Assistant∙TODAY - Android
2025-09-30,Peru | Aciertala | 2025,11,0.825,0,0,0.0,-0.825,HUAWEI AI Search - Android
2025-09-30,Peru | Aciertala_Casino | 2025,2,0.14,0,0,0.0,-0.14,trome.com
2025-09-30,Peru | Aciertala_Casino | 2025,2,0.14,0,0,0.0,-0.14,prensalibre.com
2025-09-30,Peru | Aciertala_Casino | 2025,11,0.77,0,0,0.0,-0.77,larazon.pe
2025-09-30,Peru | Aciertala_Casino | 2025,12,0.84,0,0,0.0,-0.84,elmen.pe
2025-09-30,Peru | Aciertala_Casino | 2025,1,0.07,0,0,0.0,-0.07,elle.mx
2025-09-30,Peru | Aciertala_Casino | 2025,0,0.0,0,0,0.0,0.0,eleconomista.com.mx
2025-09-30,Peru | Aciertala_Casino | 2025,1,0.07,0,0,0.0,-0.07,diariocorreo.pe
2025-09-30,Peru | Aciertala_Casino | 2025,5,0.35,0,0,0.0,-0.35,cronista.com
2025-09-30,Peru | Aciertala_Casino | 2025,0,0.0,0,0,0.0,0.0,am.com.mx
2025-09-30,Peru | Aciertala_Casino | 2025,18,1.26,0,0,0.0,-1.26,Outlook Web Mobile
2025-09-30,Peru | Aciertala_Casino | 2025,1,0.07,0,0,0.0,-0.07,Outlook Web Mail
2025-09-30,Peru | Aciertala_Casino | 2025,32,2.24,0,0,0.0,-2.24,Outlook Web Desktop
2025-09-30,Peru | Aciertala_Casino | 2025,3,0.21,0,0,0.0,-0.21,Outlook Mobile Web Inbox
2025-09-30,Peru | Aciertala_Casino | 2025,1,0.07,0,0,0.0,-0.07,Outlook Mobile Web
2025-09-30,Peru | Aciertala_Casino | 2025,2,0.14,0,0,0.0,-0.14,Outlook App Lite Android Primary
2025-09-30,Peru | Aciertala_Casino | 2025,1,0.07,0,0,0.0,-0.07,Outlook App Lite Android Other
2025-09-30,Peru | Aciertala_Casino | 2025,31,2.17,0,0,0.0,-2.17,Office Monarch Inbox Desktop
2025-09-30,Peru | Aciertala_Casino | 2025,3,0.21,0,0,0.0,-0.21,Microsoft Outlook IOS Native Inbox
2025-09-30,Peru | Aciertala_Casino | 2025,6,0.42,0,0,0.0,-0.42,Microsoft Outlook IOS Native
2025-09-30,Peru | Aciertala_Casino | 2025,2,0.14,0,0,0.0,-0.14,Microsoft Outlook Android App
2025-09-30,Peru | Aciertala_Casino | 2025,2,0.14,0,0,0.0,-0.14,HUAWEI Weather - Android
2025-09-30,Peru | Aciertala_Casino | 2025,7,0.49,0,0,0.0,-0.49,HUAWEI Browser - Android
2025-09-30,Peru | Aciertala_Casino | 2025,15,1.05,0,0,0.0,-1.05,HUAWEI Assistant∙TODAY - Android
2025-09-30,Peru | Aciertala_Casino | 2025,8,0.56,0,0,0.0,-0.56,HUAWEI AI Search - Android
2025-10-01,EC_Ecuabet_Registros_Casino,1,0.075,0,0,0.0,-0.075,wuaze.com
2025-10-01,EC_Ecuabet_Registros_Casino,4,0.325,0,1,0.0,-0.325,w3diary.com
2025-10-01,EC_Ecuabet_Registros_Casino,7,0.208,0,0,0.0,-0.208,viralymedio.com
2025-10-01,EC_Ecuabet_Registros_Casino,11,0.264,0,0,0.0,-0.264,viralsalud.club
2025-10-01,EC_Ecuabet_Registros_Casino,6,0.141,0,0,0.0,-0.141,viraliking.com
2025-10-01,EC_Ecuabet_Registros_Casino,1,0.08,0,0,0.0,-0.08,viralesenred.com
2025-10-01,EC_Ecuabet_Registros_Casino,1,0.08,0,0,0.0,-0.08,vidaconsalud.info
2025-10-01,EC_Ecuabet_Registros_Casino,4,0.335,0,0,0.0,-0.335,very-amazing.com
2025-10-01,EC_Ecuabet_Registros_Casino,2,0.165,0,0,0.0,-0.165,verboruto.online
2025-10-01,EC_Ecuabet_Registros_Casino,1,0.08,0,0,0.0,-0.08,verblackclover.com
2025-10-01,EC_Ecuabet_Registros_Casino,1,0.08,0,0,0.0,-0.08,vanidades.com
2025-10-01,EC_Ecuabet_Registros_Casino,17,1.275,0,0,0.0,-1.275,unisalia.com
2025-10-01,EC_Ecuabet_Registros_Casino,13,1.07,0,0,0.0,-1.07,tusitioviral.com
2025-10-01,EC_Ecuabet_Registros_Casino,1,0.08,0,0,0.0,-0.08,trome.com
2025-10-01,EC_Ecuabet_Registros_Casino,1,0.085,0,0,0.0,-0.085,todosobreremedios.com
2025-10-01,EC_Ecuabet_Registros_Casino,1,0.08,0,0,0.0,-0.08,todoenlared.net
2025-10-01,EC_Ecuabet_Registros_Casino,1,0.085,0,0,0.0,-0.085,tipssalud.online
2025-10-01,EC_Ecuabet_Registros_Casino,3,0.215,0,0,0.0,-0.215,tickdiarios.com
2025-10-01,EC_Ecuabet_Registros_Casino,2,0.16,0,0,0.0,-0.16,thecookguides.com
2025-10-01,EC_Ecuabet_Registros_Casino,1,0.05,0,0,0.0,-0.05,terra.com.mx
2025-10-01,EC_Ecuabet_Registros_Casino,1,0.08,0,0,0.0,-0.08,taybanha04.top
2025-10-01,EC_Ecuabet_Registros_Casino,3,0.21,0,0,0.0,-0.21,taybanha03.top
2025-10-01,EC_Ecuabet_Registros_Casino,5,0.34,0,0,0.0,-0.34,taybanha02.top
2025-10-01,EC_Ecuabet_Registros_Casino,3,0.245,0,0,0.0,-0.245,taybanha01.top
2025-10-01,EC_Ecuabet_Registros_Casino,1,0.08,0,0,0.0,-0.08,tarjetasdebuenosdias.net
2025-10-01,EC_Ecuabet_Registros_Casino,51,1.7775,0,0,0.0,-1.7775,squidapp.co
2025-10-01,EC_Ecuabet_Registros_Casino,5,0.4,0,0,0.0,-0.4,soloparati.online
2025-10-01,EC_Ecuabet_Registros_Casino,1,0.08,0,0,0.0,-0.08,skynovels.net
2025-10-01,EC_Ecuabet_Registros_Casino,1,0.08,0,0,0.0,-0.08,seriesperu.com
2025-10-01,EC_Ecuabet_Registros_Casino,1,0.08,0,0,0.0,-0.08,saludyconsejosparati.com
2025-10-01,EC_Ecuabet_Registros_Casino,2,0.0825,0,0,0.0,-0.0825,saludremedios.site
2025-10-01,EC_Ecuabet_Registros_Casino,4,0.416,0,0,0.0,-0.416,saludablefree.com
2025-10-01,EC_Ecuabet_Registros_Casino,1,0.08,0,0,0.0,-0.08,saboryconsejo.info
2025-10-01,EC_Ecuabet_Registros_Casino,1,0.08,0,0,0.0,-0.08,remediossaludables.com
2025-10-01,EC_Ecuabet_Registros_Casino,9,0.685,0,0,0.0,-0.685,remedioscasero.info
2025-10-01,EC_Ecuabet_Registros_Casino,1,0.085,0,0,0.0,-0.085,remediosaqui.com
2025-10-01,EC_Ecuabet_Registros_Casino,7,0.59,0,0,0.0,-0.59,remedionatural.xyz
2025-10-01,EC_Ecuabet_Registros_Casino,4,0.325,0,0,0.0,-0.325,recetashogar.xyz
2025-10-01,EC_Ecuabet_Registros_Casino,1,0.08,0,0,0.0,-0.08,puroscaseros.xyz
2025-10-01,EC_Ecuabet_Registros_Casino,1,0.08,0,0,0.0,-0.08,puravida194.blogspot.com
2025-10-01,EC_Ecuabet_Registros_Casino,1,0.08,0,0,0.0,-0.08,pulzo.com
2025-10-01,EC_Ecuabet_Registros_Casino,1,0.075,0,0,0.0,-0.075,olipam.com
2025-10-01,EC_Ecuabet_Registros_Casino,4,0.1525,0,0,0.0,-0.1525,olarviral.com
2025-10-01,EC_Ecuabet_Registros_Casino,7,0.555,0,1,0.0,-0.555,nutricionysaludd.com
2025-10-01,EC_Ecuabet_Registros_Casino,1,0.08,0,0,0.0,-0.08,noticlub.top
2025-10-01,EC_Ecuabet_Registros_Casino,117,2.8305,0,0,0.0,-2.8305,noticiassalud.net
2025-10-01,EC_Ecuabet_Registros_Casino,1,0.08,0,0,0.0,-0.08,noticiasimpactodiario.blogspot.com
2025-10-01,EC_Ecuabet_Registros_Casino,1,0.08,0,0,0.0,-0.08,noticiasdiariasnews.com
2025-10-01,EC_Ecuabet_Registros_Casino,1,0.075,0,0,0.0,-0.075,noticiasdeultimahoradgg.blogspot.com
2025-10-01,EC_Ecuabet_Registros_Casino,35,2.83,0,0,0.0,-2.83,noticiasdehoyy.net
2025-10-01,EC_Ecuabet_Registros_Casino,3,0.24,0,0,0.0,-0.24,noticiascaracol.com
2025-10-01,EC_Ecuabet_Registros_Casino,3,0.0615,0,0,0.0,-0.0615,noticiaomg.com
2025-10-01,EC_Ecuabet_Registros_Casino,1,0.08,0,0,0.0,-0.08,noticenter.lat
2025-10-01,EC_Ecuabet_Registros_Casino,1,0.0225,0,0,0.0,-0.0225,notasuperinteresantes.blogspot.com
2025-10-01,EC_Ecuabet_Registros_Casino,1,0.085,0,0,0.0,-0.085,natureview.net
2025-10-01,EC_Ecuabet_Registros_Casino,2,0.16,0,0,0.0,-0.16,mujeryfamilia.org
2025-10-01,EC_Ecuabet_Registros_Casino,2,0.08,0,0,0.0,-0.08,mhonividente.xyz
2025-10-01,EC_Ecuabet_Registros_Casino,1,0.08,0,0,0.0,-0.08,meencantaelchocolate.com
2025-10-01,EC_Ecuabet_Registros_Casino,7,0.495,0,0,0.0,-0.495,me-encantas.com
2025-10-01,EC_Ecuabet_Registros_Casino,1,0.085,0,0,0.0,-0.085,latinluchas.com
2025-10-01,EC_Ecuabet_Registros_Casino,1,0.08,0,0,0.0,-0.08,latinchats.net
2025-10-01,EC_Ecuabet_Registros_Casino,1,0.08,0,0,0.0,-0.08,larepublica.ec
2025-10-01,EC_Ecuabet_Registros_Casino,1,0.08,0,0,0.0,-0.08,laprensani.com
2025-10-01,EC_Ecuabet_Registros_Casino,4,0.32,0,0,0.0,-0.32,lanoticia1ro.com
2025-10-01,EC_Ecuabet_Registros_Casino,1,0.075,0,0,0.0,-0.075,lamega.com.co
2025-10-01,EC_Ecuabet_Registros_Casino,1,0.08,0,0,0.0,-0.08,lacuranatural.net
2025-10-01,EC_Ecuabet_Registros_Casino,39,3.03,0,0,0.0,-3.03,jetrapic.com
2025-10-01,EC_Ecuabet_Registros_Casino,1,0.08,0,0,0.0,-0.08,invdes.com.mx
2025-10-01,EC_Ecuabet_Registros_Casino,146,3.6045,0,1,0.0,-3.6045,infotime.co
2025-10-01,EC_Ecuabet_Registros_Casino,5,0.4,0,0,0.0,-0.4,informan2.us
2025-10-01,EC_Ecuabet_Registros_Casino,1,0.08,0,0,0.0,-0.08,ideasmanualidades.xyz
2025-10-01,EC_Ecuabet_Registros_Casino,12,0.2895,0,0,0.0,-0.2895,hubvirales.com
2025-10-01,EC_Ecuabet_Registros_Casino,1,0.08,0,0,0.0,-0.08,giantapp.online
2025-10-01,EC_Ecuabet_Registros_Casino,16,0.8575,0,0,0.0,-0.8575,fullnoticiasplus.blogspot.com
2025-10-01,EC_Ecuabet_Registros_Casino,1,0.024,0,0,0.0,-0.024,franciscosaludable.com
2025-10-01,EC_Ecuabet_Registros_Casino,4,0.315,0,0,0.0,-0.315,fotise.com
2025-10-01,EC_Ecuabet_Registros_Casino,2,0.13,0,0,0.0,-0.13,feji.io
2025-10-01,EC_Ecuabet_Registros_Casino,2,0.048,0,0,0.0,-0.048,fbviral.com
2025-10-01,EC_Ecuabet_Registros_Casino,10,0.4,0,0,0.0,-0.4,fbclic.com
2025-10-01,EC_Ecuabet_Registros_Casino,1,0.024,0,0,0.0,-0.024,famososyvirales.com
2025-10-01,EC_Ecuabet_Registros_Casino,1,0.05,0,0,0.0,-0.05,expansion.mx
2025-10-01,EC_Ecuabet_Registros_Casino,1,0.08,0,0,0.0,-0.08,excelsior.com.mx
2025-10-01,EC_Ecuabet_Registros_Casino,1,0.08,0,0,0.0,-0.08,elrincondefafa.com
2025-10-01,EC_Ecuabet_Registros_Casino,1,0.08,0,0,0.0,-0.08,elimparcial.com
2025-10-01,EC_Ecuabet_Registros_Casino,1,0.08,0,0,0.0,-0.08,elespectador.com
2025-10-01,EC_Ecuabet_Registros_Casino,3,0.235,0,0,0.0,-0.235,elcomercio.pe
2025-10-01,EC_Ecuabet_Registros_Casino,4,0.28,0,0,0.0,-0.28,eacar.xyz
2025-10-01,EC_Ecuabet_Registros_Casino,1,0.08,0,0,0.0,-0.08,drbarbaraoneill1602.blogspot.com
2025-10-01,EC_Ecuabet_Registros_Casino,3,0.245,0,0,0.0,-0.245,dionisio.com.ar
2025-10-01,EC_Ecuabet_Registros_Casino,1,0.08,0,0,0.0,-0.08,diariolibree.com
2025-10-01,EC_Ecuabet_Registros_Casino,2,0.16,0,0,0.0,-0.16,detodounpocoyunpocodetodo1986.blogspot.com
2025-10-01,EC_Ecuabet_Registros_Casino,3,0.25,0,0,0.0,-0.25,curiosidadesvirales.com
2025-10-01,EC_Ecuabet_Registros_Casino,20,1.0,0,0,0.0,-1.0,cronista.com
2025-10-01,EC_Ecuabet_Registros_Casino,1,0.08,0,0,0.0,-0.08,consallud.com
2025-10-01,EC_Ecuabet_Registros_Casino,3,0.245,0,0,0.0,-0.245,cibermundo.site
2025-10-01,EC_Ecuabet_Registros_Casino,2,0.15,0,0,0.0,-0.15,chaumytbn.top
2025-10-01,EC_Ecuabet_Registros_Casino,1,0.05,0,0,0.0,-0.05,chapintv.com
2025-10-01,EC_Ecuabet_Registros_Casino,7,0.27,0,0,0.0,-0.27,chainityai.com
2025-10-01,EC_Ecuabet_Registros_Casino,1,0.08,0,0,0.0,-0.08,caracoltv.com
2025-10-01,EC_Ecuabet_Registros_Casino,1,0.075,0,0,0.0,-0.075,canalblue.xyz
2025-10-01,EC_Ecuabet_Registros_Casino,1,0.05,0,0,0.0,-0.05,canal26.com
2025-10-01,EC_Ecuabet_Registros_Casino,1,0.08,0,0,0.0,-0.08,bricolajeenelhogar.com
2025-10-01,EC_Ecuabet_Registros_Casino,5,0.375,0,0,0.0,-0.375,borutoanime.online
2025-10-01,EC_Ecuabet_Registros_Casino,20,3.498,0,0,0.0,-3.498,bolavip.com
2025-10-01,EC_Ecuabet_Registros_Casino,1,0.085,0,0,0.0,-0.085,bitlyanews.com
2025-10-01,EC_Ecuabet_Registros_Casino,3,0.115,0,0,0.0,-0.115,bionotis.xyz
2025-10-01,EC_Ecuabet_Registros_Casino,2,0.155,0,0,0.0,-0.155,bienvenidoalhogar3.com
2025-10-01,EC_Ecuabet_Registros_Casino,2,0.048,0,0,0.0,-0.048,benefimundo.com
2025-10-01,EC_Ecuabet_Registros_Casino,1,0.08,0,1,0.0,-0.08,azerothqva.com
2025-10-01,EC_Ecuabet_Registros_Casino,7,0.8025,0,0,0.0,-0.8025,antena2.com
2025-10-01,EC_Ecuabet_Registros_Casino,1,0.08,0,0,0.0,-0.08,animefenix2.tv
2025-10-01,EC_Ecuabet_Registros_Casino,4,0.32,0,0,0.0,-0.32,ametalurgia.com
2025-10-01,EC_Ecuabet_Registros_Casino,1,0.085,0,0,0.0,-0.085,alertacaribe.com
2025-10-01,EC_Ecuabet_Registros_Casino,10,0.79,0,0,0.0,-0.79,adqva.com
2025-10-01,EC_Ecuabet_Registros_Casino,18,0.987,0,0,0.0,-0.987,actualizadas.com
2025-10-01,EC_Ecuabet_Registros_Casino,1,0.08,0,0,0.0,-0.08,acentofinal.xyz
2025-10-01,EC_Ecuabet_Registros_Casino,3,0.24,0,0,0.0,-0.24,3notiactualidad.blogspot.com
2025-10-01,EC_Ecuabet_Registros_Deportivas,7,0.28,0,0,0.0,-0.28,viralymedio.com
2025-10-01,EC_Ecuabet_Registros_Deportivas,4,0.096,0,0,0.0,-0.096,viraliking.com
2025-10-01,EC_Ecuabet_Registros_Deportivas,1,0.08,0,0,0.0,-0.08,viralesenred.com
2025-10-01,EC_Ecuabet_Registros_Deportivas,1,0.08,0,0,0.0,-0.08,very-amazing.com
2025-10-01,EC_Ecuabet_Registros_Deportivas,2,0.16,0,0,0.0,-0.16,unisalia.com
2025-10-01,EC_Ecuabet_Registros_Deportivas,1,0.08,0,0,0.0,-0.08,tusitioviral.com
2025-10-01,EC_Ecuabet_Registros_Deportivas,1,0.08,0,0,0.0,-0.08,tusbuenasnoticias.com
2025-10-01,EC_Ecuabet_Registros_Deportivas,1,0.05,0,0,0.0,-0.05,terra.com.mx
2025-10-01,EC_Ecuabet_Registros_Deportivas,2,0.16,0,0,0.0,-0.16,taybanha04.top
2025-10-01,EC_Ecuabet_Registros_Deportivas,1,0.08,0,0,0.0,-0.08,taybanha03.top
2025-10-01,EC_Ecuabet_Registros_Deportivas,2,0.16,0,0,0.0,-0.16,taybanha02.top
2025-10-01,EC_Ecuabet_Registros_Deportivas,1,0.08,0,0,0.0,-0.08,taybanha01.top
2025-10-01,EC_Ecuabet_Registros_Deportivas,1,0.05,0,0,0.0,-0.05,sumedico.com
2025-10-01,EC_Ecuabet_Registros_Deportivas,11,0.88,0,0,0.0,-0.88,squidapp.co
2025-10-01,EC_Ecuabet_Registros_Deportivas,6,0.48,0,0,0.0,-0.48,soloparati.online
2025-10-01,EC_Ecuabet_Registros_Deportivas,1,0.08,0,0,0.0,-0.08,seriesperu.com
2025-10-01,EC_Ecuabet_Registros_Deportivas,9,0.69,0,0,0.0,-0.69,saludremedios.site
2025-10-01,EC_Ecuabet_Registros_Deportivas,3,0.24,0,1,0.0,-0.24,saludablefree.com
2025-10-01,EC_Ecuabet_Registros_Deportivas,2,0.16,0,0,0.0,-0.16,saboryconsejo.info
2025-10-01,EC_Ecuabet_Registros_Deportivas,4,0.32,0,0,0.0,-0.32,remedioscasero.info
2025-10-01,EC_Ecuabet_Registros_Deportivas,1,0.08,0,0,0.0,-0.08,remediosaqui.com
2025-10-01,EC_Ecuabet_Registros_Deportivas,2,0.065,0,0,0.0,-0.065,redmas.com.co
2025-10-01,EC_Ecuabet_Registros_Deportivas,1,0.08,0,0,0.0,-0.08,recetasnatural.xyz
2025-10-01,EC_Ecuabet_Registros_Deportivas,1,0.05,0,0,0.0,-0.05,recetas-es.top
2025-10-01,EC_Ecuabet_Registros_Deportivas,1,0.08,0,0,0.0,-0.08,puravida194.blogspot.com
2025-10-01,EC_Ecuabet_Registros_Deportivas,1,0.08,0,0,0.0,-0.08,openiu.com
2025-10-01,EC_Ecuabet_Registros_Deportivas,2,0.13,0,0,0.0,-0.13,olarviral.com
2025-10-01,EC_Ecuabet_Registros_Deportivas,1,0.08,0,0,0.0,-0.08,nutricionvitae.com
2025-10-01,EC_Ecuabet_Registros_Deportivas,1,0.08,0,0,0.0,-0.08,novelas24h.com
2025-10-01,EC_Ecuabet_Registros_Deportivas,1,0.08,0,0,0.0,-0.08,notidiaria.com
2025-10-01,EC_Ecuabet_Registros_Deportivas,1,0.08,0,0,0.0,-0.08,noticiasrcn.com
2025-10-01,EC_Ecuabet_Registros_Deportivas,2,0.16,0,0,0.0,-0.16,noticiasimpactodiario.blogspot.com
2025-10-01,EC_Ecuabet_Registros_Deportivas,1,0.08,0,0,0.0,-0.08,noticiasdiariasnews.com
2025-10-01,EC_Ecuabet_Registros_Deportivas,8,0.58,0,0,0.0,-0.58,noticiasdehoyy.net
2025-10-01,EC_Ecuabet_Registros_Deportivas,6,0.21,0,0,0.0,-0.21,noticiasamaris.com
2025-10-01,EC_Ecuabet_Registros_Deportivas,13,0.92,0,0,0.0,-0.92,noticiaomg.com
2025-10-01,EC_Ecuabet_Registros_Deportivas,1,0.08,0,0,0.0,-0.08,milagrosasalud.com
2025-10-01,EC_Ecuabet_Registros_Deportivas,1,0.05,0,0,0.0,-0.05,mhonividente.xyz
2025-10-01,EC_Ecuabet_Registros_Deportivas,3,0.18,0,0,0.0,-0.18,me-encantas.com
2025-10-01,EC_Ecuabet_Registros_Deportivas,3,0.15,0,0,0.0,-0.15,latinchats.org
2025-10-01,EC_Ecuabet_Registros_Deportivas,4,0.23,0,0,0.0,-0.23,latinchats.net
2025-10-01,EC_Ecuabet_Registros_Deportivas,1,0.08,0,0,0.0,-0.08,las2orillas.co
2025-10-01,EC_Ecuabet_Registros_Deportivas,1,0.08,0,0,0.0,-0.08,jubna.com
2025-10-01,EC_Ecuabet_Registros_Deportivas,6,0.48,0,0,0.0,-0.48,jetrapic.com
2025-10-01,EC_Ecuabet_Registros_Deportivas,10,0.231,0,0,0.0,-0.231,interesantetop.top
2025-10-01,EC_Ecuabet_Registros_Deportivas,13,0.312,0,0,0.0,-0.312,infotime.co
2025-10-01,EC_Ecuabet_Registros_Deportivas,1,0.08,0,0,0.0,-0.08,informan2.us
2025-10-01,EC_Ecuabet_Registros_Deportivas,8,0.64,0,0,0.0,-0.64,fullnoticiasplus.blogspot.com
2025-10-01,EC_Ecuabet_Registros_Deportivas,3,0.18,0,0,0.0,-0.18,franciscosaludable.com
2025-10-01,EC_Ecuabet_Registros_Deportivas,3,0.21,0,0,0.0,-0.21,fotise.com
2025-10-01,EC_Ecuabet_Registros_Deportivas,1,0.08,0,0,0.0,-0.08,feji.io
2025-10-01,EC_Ecuabet_Registros_Deportivas,3,0.12,0,0,0.0,-0.12,fbviral.com
2025-10-01,EC_Ecuabet_Registros_Deportivas,8,0.33,0,0,0.0,-0.33,famososyvirales.com
2025-10-01,EC_Ecuabet_Registros_Deportivas,1,0.05,0,0,0.0,-0.05,expansion.mx
2025-10-01,EC_Ecuabet_Registros_Deportivas,1,0.05,0,0,0.0,-0.05,excelsior.com.mx
2025-10-01,EC_Ecuabet_Registros_Deportivas,1,0.08,0,0,0.0,-0.08,elnoticiero-primero.blogspot.com
2025-10-01,EC_Ecuabet_Registros_Deportivas,1,0.05,0,0,0.0,-0.05,elfarandi.com
2025-10-01,EC_Ecuabet_Registros_Deportivas,1,0.05,0,0,0.0,-0.05,elespectador.com
2025-10-01,EC_Ecuabet_Registros_Deportivas,1,0.08,0,0,0.0,-0.08,elcomercio.pe
2025-10-01,EC_Ecuabet_Registros_Deportivas,2,0.16,0,0,0.0,-0.16,eacar.xyz
2025-10-01,EC_Ecuabet_Registros_Deportivas,2,0.16,0,0,0.0,-0.16,dionisio.com.ar
2025-10-01,EC_Ecuabet_Registros_Deportivas,1,0.08,0,0,0.0,-0.08,detodounpocoyunpocodetodo1986.blogspot.com
2025-10-01,EC_Ecuabet_Registros_Deportivas,1,0.05,0,0,0.0,-0.05,datosdetuinteres.com
2025-10-01,EC_Ecuabet_Registros_Deportivas,1,0.08,0,0,0.0,-0.08,curiosidadessobre.es
2025-10-01,EC_Ecuabet_Registros_Deportivas,1,0.08,0,0,0.0,-0.08,culturacolectiva.com
2025-10-01,EC_Ecuabet_Registros_Deportivas,1,0.08,0,0,0.0,-0.08,consallud.com
2025-10-01,EC_Ecuabet_Registros_Deportivas,1,0.08,0,0,0.0,-0.08,chaumytbn.top
2025-10-01,EC_Ecuabet_Registros_Deportivas,2,0.16,0,0,0.0,-0.16,chainityai.com
2025-10-01,EC_Ecuabet_Registros_Deportivas,2,0.16,0,0,0.0,-0.16,canal26.com
2025-10-01,EC_Ecuabet_Registros_Deportivas,1,0.08,0,0,0.0,-0.08,c4mpionescripts.blogspot.com
2025-10-01,EC_Ecuabet_Registros_Deportivas,2,0.32,0,0,0.0,-0.32,bolavip.com
2025-10-01,EC_Ecuabet_Registros_Deportivas,7,0.44,0,0,0.0,-0.44,bionotis.xyz
2025-10-01,EC_Ecuabet_Registros_Deportivas,1,0.08,0,0,0.0,-0.08,ametalurgia.com
2025-10-01,EC_Ecuabet_Registros_Deportivas,7,0.672,0,0,0.0,-0.672,adqva.com
2025-10-01,EC_Ecuabet_Registros_Deportivas,6,0.24,0,0,0.0,-0.24,actualizadas.com
2025-10-01,EC_Ecuabet_Registros_Deportivas,7,0.159,0,0,0.0,-0.159,Xiaomi Browser Newsfeed
2025-10-01,Peru | Aciertala | 2025,1,0.075,0,0,0.0,-0.075,trome.com
2025-10-01,Peru | Aciertala | 2025,1,0.075,0,0,0.0,-0.075,prensalibre.com
2025-10-01,Peru | Aciertala | 2025,1,0.075,0,0,0.0,-0.075,peru21.pe
2025-10-01,Peru | Aciertala | 2025,1,0.075,0,0,0.0,-0.075,larazon.pe
2025-10-01,Peru | Aciertala | 2025,9,0.675,0,0,0.0,-0.675,elmen.pe
2025-10-01,Peru | Aciertala | 2025,1,0.075,0,0,0.0,-0.075,elle.mx
2025-10-01,Peru | Aciertala | 2025,0,0.0,0,0,0.0,0.0,eleconomista.com.mx
2025-10-01,Peru | Aciertala | 2025,1,0.075,0,0,0.0,-0.075,diariocorreo.pe
2025-10-01,Peru | Aciertala | 2025,2,0.15,0,0,0.0,-0.15,depor.com
2025-10-01,Peru | Aciertala | 2025,1,0.075,0,0,0.0,-0.075,canal26.com
2025-10-01,Peru | Aciertala | 2025,2,0.15,0,0,0.0,-0.15,atv.pe
2025-10-01,Peru | Aciertala | 2025,2,0.15,0,0,0.0,-0.15,antena2.com
2025-10-01,Peru | Aciertala | 2025,1,0.075,0,0,0.0,-0.075,am.com.mx
2025-10-01,Peru | Aciertala | 2025,17,1.275,0,0,0.0,-1.275,Outlook Web Mobile
2025-10-01,Peru | Aciertala | 2025,2,0.15,0,0,0.0,-0.15,Outlook Web Mail
2025-10-01,Peru | Aciertala | 2025,36,2.7,0,0,0.0,-2.7,Outlook Web Desktop
2025-10-01,Peru | Aciertala | 2025,3,0.225,0,0,0.0,-0.225,Outlook PC Web Inbox
2025-10-01,Peru | Aciertala | 2025,4,0.3,0,0,0.0,-0.3,Outlook Mobile Web Inbox
2025-10-01,Peru | Aciertala | 2025,1,0.075,0,0,0.0,-0.075,Outlook App Lite Android Primary
2025-10-01,Peru | Aciertala | 2025,1,0.075,0,0,0.0,-0.075,Outlook App Lite Android Other
2025-10-01,Peru | Aciertala | 2025,4,0.3,0,0,0.0,-0.3,Outlook App Inbox
2025-10-01,Peru | Aciertala | 2025,1,0.075,0,0,0.0,-0.075,Office Monarch Non Inbox Desktop
2025-10-01,Peru | Aciertala | 2025,1,0.075,0,0,0.0,-0.075,Office Monarch Inbox Primary Desktop
2025-10-01,Peru | Aciertala | 2025,18,1.35,0,0,0.0,-1.35,Office Monarch Inbox Desktop
2025-10-01,Peru | Aciertala | 2025,1,0.075,0,0,0.0,-0.075,Microsoft Outlook IOS Native Inbox
2025-10-01,Peru | Aciertala | 2025,23,1.725,0,0,0.0,-1.725,Microsoft Outlook Android App
2025-10-01,Peru | Aciertala | 2025,4,0.3,0,0,0.0,-0.3,HUAWEI Browser - Android
2025-10-01,Peru | Aciertala | 2025,18,1.35,0,0,0.0,-1.35,HUAWEI Assistant∙TODAY - Android
2025-10-01,Peru | Aciertala | 2025,8,0.6,0,0,0.0,-0.6,HUAWEI AI Search - Android
2025-10-01,Peru | Aciertala_Casino | 2025,1,0.07,0,0,0.0,-0.07,terra.com.mx
2025-10-01,Peru | Aciertala_Casino | 2025,1,0.07,0,0,0.0,-0.07,larazon.pe
2025-10-01,Peru | Aciertala_Casino | 2025,2,0.14,0,0,0.0,-0.14,excelsior.com.mx
2025-10-01,Peru | Aciertala_Casino | 2025,1,0.07,0,0,0.0,-0.07,elnacional.com
2025-10-01,Peru | Aciertala_Casino | 2025,4,0.28,0,0,0.0,-0.28,elmen.pe
2025-10-01,Peru | Aciertala_Casino | 2025,0,0.0,0,0,0.0,0.0,eleconomista.com.mx
2025-10-01,Peru | Aciertala_Casino | 2025,1,0.07,0,0,0.0,-0.07,diariocorreo.pe
2025-10-01,Peru | Aciertala_Casino | 2025,1,0.07,0,0,0.0,-0.07,cronista.com
2025-10-01,Peru | Aciertala_Casino | 2025,2,0.14,0,0,0.0,-0.14,bitlyanews.com
2025-10-01,Peru | Aciertala_Casino | 2025,0,0.0,0,0,0.0,0.0,am.com.mx
2025-10-01,Peru | Aciertala_Casino | 2025,1,0.07,0,0,0.0,-0.07,albertonews.com
2025-10-01,Peru | Aciertala_Casino | 2025,6,0.42,0,0,0.0,-0.42,Outlook Web Mobile
2025-10-01,Peru | Aciertala_Casino | 2025,25,1.75,0,0,0.0,-1.75,Outlook Web Desktop
2025-10-01,Peru | Aciertala_Casino | 2025,3,0.21,0,0,0.0,-0.21,Outlook PC Web Inbox
2025-10-01,Peru | Aciertala_Casino | 2025,1,0.07,0,0,0.0,-0.07,Outlook Mobile Web Inbox
2025-10-01,Peru | Aciertala_Casino | 2025,1,0.07,0,0,0.0,-0.07,Outlook App Lite Android Primary
2025-10-01,Peru | Aciertala_Casino | 2025,2,0.14,0,0,0.0,-0.14,Outlook App Inbox
2025-10-01,Peru | Aciertala_Casino | 2025,11,0.77,0,0,0.0,-0.77,Office Monarch Inbox Desktop
2025-10-01,Peru | Aciertala_Casino | 2025,20,1.4,0,0,0.0,-1.4,Microsoft Start Android App
2025-10-01,Peru | Aciertala_Casino | 2025,6,0.42,0,0,0.0,-0.42,Microsoft Outlook Android App
2025-10-01,Peru | Aciertala_Casino | 2025,1,0.07,0,0,0.0,-0.07,MSN Video pages River Cards
2025-10-01,Peru | Aciertala_Casino | 2025,2,0.14,0,0,0.0,-0.14,MSN Video pages
2025-10-01,Peru | Aciertala_Casino | 2025,7,0.49,0,0,0.0,-0.49,MSN New Tab River Cards
2025-10-01,Peru | Aciertala_Casino | 2025,2,0.14,0,0,0.0,-0.14,MSN New Tab Infopane
2025-10-01,Peru | Aciertala_Casino | 2025,2,0.14,0,0,0.0,-0.14,MSN In-article
2025-10-01,Peru | Aciertala_Casino | 2025,2,0.14,0,0,0.0,-0.14,MSN Homepage Infopane
2025-10-01,Peru | Aciertala_Casino | 2025,18,1.26,0,0,0.0,-1.26,MSN Gallery Interstitial
2025-10-01,Peru | Aciertala_Casino | 2025,3,0.21,0,0,0.0,-0.21,MSN Article pages River Cards
2025-10-01,Peru | Aciertala_Casino | 2025,2,0.14,0,0,0.0,-0.14,HUAWEI Weather - Android
2025-10-01,Peru | Aciertala_Casino | 2025,8,0.56,0,0,0.0,-0.56,HUAWEI Browser - Android
2025-10-01,Peru | Aciertala_Casino | 2025,9,0.63,0,0,0.0,-0.63,HUAWEI Assistant∙TODAY - Android
2025-10-02,EC_Ecuabet_Registros_Casino,2,0.18,0,0,0.0,-0.18,wuaze.com
2025-10-02,EC_Ecuabet_Registros_Casino,2,0.155,0,0,0.0,-0.155,w3diary.com
2025-10-02,EC_Ecuabet_Registros_Casino,23,0.736,0,0,0.0,-0.736,viralymedio.com
2025-10-02,EC_Ecuabet_Registros_Casino,6,0.156,0,0,0.0,-0.156,viralsalud.club
2025-10-02,EC_Ecuabet_Registros_Casino,1,0.09,0,0,0.0,-0.09,viralonline.click
2025-10-02,EC_Ecuabet_Registros_Casino,8,0.605,0,0,0.0,-0.605,viralinkx.com
2025-10-02,EC_Ecuabet_Registros_Casino,14,0.339,0,0,0.0,-0.339,viraliking.com
2025-10-02,EC_Ecuabet_Registros_Casino,2,0.16,0,0,0.0,-0.16,viralesenred.com
2025-10-02,EC_Ecuabet_Registros_Casino,4,0.325,0,0,0.0,-0.325,very-amazing.com
2025-10-02,EC_Ecuabet_Registros_Casino,2,0.165,0,0,0.0,-0.165,verboruto.online
2025-10-02,EC_Ecuabet_Registros_Casino,1,0.05,0,0,0.0,-0.05,uoxcom.com
2025-10-02,EC_Ecuabet_Registros_Casino,12,1.01,0,0,0.0,-1.01,unisalia.com
2025-10-02,EC_Ecuabet_Registros_Casino,3,0.245,0,0,0.0,-0.245,tvc.com.ec
2025-10-02,EC_Ecuabet_Registros_Casino,10,0.845,0,0,0.0,-0.845,tusitioviral.com
2025-10-02,EC_Ecuabet_Registros_Casino,1,0.075,0,0,0.0,-0.075,tusbuenasnoticias.com
2025-10-02,EC_Ecuabet_Registros_Casino,2,0.17,0,0,0.0,-0.17,todosobreremedios.com
2025-10-02,EC_Ecuabet_Registros_Casino,1,0.09,0,0,0.0,-0.09,todoenlared.net
2025-10-02,EC_Ecuabet_Registros_Casino,1,0.085,0,0,0.0,-0.085,tickdiarios.com
2025-10-02,EC_Ecuabet_Registros_Casino,1,0.09,0,0,0.0,-0.09,taybanha02.top
2025-10-02,EC_Ecuabet_Registros_Casino,1,0.075,0,0,0.0,-0.075,taybanha01.top
2025-10-02,EC_Ecuabet_Registros_Casino,46,1.7975,0,0,0.0,-1.7975,squidapp.co
2025-10-02,EC_Ecuabet_Registros_Casino,9,0.755,0,0,0.0,-0.755,soloparati.online
2025-10-02,EC_Ecuabet_Registros_Casino,1,0.075,0,0,0.0,-0.075,skynovels.net
2025-10-02,EC_Ecuabet_Registros_Casino,1,0.04,0,0,0.0,-0.04,saludremedios.site
2025-10-02,EC_Ecuabet_Registros_Casino,2,0.16,0,0,0.0,-0.16,saludnaturales.xyz
2025-10-02,EC_Ecuabet_Registros_Casino,2,0.17,0,0,0.0,-0.17,saludactua.online
2025-10-02,EC_Ecuabet_Registros_Casino,3,0.3315,0,0,0.0,-0.3315,saludablefree.com
2025-10-02,EC_Ecuabet_Registros_Casino,4,0.325,0,0,0.0,-0.325,saboryconsejo.info
2025-10-02,EC_Ecuabet_Registros_Casino,4,0.34,0,0,0.0,-0.34,remediossaludables.com
2025-10-02,EC_Ecuabet_Registros_Casino,8,0.655,0,0,0.0,-0.655,remedioscasero.info
2025-10-02,EC_Ecuabet_Registros_Casino,1,0.08,0,0,0.0,-0.08,remediosaqui.com
2025-10-02,EC_Ecuabet_Registros_Casino,3,0.255,0,0,0.0,-0.255,remedionatural.xyz
2025-10-02,EC_Ecuabet_Registros_Casino,1,0.08,0,0,0.0,-0.08,remdviral.com
2025-10-02,EC_Ecuabet_Registros_Casino,1,0.09,0,0,0.0,-0.09,recetashogar.xyz
2025-10-02,EC_Ecuabet_Registros_Casino,1,0.09,0,0,0.0,-0.09,recetas-es.top
2025-10-02,EC_Ecuabet_Registros_Casino,6,0.485,0,0,0.0,-0.485,puravida194.blogspot.com
2025-10-02,EC_Ecuabet_Registros_Casino,3,0.25,0,0,0.0,-0.25,pulzo.com
2025-10-02,EC_Ecuabet_Registros_Casino,1,0.09,0,0,0.0,-0.09,prensaescrita.com
2025-10-02,EC_Ecuabet_Registros_Casino,1,0.09,0,0,0.0,-0.09,portalviral.live
2025-10-02,EC_Ecuabet_Registros_Casino,2,0.15,0,0,0.0,-0.15,playboy.com.mx
2025-10-02,EC_Ecuabet_Registros_Casino,1,0.085,0,0,0.0,-0.085,peru-retail.com
2025-10-02,EC_Ecuabet_Registros_Casino,1,0.09,0,0,0.0,-0.09,openiu.com
2025-10-02,EC_Ecuabet_Registros_Casino,1,0.075,0,0,0.0,-0.075,onepiecemovil.com
2025-10-02,EC_Ecuabet_Registros_Casino,1,0.08,0,0,0.0,-0.08,olipam.com
2025-10-02,EC_Ecuabet_Registros_Casino,13,0.47,0,0,0.0,-0.47,olarviral.com
2025-10-02,EC_Ecuabet_Registros_Casino,3,0.235,0,0,0.0,-0.235,nutricionysaludd.com
2025-10-02,EC_Ecuabet_Registros_Casino,1,0.08,0,0,0.0,-0.08,novelas24h.com
2025-10-02,EC_Ecuabet_Registros_Casino,2,0.175,0,0,0.0,-0.175,notiiflash.com
2025-10-02,EC_Ecuabet_Registros_Casino,3,0.255,0,0,0.0,-0.255,noticlub.top
2025-10-02,EC_Ecuabet_Registros_Casino,107,2.7375,0,0,0.0,-2.7375,noticiassalud.net
2025-10-02,EC_Ecuabet_Registros_Casino,1,0.08,0,0,0.0,-0.08,noticiasimpactodiario.blogspot.com
2025-10-02,EC_Ecuabet_Registros_Casino,4,0.305,0,0,0.0,-0.305,noticiasdiariasnews.com
2025-10-02,EC_Ecuabet_Registros_Casino,34,2.745,0,0,0.0,-2.745,noticiasdehoyy.net
2025-10-02,EC_Ecuabet_Registros_Casino,2,0.051,0,0,0.0,-0.051,noticiaomg.com
2025-10-02,EC_Ecuabet_Registros_Casino,160,12.12,0,0,0.0,-12.12,newnoti.com
2025-10-02,EC_Ecuabet_Registros_Casino,1,0.075,0,0,0.0,-0.075,natureview.net
2025-10-02,EC_Ecuabet_Registros_Casino,2,0.13,0,0,0.0,-0.13,mundoabsurdo.site
2025-10-02,EC_Ecuabet_Registros_Casino,1,0.08,0,0,0.0,-0.08,milagrosasalud.com
2025-10-02,EC_Ecuabet_Registros_Casino,1,0.0375,0,0,0.0,-0.0375,mhonividente.xyz
2025-10-02,EC_Ecuabet_Registros_Casino,18,1.49,0,0,0.0,-1.49,me-encantas.com
2025-10-02,EC_Ecuabet_Registros_Casino,2,0.17,0,0,0.0,-0.17,lomasrelevante.top
2025-10-02,EC_Ecuabet_Registros_Casino,1,0.09,0,0,0.0,-0.09,latinus.us
2025-10-02,EC_Ecuabet_Registros_Casino,1,0.09,0,0,0.0,-0.09,las2orillas.co
2025-10-02,EC_Ecuabet_Registros_Casino,5,0.425,0,0,0.0,-0.425,lanoticia1ro.com
2025-10-02,EC_Ecuabet_Registros_Casino,5,0.395,0,0,0.0,-0.395,lacuranatural.net
2025-10-02,EC_Ecuabet_Registros_Casino,1,0.08,0,0,0.0,-0.08,jornada.com.mx
2025-10-02,EC_Ecuabet_Registros_Casino,59,4.71,0,0,0.0,-4.71,jetrapic.com
2025-10-02,EC_Ecuabet_Registros_Casino,1,0.085,0,0,0.0,-0.085,invdes.com.mx
2025-10-02,EC_Ecuabet_Registros_Casino,1,0.09,0,0,0.0,-0.09,interesantestop.blogspot.com
2025-10-02,EC_Ecuabet_Registros_Casino,129,3.2235,0,0,0.0,-3.2235,infotime.co
2025-10-02,EC_Ecuabet_Registros_Casino,4,0.325,0,0,0.0,-0.325,informan2.us
2025-10-02,EC_Ecuabet_Registros_Casino,2,0.18,0,0,0.0,-0.18,ideasmanualidades.xyz
2025-10-02,EC_Ecuabet_Registros_Casino,1,0.09,0,0,0.0,-0.09,ideascaserasparelhogar.com
2025-10-02,EC_Ecuabet_Registros_Casino,9,0.228,0,0,0.0,-0.228,hubvirales.com
2025-10-02,EC_Ecuabet_Registros_Casino,2,0.15,0,0,0.0,-0.15,globoviral.com
2025-10-02,EC_Ecuabet_Registros_Casino,3,0.24,0,0,0.0,-0.24,giantapp.online
2025-10-02,EC_Ecuabet_Registros_Casino,3,0.1785,0,0,0.0,-0.1785,fullnoticiasplus.blogspot.com
2025-10-02,EC_Ecuabet_Registros_Casino,6,0.51,0,0,0.0,-0.51,fotise.com
2025-10-02,EC_Ecuabet_Registros_Casino,0,0.0,0,0,0.0,0.0,flux-studio.site
2025-10-02,EC_Ecuabet_Registros_Casino,3,0.25,0,0,0.0,-0.25,feji.io
2025-10-02,EC_Ecuabet_Registros_Casino,2,0.039,0,0,0.0,-0.039,fbviral.com
2025-10-02,EC_Ecuabet_Registros_Casino,17,0.68,0,0,0.0,-0.68,fbclic.com
2025-10-02,EC_Ecuabet_Registros_Casino,2,0.048,0,0,0.0,-0.048,famososyvirales.com
2025-10-02,EC_Ecuabet_Registros_Casino,5,0.37,0,0,0.0,-0.37,expansion.mx
2025-10-02,EC_Ecuabet_Registros_Casino,1,0.075,0,0,0.0,-0.075,excelsior.com.mx
2025-10-02,EC_Ecuabet_Registros_Casino,2,0.17,0,0,0.0,-0.17,elrincondefafa.com
2025-10-02,EC_Ecuabet_Registros_Casino,2,0.18,0,0,0.0,-0.18,elnacional.com
2025-10-02,EC_Ecuabet_Registros_Casino,1,0.085,0,0,0.0,-0.085,elespectador.com
2025-10-02,EC_Ecuabet_Registros_Casino,3,0.245,0,0,0.0,-0.245,elcomercio.pe
2025-10-02,EC_Ecuabet_Registros_Casino,1,0.075,0,0,0.0,-0.075,elbilletecash.com
2025-10-02,EC_Ecuabet_Registros_Casino,1,0.085,0,0,0.0,-0.085,efectococuyo.com
2025-10-02,EC_Ecuabet_Registros_Casino,2,0.14,0,0,0.0,-0.14,eacar.xyz
2025-10-02,EC_Ecuabet_Registros_Casino,8,0.64,0,0,0.0,-0.64,dionisio.com.ar
2025-10-02,EC_Ecuabet_Registros_Casino,1,0.05,0,0,0.0,-0.05,diez.hn
2025-10-02,EC_Ecuabet_Registros_Casino,1,0.08,0,0,0.0,-0.08,diariolibree.com
2025-10-02,EC_Ecuabet_Registros_Casino,1,0.08,0,0,0.0,-0.08,diarioextra.com
2025-10-02,EC_Ecuabet_Registros_Casino,1,0.09,0,0,0.0,-0.09,detodounpocoyunpocodetodo1986.blogspot.com
2025-10-02,EC_Ecuabet_Registros_Casino,1,0.015,0,0,0.0,-0.015,datosdetuinteres.com
2025-10-02,EC_Ecuabet_Registros_Casino,1,0.09,0,0,0.0,-0.09,cyclesandstories.com
2025-10-02,EC_Ecuabet_Registros_Casino,5,0.43,0,0,0.0,-0.43,curiosidadesvirales.com
2025-10-02,EC_Ecuabet_Registros_Casino,34,2.78,0,0,0.0,-2.78,cronista.com
2025-10-02,EC_Ecuabet_Registros_Casino,1,0.08,0,0,0.0,-0.08,consejosytrucosdejardineria.com
2025-10-02,EC_Ecuabet_Registros_Casino,1,0.05,0,0,0.0,-0.05,consejogenial.com
2025-10-02,EC_Ecuabet_Registros_Casino,1,0.08,0,0,0.0,-0.08,consallud.com
2025-10-02,EC_Ecuabet_Registros_Casino,3,0.255,0,0,0.0,-0.255,cibermundo.site
2025-10-02,EC_Ecuabet_Registros_Casino,3,0.13,0,0,0.0,-0.13,chainityai.com
2025-10-02,EC_Ecuabet_Registros_Casino,1,0.09,0,0,0.0,-0.09,canal26.com
2025-10-02,EC_Ecuabet_Registros_Casino,7,0.56,0,0,0.0,-0.56,borutoanime.online
2025-10-02,EC_Ecuabet_Registros_Casino,6,1.067,0,0,0.0,-1.067,bolavip.com
2025-10-02,EC_Ecuabet_Registros_Casino,2,0.09,0,0,0.0,-0.09,bionotis.xyz
2025-10-02,EC_Ecuabet_Registros_Casino,4,0.33,0,0,0.0,-0.33,bienvenidoalhogar3.com
2025-10-02,EC_Ecuabet_Registros_Casino,1,0.12,0,0,0.0,-0.12,antena2.com
2025-10-02,EC_Ecuabet_Registros_Casino,2,0.165,0,0,0.0,-0.165,ametalurgia.com
2025-10-02,EC_Ecuabet_Registros_Casino,3,0.235,0,0,0.0,-0.235,adqva.com
2025-10-02,EC_Ecuabet_Registros_Casino,26,1.484,0,0,0.0,-1.484,actualizadas.com
2025-10-02,EC_Ecuabet_Registros_Casino,3,0.27,0,0,0.0,-0.27,acentofinal.xyz
2025-10-02,EC_Ecuabet_Registros_Casino,1,0.08,0,0,0.0,-0.08,3notiactualidad.blogspot.com
2025-10-02,EC_Ecuabet_Registros_Deportivas,2,0.08,0,0,0.0,-0.08,viralymedio.com
2025-10-02,EC_Ecuabet_Registros_Deportivas,2,0.16,0,0,0.0,-0.16,viralinkx.com
2025-10-02,EC_Ecuabet_Registros_Deportivas,2,0.048,0,0,0.0,-0.048,viraliking.com
2025-10-02,EC_Ecuabet_Registros_Deportivas,2,0.165,0,0,0.0,-0.165,very-amazing.com
2025-10-02,EC_Ecuabet_Registros_Deportivas,1,0.085,0,0,0.0,-0.085,verboruto.online
2025-10-02,EC_Ecuabet_Registros_Deportivas,1,0.085,0,0,0.0,-0.085,verblackclover.com
2025-10-02,EC_Ecuabet_Registros_Deportivas,1,0.08,0,0,0.0,-0.08,unisalia.com
2025-10-02,EC_Ecuabet_Registros_Deportivas,2,0.16,0,0,0.0,-0.16,tusitioviral.com
2025-10-02,EC_Ecuabet_Registros_Deportivas,1,0.08,0,0,0.0,-0.08,taybanha04.top
2025-10-02,EC_Ecuabet_Registros_Deportivas,13,1.04,0,0,0.0,-1.04,squidapp.co
2025-10-02,EC_Ecuabet_Registros_Deportivas,1,0.08,0,0,0.0,-0.08,soloparati.online
2025-10-02,EC_Ecuabet_Registros_Deportivas,18,1.355,0,0,0.0,-1.355,saludremedios.site
2025-10-02,EC_Ecuabet_Registros_Deportivas,1,0.08,0,0,0.0,-0.08,saludactua.online
2025-10-02,EC_Ecuabet_Registros_Deportivas,2,0.16,0,0,0.0,-0.16,saludablefree.com
2025-10-02,EC_Ecuabet_Registros_Deportivas,1,0.08,0,0,0.0,-0.08,saboryconsejo.info
2025-10-02,EC_Ecuabet_Registros_Deportivas,1,0.05,0,0,0.0,-0.05,revistamoi.com
2025-10-02,EC_Ecuabet_Registros_Deportivas,1,0.08,0,0,0.0,-0.08,remedionatural.xyz
2025-10-02,EC_Ecuabet_Registros_Deportivas,5,0.2025,0,0,0.0,-0.2025,redmas.com.co
2025-10-02,EC_Ecuabet_Registros_Deportivas,1,0.08,0,0,0.0,-0.08,recetasnatural.xyz
2025-10-02,EC_Ecuabet_Registros_Deportivas,2,0.13,0,0,0.0,-0.13,pulzo.com
2025-10-02,EC_Ecuabet_Registros_Deportivas,1,0.05,0,0,0.0,-0.05,openiu.com
2025-10-02,EC_Ecuabet_Registros_Deportivas,5,0.38,0,0,0.0,-0.38,olarviral.com
2025-10-02,EC_Ecuabet_Registros_Deportivas,2,0.16,0,0,0.0,-0.16,ok-salud.com
2025-10-02,EC_Ecuabet_Registros_Deportivas,1,0.085,0,0,0.0,-0.085,nutricionysaludd.com
2025-10-02,EC_Ecuabet_Registros_Deportivas,1,0.085,0,0,0.0,-0.085,nutricionvitae.com
2025-10-02,EC_Ecuabet_Registros_Deportivas,3,0.22,0,0,0.0,-0.22,notisdiarias.com
2025-10-02,EC_Ecuabet_Registros_Deportivas,1,0.08,0,0,0.0,-0.08,notidiaria.com
2025-10-02,EC_Ecuabet_Registros_Deportivas,1,0.08,0,0,0.0,-0.08,noticiasrcn.com
2025-10-02,EC_Ecuabet_Registros_Deportivas,8,0.6,0,0,0.0,-0.6,noticiasdehoyy.net
2025-10-02,EC_Ecuabet_Registros_Deportivas,5,0.2075,0,0,0.0,-0.2075,noticiasamaris.com
2025-10-02,EC_Ecuabet_Registros_Deportivas,6,0.455,0,0,0.0,-0.455,noticiaomg.com
2025-10-02,EC_Ecuabet_Registros_Deportivas,3,0.215,0,0,0.0,-0.215,notasuperinteresantes.blogspot.com
2025-10-02,EC_Ecuabet_Registros_Deportivas,4,0.33,0,0,0.0,-0.33,newnoti.com
2025-10-02,EC_Ecuabet_Registros_Deportivas,1,0.08,0,0,0.0,-0.08,milagrosasalud.com
2025-10-02,EC_Ecuabet_Registros_Deportivas,2,0.165,0,0,0.0,-0.165,mhonividente.xyz
2025-10-02,EC_Ecuabet_Registros_Deportivas,3,0.245,0,0,0.0,-0.245,me-encantas.com
2025-10-02,EC_Ecuabet_Registros_Deportivas,1,0.08,0,0,0.0,-0.08,latinluchas.com
2025-10-02,EC_Ecuabet_Registros_Deportivas,1,0.085,0,0,0.0,-0.085,latinchats.org
2025-10-02,EC_Ecuabet_Registros_Deportivas,4,0.265,0,0,0.0,-0.265,latinchats.net
2025-10-02,EC_Ecuabet_Registros_Deportivas,3,0.24,0,0,0.0,-0.24,larepublica.ec
2025-10-02,EC_Ecuabet_Registros_Deportivas,2,0.165,0,0,0.0,-0.165,lacuranatural.net
2025-10-02,EC_Ecuabet_Registros_Deportivas,5,0.4,0,0,0.0,-0.4,jetrapic.com
2025-10-02,EC_Ecuabet_Registros_Deportivas,20,0.4635,0,0,0.0,-0.4635,interesantetop.top
2025-10-02,EC_Ecuabet_Registros_Deportivas,21,0.51,0,0,0.0,-0.51,infotime.co
2025-10-02,EC_Ecuabet_Registros_Deportivas,1,0.08,0,0,0.0,-0.08,giantapp.online
2025-10-02,EC_Ecuabet_Registros_Deportivas,12,0.915,0,0,0.0,-0.915,fullnoticiasplus.blogspot.com
2025-10-02,EC_Ecuabet_Registros_Deportivas,1,0.08,0,0,0.0,-0.08,franciscosaludable.com
2025-10-02,EC_Ecuabet_Registros_Deportivas,2,0.16,0,0,0.0,-0.16,fotise.com
2025-10-02,EC_Ecuabet_Registros_Deportivas,1,0.085,0,0,0.0,-0.085,flux-studio.site
2025-10-02,EC_Ecuabet_Registros_Deportivas,2,0.16,0,0,0.0,-0.16,feji.io
2025-10-02,EC_Ecuabet_Registros_Deportivas,5,0.2025,0,0,0.0,-0.2025,fbviral.com
2025-10-02,EC_Ecuabet_Registros_Deportivas,12,0.585,0,0,0.0,-0.585,famososyvirales.com
2025-10-02,EC_Ecuabet_Registros_Deportivas,1,0.085,0,0,0.0,-0.085,elnoticiero-primero.blogspot.com
2025-10-02,EC_Ecuabet_Registros_Deportivas,2,0.17,0,0,0.0,-0.17,elfarandi.com
2025-10-02,EC_Ecuabet_Registros_Deportivas,1,0.05,0,0,0.0,-0.05,eleconomista.com.mx
2025-10-02,EC_Ecuabet_Registros_Deportivas,2,0.16,0,0,0.0,-0.16,elcomercio.pe
2025-10-02,EC_Ecuabet_Registros_Deportivas,1,0.08,0,0,0.0,-0.08,dragondelasesferas.com
2025-10-02,EC_Ecuabet_Registros_Deportivas,1,0.08,0,0,0.0,-0.08,diariolibree.com
2025-10-02,EC_Ecuabet_Registros_Deportivas,1,0.08,0,0,0.0,-0.08,diarioextra.com
2025-10-02,EC_Ecuabet_Registros_Deportivas,1,0.08,0,0,0.0,-0.08,datosdetuinteres.com
2025-10-02,EC_Ecuabet_Registros_Deportivas,2,0.16,0,0,0.0,-0.16,curiosidadesvirales.com
2025-10-02,EC_Ecuabet_Registros_Deportivas,1,0.08,0,0,0.0,-0.08,curiosidadesaldia.com
2025-10-02,EC_Ecuabet_Registros_Deportivas,2,0.16,0,0,0.0,-0.16,chainityai.com
2025-10-02,EC_Ecuabet_Registros_Deportivas,1,0.085,0,0,0.0,-0.085,borutoanime.online
2025-10-02,EC_Ecuabet_Registros_Deportivas,1,0.08,0,0,0.0,-0.08,bitlyanews.com
2025-10-02,EC_Ecuabet_Registros_Deportivas,7,0.48,0,0,0.0,-0.48,bionotis.xyz
2025-10-02,EC_Ecuabet_Registros_Deportivas,2,0.16,0,0,0.0,-0.16,benefimundo.com
2025-10-02,EC_Ecuabet_Registros_Deportivas,2,0.17,0,0,0.0,-0.17,afondoedomex.com
2025-10-02,EC_Ecuabet_Registros_Deportivas,6,0.576,0,1,0.0,-0.576,adqva.com
2025-10-02,EC_Ecuabet_Registros_Deportivas,6,0.2425,0,0,0.0,-0.2425,actualizadas.com
2025-10-02,EC_Ecuabet_Registros_Deportivas,8,0.192,0,0,0.0,-0.192,Xiaomi Browser Newsfeed
2025-10-02,Peru | Aciertala | 2025,1,0.075,0,0,0.0,-0.075,trome.com
2025-10-02,Peru | Aciertala | 2025,2,0.15,0,0,0.0,-0.15,redmas.com.co
2025-10-02,Peru | Aciertala | 2025,1,0.075,0,0,0.0,-0.075,redgol.cl
2025-10-02,Peru | Aciertala | 2025,1,0.075,0,0,0.0,-0.075,quepasasalta.com.ar
2025-10-02,Peru | Aciertala | 2025,2,0.15,0,0,0.0,-0.15,larazon.pe
2025-10-02,Peru | Aciertala | 2025,1,0.075,0,0,0.0,-0.075,expansion.mx
2025-10-02,Peru | Aciertala | 2025,1,0.075,0,0,0.0,-0.075,elnacional.com
2025-10-02,Peru | Aciertala | 2025,17,1.275,0,0,0.0,-1.275,elmen.pe
2025-10-02,Peru | Aciertala | 2025,1,0.075,0,0,0.0,-0.075,elle.mx
2025-10-02,Peru | Aciertala | 2025,0,0.0,0,0,0.0,0.0,eleconomista.com.mx
2025-10-02,Peru | Aciertala | 2025,1,0.075,0,0,0.0,-0.075,diariocorreo.pe
2025-10-02,Peru | Aciertala | 2025,2,0.15,0,0,0.0,-0.15,depor.com
2025-10-02,Peru | Aciertala | 2025,1,0.075,0,0,0.0,-0.075,datachaco.com
2025-10-02,Peru | Aciertala | 2025,6,0.45,0,0,0.0,-0.45,cronista.com
2025-10-02,Peru | Aciertala | 2025,1,0.075,0,0,0.0,-0.075,bolavip.com
2025-10-02,Peru | Aciertala | 2025,1,0.075,0,0,0.0,-0.075,am.com.mx
2025-10-02,Peru | Aciertala | 2025,1,0.075,0,0,0.0,-0.075,Outlook Web Non Inbox
2025-10-02,Peru | Aciertala | 2025,13,0.975,0,0,0.0,-0.975,Outlook Web Mobile
2025-10-02,Peru | Aciertala | 2025,1,0.075,0,0,0.0,-0.075,Outlook Web Mail
2025-10-02,Peru | Aciertala | 2025,31,2.325,0,0,0.0,-2.325,Outlook Web Desktop
2025-10-02,Peru | Aciertala | 2025,2,0.15,0,0,0.0,-0.15,Outlook PC Web Inbox
2025-10-02,Peru | Aciertala | 2025,2,0.15,0,0,0.0,-0.15,Outlook App Lite Android Other
2025-10-02,Peru | Aciertala | 2025,4,0.3,0,0,0.0,-0.3,Outlook App Inbox
2025-10-02,Peru | Aciertala | 2025,2,0.15,0,0,0.0,-0.15,Office Monarch Inbox Primary Desktop
2025-10-02,Peru | Aciertala | 2025,23,1.725,0,0,0.0,-1.725,Office Monarch Inbox Desktop
2025-10-02,Peru | Aciertala | 2025,7,0.525,0,0,0.0,-0.525,Microsoft Outlook Android App
2025-10-02,Peru | Aciertala | 2025,5,0.375,0,0,0.0,-0.375,HUAWEI Browser - Android
2025-10-02,Peru | Aciertala | 2025,23,1.725,0,0,0.0,-1.725,HUAWEI Assistant∙TODAY - Android
2025-10-02,Peru | Aciertala | 2025,8,0.6,0,0,0.0,-0.6,HUAWEI AI Search - Android
2025-10-02,Peru | Aciertala_Casino | 2025,8,0.56,0,0,0.0,-0.56,trome.com
2025-10-02,Peru | Aciertala_Casino | 2025,1,0.07,0,0,0.0,-0.07,larazon.pe
2025-10-02,Peru | Aciertala_Casino | 2025,14,0.98,0,0,0.0,-0.98,elmen.pe
2025-10-02,Peru | Aciertala_Casino | 2025,2,0.14,0,0,0.0,-0.14,eleconomista.com.mx
2025-10-02,Peru | Aciertala_Casino | 2025,3,0.21,0,0,0.0,-0.21,cronista.com
2025-10-02,Peru | Aciertala_Casino | 2025,1,0.07,0,0,0.0,-0.07,bolavip.com
2025-10-02,Peru | Aciertala_Casino | 2025,0,0.0,0,0,0.0,0.0,am.com.mx
2025-10-02,Peru | Aciertala_Casino | 2025,6,0.42,0,0,0.0,-0.42,Outlook Web Mobile
2025-10-02,Peru | Aciertala_Casino | 2025,1,0.07,0,0,0.0,-0.07,Outlook Web Mail
2025-10-02,Peru | Aciertala_Casino | 2025,27,1.89,0,0,0.0,-1.89,Outlook Web Desktop
2025-10-02,Peru | Aciertala_Casino | 2025,1,0.07,0,0,0.0,-0.07,Outlook PC Web Inbox
2025-10-02,Peru | Aciertala_Casino | 2025,3,0.21,0,0,0.0,-0.21,Outlook Mobile Web Inbox
2025-10-02,Peru | Aciertala_Casino | 2025,1,0.07,0,0,0.0,-0.07,Outlook App Inbox
2025-10-02,Peru | Aciertala_Casino | 2025,26,1.82,0,0,0.0,-1.82,Office Monarch Inbox Desktop
2025-10-02,Peru | Aciertala_Casino | 2025,1,0.07,0,0,0.0,-0.07,Microsoft Start iOS App
2025-10-02,Peru | Aciertala_Casino | 2025,1,0.07,0,0,0.0,-0.07,Microsoft Start Video pages River Cards
2025-10-02,Peru | Aciertala_Casino | 2025,14,0.98,0,0,0.0,-0.98,Microsoft Start Android App
2025-10-02,Peru | Aciertala_Casino | 2025,1,0.07,0,0,0.0,-0.07,Microsoft Outlook IOS Native Inbox
2025-10-02,Peru | Aciertala_Casino | 2025,2,0.14,0,0,0.0,-0.14,Microsoft Outlook IOS Native
2025-10-02,Peru | Aciertala_Casino | 2025,4,0.28,0,0,0.0,-0.28,Microsoft Outlook Android App
2025-10-02,Peru | Aciertala_Casino | 2025,2,0.14,0,0,0.0,-0.14,MSN In-article
2025-10-02,Peru | Aciertala_Casino | 2025,1,0.07,0,0,0.0,-0.07,MSN Gallery pages Double River Cards
2025-10-02,Peru | Aciertala_Casino | 2025,3,0.21,0,0,0.0,-0.21,MSN Gallery Interstitial
2025-10-02,Peru | Aciertala_Casino | 2025,3,0.21,0,0,0.0,-0.21,HUAWEI Browser - Android
2025-10-02,Peru | Aciertala_Casino | 2025,14,0.98,0,0,0.0,-0.98,HUAWEI Assistant∙TODAY - Android
2025-10-02,Peru | Aciertala_Casino | 2025,5,0.35,0,0,0.0,-0.35,HUAWEI AI Search - Android
2025-10-03,EC_Ecuabet_Registros_Casino,2,0.155,0,0,0.0,-0.155,wuaze.com
2025-10-03,EC_Ecuabet_Registros_Casino,1,0.09,0,0,0.0,-0.09,w3diary.com
2025-10-03,EC_Ecuabet_Registros_Casino,8,0.27,0,0,0.0,-0.27,viralymedio.com
2025-10-03,EC_Ecuabet_Registros_Casino,9,0.2235,0,0,0.0,-0.2235,viralsalud.club
2025-10-03,EC_Ecuabet_Registros_Casino,2,0.125,0,0,0.0,-0.125,viralonline.click
2025-10-03,EC_Ecuabet_Registros_Casino,11,0.2625,0,0,0.0,-0.2625,viraliking.com
2025-10-03,EC_Ecuabet_Registros_Casino,5,0.42,0,0,0.0,-0.42,viralesenred.com
2025-10-03,EC_Ecuabet_Registros_Casino,1,0.09,0,0,0.0,-0.09,viralenred.com
2025-10-03,EC_Ecuabet_Registros_Casino,1,0.09,0,0,0.0,-0.09,victorraulrr.com
2025-10-03,EC_Ecuabet_Registros_Casino,1,0.09,0,0,0.0,-0.09,verblackclover.com
2025-10-03,EC_Ecuabet_Registros_Casino,1,0.09,0,0,0.0,-0.09,uoxcom.com
2025-10-03,EC_Ecuabet_Registros_Casino,4,0.325,0,0,0.0,-0.325,unisalia.com
2025-10-03,EC_Ecuabet_Registros_Casino,16,1.325,0,0,0.0,-1.325,tusitioviral.com
2025-10-03,EC_Ecuabet_Registros_Casino,2,0.18,0,0,0.0,-0.18,tuscrucigramas.com
2025-10-03,EC_Ecuabet_Registros_Casino,1,0.08,0,0,0.0,-0.08,trome.com
2025-10-03,EC_Ecuabet_Registros_Casino,1,0.09,0,0,0.0,-0.09,tribunademexico.com
2025-10-03,EC_Ecuabet_Registros_Casino,6,0.495,0,0,0.0,-0.495,todosobreremedios.com
2025-10-03,EC_Ecuabet_Registros_Casino,1,0.08,0,0,0.0,-0.08,tipssalud.online
2025-10-03,EC_Ecuabet_Registros_Casino,2,0.17,0,0,0.0,-0.17,telemedellin.tv
2025-10-03,EC_Ecuabet_Registros_Casino,1,0.08,0,0,0.0,-0.08,taybanha04.top
2025-10-03,EC_Ecuabet_Registros_Casino,6,0.52,0,0,0.0,-0.52,taybanha03.top
2025-10-03,EC_Ecuabet_Registros_Casino,4,0.325,0,0,0.0,-0.325,taybanha02.top
2025-10-03,EC_Ecuabet_Registros_Casino,6,0.48,0,0,0.0,-0.48,taybanha01.top
2025-10-03,EC_Ecuabet_Registros_Casino,64,2.4,0,0,0.0,-2.4,squidapp.co
2025-10-03,EC_Ecuabet_Registros_Casino,1,0.09,0,0,0.0,-0.09,soycarmin.com
2025-10-03,EC_Ecuabet_Registros_Casino,1,0.09,0,0,0.0,-0.09,soloparati.online
2025-10-03,EC_Ecuabet_Registros_Casino,2,0.17,0,0,0.0,-0.17,skynovels.net
2025-10-03,EC_Ecuabet_Registros_Casino,1,0.09,0,0,0.0,-0.09,serielatinobobesponja.com
2025-10-03,EC_Ecuabet_Registros_Casino,3,0.26,0,0,0.0,-0.26,saludyconsejosparati.com
2025-10-03,EC_Ecuabet_Registros_Casino,1,0.04,0,0,0.0,-0.04,saludremedios.site
2025-10-03,EC_Ecuabet_Registros_Casino,1,0.08,0,0,0.0,-0.08,saludnaturales.xyz
2025-10-03,EC_Ecuabet_Registros_Casino,2,0.17,0,0,0.0,-0.17,saludactua.online
2025-10-03,EC_Ecuabet_Registros_Casino,1,0.104,0,0,0.0,-0.104,saludablefree.com
2025-10-03,EC_Ecuabet_Registros_Casino,4,0.32,0,0,0.0,-0.32,saboryconsejo.info
2025-10-03,EC_Ecuabet_Registros_Casino,1,0.085,0,0,0.0,-0.085,rts.com.ec
2025-10-03,EC_Ecuabet_Registros_Casino,3,0.26,0,0,0.0,-0.26,remediossaludables.com
2025-10-03,EC_Ecuabet_Registros_Casino,6,0.455,0,0,0.0,-0.455,remedioscasero.info
2025-10-03,EC_Ecuabet_Registros_Casino,4,0.335,0,0,0.0,-0.335,remedionatural.xyz
2025-10-03,EC_Ecuabet_Registros_Casino,1,0.085,0,0,0.0,-0.085,remdviral.com
2025-10-03,EC_Ecuabet_Registros_Casino,0,0.0,0,0,0.0,0.0,record.com.mx
2025-10-03,EC_Ecuabet_Registros_Casino,1,0.09,0,0,0.0,-0.09,recipes-sp.com
2025-10-03,EC_Ecuabet_Registros_Casino,1,0.08,0,0,0.0,-0.08,recetasenlared.com
2025-10-03,EC_Ecuabet_Registros_Casino,1,0.08,0,0,0.0,-0.08,rcnradio.com
2025-10-03,EC_Ecuabet_Registros_Casino,1,0.05,0,0,0.0,-0.05,quien.com
2025-10-03,EC_Ecuabet_Registros_Casino,3,0.25,0,0,0.0,-0.25,puroscaseros.xyz
2025-10-03,EC_Ecuabet_Registros_Casino,1,0.08,0,0,0.0,-0.08,puravida194.blogspot.com
2025-10-03,EC_Ecuabet_Registros_Casino,6,0.49,0,0,0.0,-0.49,pulzo.com
2025-10-03,EC_Ecuabet_Registros_Casino,3,0.23,0,0,0.0,-0.23,prensalibre.com
2025-10-03,EC_Ecuabet_Registros_Casino,11,0.42,0,0,0.0,-0.42,olarviral.com
2025-10-03,EC_Ecuabet_Registros_Casino,14,1.13,0,0,0.0,-1.13,nutricionysaludd.com
2025-10-03,EC_Ecuabet_Registros_Casino,1,0.085,0,0,0.0,-0.085,nutricionvitae.com
2025-10-03,EC_Ecuabet_Registros_Casino,3,0.26,0,0,0.0,-0.26,novelas24h.com
2025-10-03,EC_Ecuabet_Registros_Casino,4,0.315,0,0,0.0,-0.315,novelaplay.com
2025-10-03,EC_Ecuabet_Registros_Casino,1,0.117,0,0,0.0,-0.117,notimixed.com
2025-10-03,EC_Ecuabet_Registros_Casino,2,0.165,0,0,0.0,-0.165,notidiaria.com
2025-10-03,EC_Ecuabet_Registros_Casino,1,0.09,0,0,0.0,-0.09,noticlub.top
2025-10-03,EC_Ecuabet_Registros_Casino,77,1.9515,0,0,0.0,-1.9515,noticiassalud.net
2025-10-03,EC_Ecuabet_Registros_Casino,2,0.18,0,0,0.0,-0.18,noticiasrcn.com
2025-10-03,EC_Ecuabet_Registros_Casino,4,0.35,0,0,0.0,-0.35,noticiasdiariasnews.com
2025-10-03,EC_Ecuabet_Registros_Casino,20,1.625,0,0,0.0,-1.625,noticiasdehoyy.net
2025-10-03,EC_Ecuabet_Registros_Casino,2,0.0465,0,0,0.0,-0.0465,noticiaomg.com
2025-10-03,EC_Ecuabet_Registros_Casino,4,0.096,0,0,0.0,-0.096,notasuperinteresantes.blogspot.com
2025-10-03,EC_Ecuabet_Registros_Casino,254,19.335,0,1,0.0,-19.335,newnoti.com
2025-10-03,EC_Ecuabet_Registros_Casino,1,0.08,0,0,0.0,-0.08,natureview.net
2025-10-03,EC_Ecuabet_Registros_Casino,1,0.09,0,0,0.0,-0.09,mitrucoscaseros.com
2025-10-03,EC_Ecuabet_Registros_Casino,1,0.08,0,0,0.0,-0.08,milagrosasalud.com
2025-10-03,EC_Ecuabet_Registros_Casino,1,0.09,0,0,0.0,-0.09,meencantaelchocolate.com
2025-10-03,EC_Ecuabet_Registros_Casino,5,0.36,0,0,0.0,-0.36,me-encantas.com
2025-10-03,EC_Ecuabet_Registros_Casino,1,0.09,0,0,0.0,-0.09,masajesmexico.mx
2025-10-03,EC_Ecuabet_Registros_Casino,4,0.31,0,0,0.0,-0.31,lomasrelevante.top
2025-10-03,EC_Ecuabet_Registros_Casino,1,0.085,0,0,0.0,-0.085,levelup.com
2025-10-03,EC_Ecuabet_Registros_Casino,1,0.085,0,0,0.0,-0.085,latinluchas.com
2025-10-03,EC_Ecuabet_Registros_Casino,1,0.08,0,0,0.0,-0.08,lanoticiahoy.xyz
2025-10-03,EC_Ecuabet_Registros_Casino,3,0.23,0,0,0.0,-0.23,lanoticia1ro.com
2025-10-03,EC_Ecuabet_Registros_Casino,2,0.18,0,0,0.0,-0.18,lacuranatural.net
2025-10-03,EC_Ecuabet_Registros_Casino,1,0.09,0,0,0.0,-0.09,juegosfriv2019.com
2025-10-03,EC_Ecuabet_Registros_Casino,51,4.28,0,0,0.0,-4.28,jetrapic.com
2025-10-03,EC_Ecuabet_Registros_Casino,1,0.05,0,0,0.0,-0.05,invdes.com.mx
2025-10-03,EC_Ecuabet_Registros_Casino,102,2.5035,0,0,0.0,-2.5035,infotime.co
2025-10-03,EC_Ecuabet_Registros_Casino,8,0.645,0,0,0.0,-0.645,informan2.us
2025-10-03,EC_Ecuabet_Registros_Casino,12,0.2955,0,0,0.0,-0.2955,hubvirales.com
2025-10-03,EC_Ecuabet_Registros_Casino,2,0.13,0,0,0.0,-0.13,herramientas-online.com
2025-10-03,EC_Ecuabet_Registros_Casino,2,0.16,0,0,0.0,-0.16,giantapp.online
2025-10-03,EC_Ecuabet_Registros_Casino,1,0.075,0,0,0.0,-0.075,futbolcentroamerica.com
2025-10-03,EC_Ecuabet_Registros_Casino,3,0.1575,0,0,0.0,-0.1575,fullnoticiasplus.blogspot.com
2025-10-03,EC_Ecuabet_Registros_Casino,1,0.0225,0,0,0.0,-0.0225,franciscosaludable.com
2025-10-03,EC_Ecuabet_Registros_Casino,7,0.54,0,0,0.0,-0.54,fotise.com
2025-10-03,EC_Ecuabet_Registros_Casino,4,0.34,0,0,0.0,-0.34,flux-studio.site
2025-10-03,EC_Ecuabet_Registros_Casino,1,0.075,0,0,0.0,-0.075,flashscroll.com
2025-10-03,EC_Ecuabet_Registros_Casino,1,0.09,0,0,0.0,-0.09,feji.io
2025-10-03,EC_Ecuabet_Registros_Casino,4,0.096,0,0,0.0,-0.096,fbviral.com
2025-10-03,EC_Ecuabet_Registros_Casino,4,0.1575,0,0,0.0,-0.1575,fbclic.com
2025-10-03,EC_Ecuabet_Registros_Casino,4,0.096,0,0,0.0,-0.096,famososyvirales.com
2025-10-03,EC_Ecuabet_Registros_Casino,1,0.05,0,0,0.0,-0.05,expansion.mx
2025-10-03,EC_Ecuabet_Registros_Casino,2,0.17,0,0,0.0,-0.17,excelsior.com.mx
2025-10-03,EC_Ecuabet_Registros_Casino,2,0.165,0,0,0.0,-0.165,eluniversal.com
2025-10-03,EC_Ecuabet_Registros_Casino,1,0.08,0,0,0.0,-0.08,elcomercio.pe
2025-10-03,EC_Ecuabet_Registros_Casino,7,0.56,0,0,0.0,-0.56,eacar.xyz
2025-10-03,EC_Ecuabet_Registros_Casino,6,0.49,0,0,0.0,-0.49,drbarbaraoneill1602.blogspot.com
2025-10-03,EC_Ecuabet_Registros_Casino,3,0.265,0,0,0.0,-0.265,dionisio.com.ar
2025-10-03,EC_Ecuabet_Registros_Casino,1,0.085,0,0,0.0,-0.085,diariolibree.com
2025-10-03,EC_Ecuabet_Registros_Casino,1,0.075,0,0,0.0,-0.075,diario.mx
2025-10-03,EC_Ecuabet_Registros_Casino,1,0.024,0,0,0.0,-0.024,datosdetuinteres.com
2025-10-03,EC_Ecuabet_Registros_Casino,4,0.33,0,0,0.0,-0.33,curiosidadesvirales.com
2025-10-03,EC_Ecuabet_Registros_Casino,1,0.075,0,0,0.0,-0.075,culinaryrecipes.top
2025-10-03,EC_Ecuabet_Registros_Casino,18,1.62,0,0,0.0,-1.62,cronista.com
2025-10-03,EC_Ecuabet_Registros_Casino,1,0.09,0,0,0.0,-0.09,conectasalud.com
2025-10-03,EC_Ecuabet_Registros_Casino,1,0.085,0,0,0.0,-0.085,cocinadelirante.com
2025-10-03,EC_Ecuabet_Registros_Casino,4,0.35,0,0,0.0,-0.35,cibermundo.site
2025-10-03,EC_Ecuabet_Registros_Casino,2,0.0825,0,0,0.0,-0.0825,chainityai.com
2025-10-03,EC_Ecuabet_Registros_Casino,3,0.2,0,0,0.0,-0.2,canal26.com
2025-10-03,EC_Ecuabet_Registros_Casino,1,0.09,0,0,0.0,-0.09,bricolajesencillo.com
2025-10-03,EC_Ecuabet_Registros_Casino,4,0.34,0,0,0.0,-0.34,borutoanime.online
2025-10-03,EC_Ecuabet_Registros_Casino,5,0.935,0,0,0.0,-0.935,bolavip.com
2025-10-03,EC_Ecuabet_Registros_Casino,1,0.05,0,0,0.0,-0.05,bloghogar.net
2025-10-03,EC_Ecuabet_Registros_Casino,3,0.12,0,0,0.0,-0.12,bionotis.xyz
2025-10-03,EC_Ecuabet_Registros_Casino,2,0.17,0,0,0.0,-0.17,bienvenidoalhogar3.com
2025-10-03,EC_Ecuabet_Registros_Casino,5,0.6225,0,0,0.0,-0.6225,antena2.com
2025-10-03,EC_Ecuabet_Registros_Casino,1,0.085,0,0,0.0,-0.085,animefenix2.tv
2025-10-03,EC_Ecuabet_Registros_Casino,3,0.25,0,0,0.0,-0.25,ametalurgia.com
2025-10-03,EC_Ecuabet_Registros_Casino,8,0.6,0,0,0.0,-0.6,adqva.com
2025-10-03,EC_Ecuabet_Registros_Casino,48,2.765,0,1,0.0,-2.765,actualizadas.com
2025-10-03,EC_Ecuabet_Registros_Casino,2,0.17,0,0,0.0,-0.17,acentofinal.xyz
2025-10-03,EC_Ecuabet_Registros_Casino,1,0.09,0,0,0.0,-0.09,3notiactualidad.blogspot.com
2025-10-03,EC_Ecuabet_Registros_Deportivas,1,0.08,0,0,0.0,-0.08,w3diary.com
2025-10-03,EC_Ecuabet_Registros_Deportivas,6,0.2425,0,0,0.0,-0.2425,viralymedio.com
2025-10-03,EC_Ecuabet_Registros_Deportivas,6,0.1485,0,0,0.0,-0.1485,viraliking.com
2025-10-03,EC_Ecuabet_Registros_Deportivas,1,0.08,0,0,0.0,-0.08,viralesenred.com
2025-10-03,EC_Ecuabet_Registros_Deportivas,5,0.425,0,0,0.0,-0.425,very-amazing.com
2025-10-03,EC_Ecuabet_Registros_Deportivas,1,0.085,0,0,0.0,-0.085,verblackclover.com
2025-10-03,EC_Ecuabet_Registros_Deportivas,1,0.05,0,0,0.0,-0.05,uoxcom.com
2025-10-03,EC_Ecuabet_Registros_Deportivas,1,0.08,0,0,0.0,-0.08,tusitioviral.com
2025-10-03,EC_Ecuabet_Registros_Deportivas,1,0.085,0,0,0.0,-0.085,todosobreremedios.com
2025-10-03,EC_Ecuabet_Registros_Deportivas,1,0.08,0,0,0.0,-0.08,tipssalud.online
2025-10-03,EC_Ecuabet_Registros_Deportivas,1,0.08,0,0,0.0,-0.08,terra.com.mx
2025-10-03,EC_Ecuabet_Registros_Deportivas,1,0.05,0,0,0.0,-0.05,teleon.tv
2025-10-03,EC_Ecuabet_Registros_Deportivas,1,0.08,0,0,0.0,-0.08,taybanha04.top
2025-10-03,EC_Ecuabet_Registros_Deportivas,2,0.16,0,0,0.0,-0.16,taybanha03.top
2025-10-03,EC_Ecuabet_Registros_Deportivas,6,0.48,0,0,0.0,-0.48,squidapp.co
2025-10-03,EC_Ecuabet_Registros_Deportivas,14,1.08,0,0,0.0,-1.08,saludremedios.site
2025-10-03,EC_Ecuabet_Registros_Deportivas,3,0.24,0,0,0.0,-0.24,saboryconsejo.info
2025-10-03,EC_Ecuabet_Registros_Deportivas,1,0.08,0,0,0.0,-0.08,remediossaludables.com
2025-10-03,EC_Ecuabet_Registros_Deportivas,2,0.165,0,0,0.0,-0.165,remedioscasero.info
2025-10-03,EC_Ecuabet_Registros_Deportivas,1,0.085,0,0,0.0,-0.085,remediosaldia.com
2025-10-03,EC_Ecuabet_Registros_Deportivas,1,0.08,0,0,0.0,-0.08,remedionatural.xyz
2025-10-03,EC_Ecuabet_Registros_Deportivas,6,0.2475,0,0,0.0,-0.2475,redmas.com.co
2025-10-03,EC_Ecuabet_Registros_Deportivas,2,0.165,0,0,0.0,-0.165,recetasnatural.xyz
2025-10-03,EC_Ecuabet_Registros_Deportivas,1,0.085,0,0,0.0,-0.085,recetas-es.top
2025-10-03,EC_Ecuabet_Registros_Deportivas,1,0.08,0,0,0.0,-0.08,puroscaseros.xyz
2025-10-03,EC_Ecuabet_Registros_Deportivas,5,0.41,0,0,0.0,-0.41,pulzo.com
2025-10-03,EC_Ecuabet_Registros_Deportivas,1,0.085,0,0,0.0,-0.085,portalviral.live
2025-10-03,EC_Ecuabet_Registros_Deportivas,2,0.16,0,0,0.0,-0.16,olarviral.com
2025-10-03,EC_Ecuabet_Registros_Deportivas,2,0.16,0,0,0.0,-0.16,nutricionysaludd.com
2025-10-03,EC_Ecuabet_Registros_Deportivas,1,0.08,0,0,0.0,-0.08,nutricionvitae.com
2025-10-03,EC_Ecuabet_Registros_Deportivas,1,0.08,0,0,0.0,-0.08,novelaplay.com
2025-10-03,EC_Ecuabet_Registros_Deportivas,2,0.165,0,0,0.0,-0.165,notisdiarias.com
2025-10-03,EC_Ecuabet_Registros_Deportivas,3,0.215,0,0,0.0,-0.215,noticiasdehoyy.net
2025-10-03,EC_Ecuabet_Registros_Deportivas,3,0.125,0,0,0.0,-0.125,noticiasamaris.com
2025-10-03,EC_Ecuabet_Registros_Deportivas,12,0.985,0,0,0.0,-0.985,noticiaomg.com
2025-10-03,EC_Ecuabet_Registros_Deportivas,3,0.25,0,0,0.0,-0.25,noticenter.lat
2025-10-03,EC_Ecuabet_Registros_Deportivas,3,0.245,0,0,0.0,-0.245,notasuperinteresantes.blogspot.com
2025-10-03,EC_Ecuabet_Registros_Deportivas,8,0.65,0,0,0.0,-0.65,newnoti.com
2025-10-03,EC_Ecuabet_Registros_Deportivas,1,0.085,0,0,0.0,-0.085,ncrnoticias.com
2025-10-03,EC_Ecuabet_Registros_Deportivas,3,0.215,0,0,0.0,-0.215,mundosaludable.us
2025-10-03,EC_Ecuabet_Registros_Deportivas,1,0.08,0,0,0.0,-0.08,milagrosasalud.com
2025-10-03,EC_Ecuabet_Registros_Deportivas,2,0.165,0,0,0.0,-0.165,mhonividente.xyz
2025-10-03,EC_Ecuabet_Registros_Deportivas,1,0.085,0,0,0.0,-0.085,mejoremedio.com
2025-10-03,EC_Ecuabet_Registros_Deportivas,1,0.08,0,0,0.0,-0.08,meencantaelchocolate.com
2025-10-03,EC_Ecuabet_Registros_Deportivas,1,0.05,0,0,0.0,-0.05,me-encantas.com
2025-10-03,EC_Ecuabet_Registros_Deportivas,1,0.085,0,0,0.0,-0.085,latinchats.org
2025-10-03,EC_Ecuabet_Registros_Deportivas,7,0.48,0,0,0.0,-0.48,latinchats.net
2025-10-03,EC_Ecuabet_Registros_Deportivas,5,0.4,0,0,0.0,-0.4,jetrapic.com
2025-10-03,EC_Ecuabet_Registros_Deportivas,20,0.4845,0,0,0.0,-0.4845,interesantetop.top
2025-10-03,EC_Ecuabet_Registros_Deportivas,26,0.645,0,0,0.0,-0.645,infotime.co
2025-10-03,EC_Ecuabet_Registros_Deportivas,4,0.33,0,0,0.0,-0.33,informan2.us
2025-10-03,EC_Ecuabet_Registros_Deportivas,13,1.07,0,0,0.0,-1.07,fullnoticiasplus.blogspot.com
2025-10-03,EC_Ecuabet_Registros_Deportivas,4,0.335,0,0,0.0,-0.335,franciscosaludable.com
2025-10-03,EC_Ecuabet_Registros_Deportivas,5,0.385,0,0,0.0,-0.385,fotise.com
2025-10-03,EC_Ecuabet_Registros_Deportivas,1,0.08,0,0,0.0,-0.08,flux-studio.site
2025-10-03,EC_Ecuabet_Registros_Deportivas,1,0.08,0,0,0.0,-0.08,feji.io
2025-10-03,EC_Ecuabet_Registros_Deportivas,5,0.205,0,0,0.0,-0.205,fbviral.com
2025-10-03,EC_Ecuabet_Registros_Deportivas,3,0.15,0,0,0.0,-0.15,famososyvirales.com
2025-10-03,EC_Ecuabet_Registros_Deportivas,1,0.085,0,0,0.0,-0.085,elfarandi.com
2025-10-03,EC_Ecuabet_Registros_Deportivas,1,0.08,0,0,0.0,-0.08,eacar.xyz
2025-10-03,EC_Ecuabet_Registros_Deportivas,1,0.08,0,0,0.0,-0.08,drbarbaraoneill1602.blogspot.com
2025-10-03,EC_Ecuabet_Registros_Deportivas,1,0.08,0,0,0.0,-0.08,dionisio.com.ar
2025-10-03,EC_Ecuabet_Registros_Deportivas,1,0.08,0,0,0.0,-0.08,diariolibree.com
2025-10-03,EC_Ecuabet_Registros_Deportivas,1,0.085,0,0,0.0,-0.085,decoracion-hogar.com
2025-10-03,EC_Ecuabet_Registros_Deportivas,2,0.16,0,0,0.0,-0.16,datosdetuinteres.com
2025-10-03,EC_Ecuabet_Registros_Deportivas,1,0.085,0,0,0.0,-0.085,danruilo.com
2025-10-03,EC_Ecuabet_Registros_Deportivas,1,0.08,0,0,0.0,-0.08,curiosidadesvirales.com
2025-10-03,EC_Ecuabet_Registros_Deportivas,1,0.08,0,0,0.0,-0.08,consallud.com
2025-10-03,EC_Ecuabet_Registros_Deportivas,1,0.085,0,0,0.0,-0.085,cocinadelirante.com
2025-10-03,EC_Ecuabet_Registros_Deportivas,4,0.34,0,0,0.0,-0.34,cibermundo.site
2025-10-03,EC_Ecuabet_Registros_Deportivas,2,0.165,0,0,0.0,-0.165,chainityai.com
2025-10-03,EC_Ecuabet_Registros_Deportivas,1,0.08,0,0,0.0,-0.08,canal26.com
2025-10-03,EC_Ecuabet_Registros_Deportivas,4,0.3,0,0,0.0,-0.3,borutoanime.online
2025-10-03,EC_Ecuabet_Registros_Deportivas,1,0.16,0,0,0.0,-0.16,bolavip.com
2025-10-03,EC_Ecuabet_Registros_Deportivas,2,0.17,0,0,0.0,-0.17,bloghogar.net
2025-10-03,EC_Ecuabet_Registros_Deportivas,3,0.245,0,0,0.0,-0.245,bionotis.xyz
2025-10-03,EC_Ecuabet_Registros_Deportivas,1,0.085,0,0,0.0,-0.085,bienvenidoalhogar3.com
2025-10-03,EC_Ecuabet_Registros_Deportivas,5,0.48,0,0,0.0,-0.48,adqva.com
2025-10-03,EC_Ecuabet_Registros_Deportivas,10,0.4,0,0,0.0,-0.4,actualizadas.com
2025-10-03,EC_Ecuabet_Registros_Deportivas,5,0.12,0,0,0.0,-0.12,Xiaomi Browser Newsfeed
2025-10-03,Peru | Aciertala | 2025,6,0.45,0,0,0.0,-0.45,trome.com
2025-10-03,Peru | Aciertala | 2025,4,0.3,0,0,0.0,-0.3,redmas.com.co
2025-10-03,Peru | Aciertala | 2025,1,0.075,0,0,0.0,-0.075,larazon.pe
2025-10-03,Peru | Aciertala | 2025,1,0.075,0,0,0.0,-0.075,expansion.mx
2025-10-03,Peru | Aciertala | 2025,17,1.275,0,0,0.0,-1.275,elmen.pe
2025-10-03,Peru | Aciertala | 2025,1,0.075,0,0,0.0,-0.075,elle.mx
2025-10-03,Peru | Aciertala | 2025,9,0.675,0,0,0.0,-0.675,eleconomista.com.mx
2025-10-03,Peru | Aciertala | 2025,3,0.225,0,0,0.0,-0.225,cronista.com
2025-10-03,Peru | Aciertala | 2025,2,0.15,0,0,0.0,-0.15,atv.pe
2025-10-03,Peru | Aciertala | 2025,0,0.0,0,0,0.0,0.0,am.com.mx
2025-10-03,Peru | Aciertala | 2025,1,0.075,0,0,0.0,-0.075,Outlook Web Non Inbox
2025-10-03,Peru | Aciertala | 2025,22,1.65,0,0,0.0,-1.65,Outlook Web Mobile
2025-10-03,Peru | Aciertala | 2025,40,3.0,0,0,0.0,-3.0,Outlook Web Desktop
2025-10-03,Peru | Aciertala | 2025,1,0.075,0,0,0.0,-0.075,Outlook PC Web Inbox
2025-10-03,Peru | Aciertala | 2025,4,0.3,0,0,0.0,-0.3,Outlook Mobile Web Inbox
2025-10-03,Peru | Aciertala | 2025,1,0.075,0,0,0.0,-0.075,Outlook App Lite Android Primary
2025-10-03,Peru | Aciertala | 2025,2,0.15,0,0,0.0,-0.15,Outlook App Lite Android Other
2025-10-03,Peru | Aciertala | 2025,1,0.075,0,0,0.0,-0.075,Office Monarch Inbox Primary Desktop
2025-10-03,Peru | Aciertala | 2025,20,1.5,0,0,0.0,-1.5,Office Monarch Inbox Desktop
2025-10-03,Peru | Aciertala | 2025,2,0.15,0,0,0.0,-0.15,Microsoft Outlook IOS Native
2025-10-03,Peru | Aciertala | 2025,4,0.3,0,0,0.0,-0.3,Microsoft Outlook Android App
2025-10-03,Peru | Aciertala | 2025,4,0.3,0,0,0.0,-0.3,HUAWEI Browser - Android
2025-10-03,Peru | Aciertala | 2025,15,1.125,0,0,0.0,-1.125,HUAWEI Assistant∙TODAY - Android
2025-10-03,Peru | Aciertala | 2025,5,0.375,0,0,0.0,-0.375,HUAWEI AI Search - Android
2025-10-03,Peru | Aciertala_Casino | 2025,4,0.28,0,0,0.0,-0.28,trome.com
2025-10-03,Peru | Aciertala_Casino | 2025,1,0.07,0,0,0.0,-0.07,terra.com.mx
2025-10-03,Peru | Aciertala_Casino | 2025,3,0.21,0,0,0.0,-0.21,redmas.com.co
2025-10-03,Peru | Aciertala_Casino | 2025,1,0.07,0,0,0.0,-0.07,planoinformativo.com
2025-10-03,Peru | Aciertala_Casino | 2025,2,0.14,0,0,0.0,-0.14,larazon.pe
2025-10-03,Peru | Aciertala_Casino | 2025,23,1.61,0,0,0.0,-1.61,elmen.pe
2025-10-03,Peru | Aciertala_Casino | 2025,14,0.98,0,0,0.0,-0.98,eleconomista.com.mx
2025-10-03,Peru | Aciertala_Casino | 2025,2,0.14,0,0,0.0,-0.14,depor.com
2025-10-03,Peru | Aciertala_Casino | 2025,2,0.14,0,0,0.0,-0.14,cronista.com
2025-10-03,Peru | Aciertala_Casino | 2025,3,0.21,0,0,0.0,-0.21,atv.pe
2025-10-03,Peru | Aciertala_Casino | 2025,0,0.0,0,0,0.0,0.0,am.com.mx
2025-10-03,Peru | Aciertala_Casino | 2025,1,0.07,0,0,0.0,-0.07,Outlook Web Non Inbox
2025-10-03,Peru | Aciertala_Casino | 2025,14,0.98,0,0,0.0,-0.98,Outlook Web Mobile
2025-10-03,Peru | Aciertala_Casino | 2025,26,1.82,0,0,0.0,-1.82,Outlook Web Desktop
2025-10-03,Peru | Aciertala_Casino | 2025,1,0.07,0,0,0.0,-0.07,Outlook Mobile Web Inbox
2025-10-03,Peru | Aciertala_Casino | 2025,1,0.07,0,0,0.0,-0.07,Outlook App Lite Android Primary
2025-10-03,Peru | Aciertala_Casino | 2025,2,0.14,0,0,0.0,-0.14,Office Monarch Inbox Primary Desktop
2025-10-03,Peru | Aciertala_Casino | 2025,21,1.47,0,0,0.0,-1.47,Office Monarch Inbox Desktop
2025-10-03,Peru | Aciertala_Casino | 2025,1,0.07,0,0,0.0,-0.07,Microsoft Outlook IOS Native
2025-10-03,Peru | Aciertala_Casino | 2025,5,0.35,0,0,0.0,-0.35,Microsoft Outlook Android App
2025-10-03,Peru | Aciertala_Casino | 2025,1,0.07,0,0,0.0,-0.07,HUAWEI Weather - Android
2025-10-03,Peru | Aciertala_Casino | 2025,1,0.07,0,0,0.0,-0.07,HUAWEI Browser - Android
2025-10-03,Peru | Aciertala_Casino | 2025,14,0.98,0,0,0.0,-0.98,HUAWEI Assistant∙TODAY - Android
2025-10-03,Peru | Aciertala_Casino | 2025,1,0.07,0,0,0.0,-0.07,HUAWEI AI Search - Android
2025-10-04,EC_Ecuabet_Registros_Casino,4,0.33,0,0,0.0,-0.33,w3diary.com
2025-10-04,EC_Ecuabet_Registros_Casino,3,0.25,0,0,0.0,-0.25,vivaensalud.net
2025-10-04,EC_Ecuabet_Registros_Casino,11,0.352,0,0,0.0,-0.352,viralymedio.com
2025-10-04,EC_Ecuabet_Registros_Casino,5,0.1305,0,0,0.0,-0.1305,viralsalud.club
2025-10-04,EC_Ecuabet_Registros_Casino,1,0.09,0,0,0.0,-0.09,viralonline.click
2025-10-04,EC_Ecuabet_Registros_Casino,10,0.825,0,0,0.0,-0.825,viralinkx.com
2025-10-04,EC_Ecuabet_Registros_Casino,10,0.246,0,0,0.0,-0.246,viraliking.com
2025-10-04,EC_Ecuabet_Registros_Casino,1,0.085,0,0,0.0,-0.085,viralesenred.com
2025-10-04,EC_Ecuabet_Registros_Casino,2,0.16,0,0,0.0,-0.16,very-amazing.com
2025-10-04,EC_Ecuabet_Registros_Casino,1,0.08,0,0,0.0,-0.08,verboruto.online
2025-10-04,EC_Ecuabet_Registros_Casino,1,0.08,0,0,0.0,-0.08,verblackclover.com
2025-10-04,EC_Ecuabet_Registros_Casino,1,0.09,0,0,0.0,-0.09,unv-informacion.xyz
2025-10-04,EC_Ecuabet_Registros_Casino,5,0.435,0,0,0.0,-0.435,unisalia.com
2025-10-04,EC_Ecuabet_Registros_Casino,1,0.085,0,0,0.0,-0.085,tvserieslatino.com
2025-10-04,EC_Ecuabet_Registros_Casino,8,0.68,0,0,0.0,-0.68,tusitioviral.com
2025-10-04,EC_Ecuabet_Registros_Casino,3,0.24,0,0,0.0,-0.24,todosobreremedios.com
2025-10-04,EC_Ecuabet_Registros_Casino,1,0.09,0,0,0.0,-0.09,tipssalud.online
2025-10-04,EC_Ecuabet_Registros_Casino,1,0.085,0,0,0.0,-0.085,telemedellin.tv
2025-10-04,EC_Ecuabet_Registros_Casino,1,0.09,0,0,0.0,-0.09,taybanha04.top
2025-10-04,EC_Ecuabet_Registros_Casino,9,0.7,0,0,0.0,-0.7,taybanha03.top
2025-10-04,EC_Ecuabet_Registros_Casino,4,0.34,0,0,0.0,-0.34,taybanha02.top
2025-10-04,EC_Ecuabet_Registros_Casino,4,0.32,0,0,0.0,-0.32,taybanha01.top
2025-10-04,EC_Ecuabet_Registros_Casino,1,0.075,0,0,0.0,-0.075,srnovelas.com
2025-10-04,EC_Ecuabet_Registros_Casino,52,2.105,0,0,0.0,-2.105,squidapp.co
2025-10-04,EC_Ecuabet_Registros_Casino,1,0.09,0,0,0.0,-0.09,skynovels.net
2025-10-04,EC_Ecuabet_Registros_Casino,2,0.175,0,0,0.0,-0.175,sevolvioviral.online
2025-10-04,EC_Ecuabet_Registros_Casino,3,0.27,0,0,0.0,-0.27,saludactua.online
2025-10-04,EC_Ecuabet_Registros_Casino,1,0.104,0,0,0.0,-0.104,saludablefree.com
2025-10-04,EC_Ecuabet_Registros_Casino,10,0.81,0,0,0.0,-0.81,saboryconsejo.info
2025-10-04,EC_Ecuabet_Registros_Casino,4,0.31,0,0,0.0,-0.31,remediossaludables.com
2025-10-04,EC_Ecuabet_Registros_Casino,8,0.665,0,0,0.0,-0.665,remedioscasero.info
2025-10-04,EC_Ecuabet_Registros_Casino,5,0.44,0,0,0.0,-0.44,remedionatural.xyz
2025-10-04,EC_Ecuabet_Registros_Casino,1,0.075,0,0,0.0,-0.075,remediogenial.com
2025-10-04,EC_Ecuabet_Registros_Casino,1,0.085,0,0,0.0,-0.085,remdviral.com
2025-10-04,EC_Ecuabet_Registros_Casino,2,0.17,0,0,0.0,-0.17,recipes-sp.com
2025-10-04,EC_Ecuabet_Registros_Casino,1,0.027,0,0,0.0,-0.027,recetasnatural.xyz
2025-10-04,EC_Ecuabet_Registros_Casino,1,0.09,0,0,0.0,-0.09,recetashogar.xyz
2025-10-04,EC_Ecuabet_Registros_Casino,2,0.155,0,0,0.0,-0.155,recetas-es.top
2025-10-04,EC_Ecuabet_Registros_Casino,1,0.075,0,0,0.0,-0.075,rcnradio.com
2025-10-04,EC_Ecuabet_Registros_Casino,2,0.1,0,0,0.0,-0.1,quien.com
2025-10-04,EC_Ecuabet_Registros_Casino,4,0.315,0,0,0.0,-0.315,puravida194.blogspot.com
2025-10-04,EC_Ecuabet_Registros_Casino,2,0.17,0,0,0.0,-0.17,pulzo.com
2025-10-04,EC_Ecuabet_Registros_Casino,3,0.255,0,0,0.0,-0.255,prensalibre.com
2025-10-04,EC_Ecuabet_Registros_Casino,1,0.085,0,0,0.0,-0.085,pinnens.com
2025-10-04,EC_Ecuabet_Registros_Casino,3,0.245,0,0,0.0,-0.245,openiu.com
2025-10-04,EC_Ecuabet_Registros_Casino,7,0.275,0,0,0.0,-0.275,olarviral.com
2025-10-04,EC_Ecuabet_Registros_Casino,14,1.125,0,0,0.0,-1.125,nutricionysaludd.com
2025-10-04,EC_Ecuabet_Registros_Casino,6,0.49,0,0,0.0,-0.49,novelas24h.com
2025-10-04,EC_Ecuabet_Registros_Casino,6,0.405,0,0,0.0,-0.405,novelaplay.com
2025-10-04,EC_Ecuabet_Registros_Casino,1,0.09,0,0,0.0,-0.09,notmex25.xyz
2025-10-04,EC_Ecuabet_Registros_Casino,1,0.04,0,0,0.0,-0.04,notisdiarias.com
2025-10-04,EC_Ecuabet_Registros_Casino,2,0.2145,0,0,0.0,-0.2145,notimixed.com
2025-10-04,EC_Ecuabet_Registros_Casino,1,0.09,0,0,0.0,-0.09,notiiflash.com
2025-10-04,EC_Ecuabet_Registros_Casino,4,0.325,0,0,0.0,-0.325,noticlub.top
2025-10-04,EC_Ecuabet_Registros_Casino,82,2.0055,0,0,0.0,-2.0055,noticiassalud.net
2025-10-04,EC_Ecuabet_Registros_Casino,1,0.09,0,0,0.0,-0.09,noticiasrcn.com
2025-10-04,EC_Ecuabet_Registros_Casino,1,0.05,0,0,0.0,-0.05,noticiasnewsleon.blogspot.com
2025-10-04,EC_Ecuabet_Registros_Casino,2,0.17,0,0,0.0,-0.17,noticiasimpactodiario.blogspot.com
2025-10-04,EC_Ecuabet_Registros_Casino,11,0.92,0,0,0.0,-0.92,noticiasdiariasnews.com
2025-10-04,EC_Ecuabet_Registros_Casino,20,1.56,0,0,0.0,-1.56,noticiasdehoyy.net
2025-10-04,EC_Ecuabet_Registros_Casino,3,0.075,0,0,0.0,-0.075,noticiaomg.com
2025-10-04,EC_Ecuabet_Registros_Casino,4,0.0885,0,0,0.0,-0.0885,notasuperinteresantes.blogspot.com
2025-10-04,EC_Ecuabet_Registros_Casino,186,14.13,0,0,0.0,-14.13,newnoti.com
2025-10-04,EC_Ecuabet_Registros_Casino,3,0.25,0,0,0.0,-0.25,natureview.net
2025-10-04,EC_Ecuabet_Registros_Casino,1,0.085,0,0,0.0,-0.085,monoschino2.com
2025-10-04,EC_Ecuabet_Registros_Casino,3,0.245,0,0,0.0,-0.245,milagrosasalud.com
2025-10-04,EC_Ecuabet_Registros_Casino,1,0.0375,0,0,0.0,-0.0375,mhonividente.xyz
2025-10-04,EC_Ecuabet_Registros_Casino,7,0.535,0,0,0.0,-0.535,me-encantas.com
2025-10-04,EC_Ecuabet_Registros_Casino,1,0.08,0,0,0.0,-0.08,maseighteen.com
2025-10-04,EC_Ecuabet_Registros_Casino,2,0.17,0,0,0.0,-0.17,lomasrelevante.top
2025-10-04,EC_Ecuabet_Registros_Casino,3,0.25,0,0,0.0,-0.25,latinluchas.com
2025-10-04,EC_Ecuabet_Registros_Casino,1,0.09,0,0,0.0,-0.09,las2orillas.co
2025-10-04,EC_Ecuabet_Registros_Casino,1,0.085,0,0,0.0,-0.085,larepublica.ec
2025-10-04,EC_Ecuabet_Registros_Casino,1,0.09,0,0,0.0,-0.09,laprensani.com
2025-10-04,EC_Ecuabet_Registros_Casino,1,0.05,0,0,0.0,-0.05,laprensa.hn
2025-10-04,EC_Ecuabet_Registros_Casino,5,0.43,0,0,0.0,-0.43,lanoticia1ro.com
2025-10-04,EC_Ecuabet_Registros_Casino,1,0.075,0,0,0.0,-0.075,lafm.com.co
2025-10-04,EC_Ecuabet_Registros_Casino,2,0.14,0,0,0.0,-0.14,lacuranatural.net
2025-10-04,EC_Ecuabet_Registros_Casino,1,0.05,0,0,0.0,-0.05,labrujula24.com
2025-10-04,EC_Ecuabet_Registros_Casino,37,3.17,0,0,0.0,-3.17,jetrapic.com
2025-10-04,EC_Ecuabet_Registros_Casino,1,0.05,0,0,0.0,-0.05,invdes.com.mx
2025-10-04,EC_Ecuabet_Registros_Casino,139,3.408,0,0,0.0,-3.408,infotime.co
2025-10-04,EC_Ecuabet_Registros_Casino,4,0.34,0,0,0.0,-0.34,informan2.us
2025-10-04,EC_Ecuabet_Registros_Casino,3,0.27,0,0,0.0,-0.27,ideasmanualidades.xyz
2025-10-04,EC_Ecuabet_Registros_Casino,10,0.246,0,0,0.0,-0.246,hubvirales.com
2025-10-04,EC_Ecuabet_Registros_Casino,1,0.08,0,0,0.0,-0.08,globoviral.com
2025-10-04,EC_Ecuabet_Registros_Casino,1,0.05,0,0,0.0,-0.05,giantapp.online
2025-10-04,EC_Ecuabet_Registros_Casino,2,0.105,0,0,0.0,-0.105,fullnoticiasplus.blogspot.com
2025-10-04,EC_Ecuabet_Registros_Casino,5,0.425,0,0,0.0,-0.425,fotise.com
2025-10-04,EC_Ecuabet_Registros_Casino,2,0.16,0,0,0.0,-0.16,flux-studio.site
2025-10-04,EC_Ecuabet_Registros_Casino,3,0.255,0,0,0.0,-0.255,feji.io
2025-10-04,EC_Ecuabet_Registros_Casino,2,0.039,0,0,0.0,-0.039,fbviral.com
2025-10-04,EC_Ecuabet_Registros_Casino,5,0.1975,0,0,0.0,-0.1975,fbclic.com
2025-10-04,EC_Ecuabet_Registros_Casino,1,0.015,0,0,0.0,-0.015,famososyvirales.com
2025-10-04,EC_Ecuabet_Registros_Casino,1,0.09,0,0,0.0,-0.09,expansion.mx
2025-10-04,EC_Ecuabet_Registros_Casino,3,0.265,0,0,0.0,-0.265,eluniversal.com
2025-10-04,EC_Ecuabet_Registros_Casino,2,0.17,0,0,0.0,-0.17,elcomercio.pe
2025-10-04,EC_Ecuabet_Registros_Casino,2,0.16,0,0,0.0,-0.16,efectococuyo.com
2025-10-04,EC_Ecuabet_Registros_Casino,1,0.024,0,0,0.0,-0.024,ecuadornoticias.com
2025-10-04,EC_Ecuabet_Registros_Casino,8,0.655,0,0,0.0,-0.655,eacar.xyz
2025-10-04,EC_Ecuabet_Registros_Casino,1,0.09,0,0,0.0,-0.09,drole-info.com
2025-10-04,EC_Ecuabet_Registros_Casino,1,0.08,0,0,0.0,-0.08,drbarbaraoneill1602.blogspot.com
2025-10-04,EC_Ecuabet_Registros_Casino,1,0.08,0,0,0.0,-0.08,dragondelasesferas.com
2025-10-04,EC_Ecuabet_Registros_Casino,1,0.075,0,0,0.0,-0.075,doramas.org
2025-10-04,EC_Ecuabet_Registros_Casino,6,0.495,0,0,0.0,-0.495,dionisio.com.ar
2025-10-04,EC_Ecuabet_Registros_Casino,2,0.165,0,0,0.0,-0.165,diariolibree.com
2025-10-04,EC_Ecuabet_Registros_Casino,1,0.08,0,0,0.0,-0.08,diarioelregionaldelzulia.com
2025-10-04,EC_Ecuabet_Registros_Casino,3,0.0735,0,0,0.0,-0.0735,datosdetuinteres.com
2025-10-04,EC_Ecuabet_Registros_Casino,1,0.075,0,0,0.0,-0.075,cyclesandstories.com
2025-10-04,EC_Ecuabet_Registros_Casino,1,0.09,0,0,0.0,-0.09,curiosidadesvirales.com
2025-10-04,EC_Ecuabet_Registros_Casino,18,1.58,0,0,0.0,-1.58,cronista.com
2025-10-04,EC_Ecuabet_Registros_Casino,2,0.15,0,0,0.0,-0.15,consejosytrucosdejardineria.com
2025-10-04,EC_Ecuabet_Registros_Casino,4,0.345,0,0,0.0,-0.345,consejogenial.com
2025-10-04,EC_Ecuabet_Registros_Casino,1,0.05,0,0,0.0,-0.05,computacion.info
2025-10-04,EC_Ecuabet_Registros_Casino,3,0.1225,0,0,0.0,-0.1225,chainityai.com
2025-10-04,EC_Ecuabet_Registros_Casino,1,0.09,0,0,0.0,-0.09,canal26.com
2025-10-04,EC_Ecuabet_Registros_Casino,6,0.525,0,0,0.0,-0.525,borutoanime.online
2025-10-04,EC_Ecuabet_Registros_Casino,8,1.529,0,0,0.0,-1.529,bolavip.com
2025-10-04,EC_Ecuabet_Registros_Casino,2,0.16,0,0,0.0,-0.16,bloghogar.net
2025-10-04,EC_Ecuabet_Registros_Casino,1,0.09,0,0,0.0,-0.09,bitlyanews.com
2025-10-04,EC_Ecuabet_Registros_Casino,1,0.025,0,0,0.0,-0.025,bionotis.xyz
2025-10-04,EC_Ecuabet_Registros_Casino,1,0.075,0,0,0.0,-0.075,bienvenidoalhogar3.com
2025-10-04,EC_Ecuabet_Registros_Casino,1,0.027,0,0,0.0,-0.027,benefimundo.com
2025-10-04,EC_Ecuabet_Registros_Casino,4,0.48,0,0,0.0,-0.48,antena2.com
2025-10-04,EC_Ecuabet_Registros_Casino,1,0.085,0,0,0.0,-0.085,animefenix2.tv
2025-10-04,EC_Ecuabet_Registros_Casino,5,0.405,0,0,0.0,-0.405,ametalurgia.com
2025-10-04,EC_Ecuabet_Registros_Casino,1,0.09,0,0,0.0,-0.09,aficioncentral.com
2025-10-04,EC_Ecuabet_Registros_Casino,4,0.325,0,0,0.0,-0.325,adqva.com
2025-10-04,EC_Ecuabet_Registros_Casino,45,2.583,0,0,0.0,-2.583,actualizadas.com
2025-10-04,EC_Ecuabet_Registros_Casino,1,0.09,0,0,0.0,-0.09,acentofinal.xyz
2025-10-04,EC_Ecuabet_Registros_Casino,1,0.08,0,0,0.0,-0.08,3notiactualidad.blogspot.com
2025-10-04,EC_Ecuabet_Registros_Deportivas,1,0.0425,0,0,0.0,-0.0425,viralymedio.com
2025-10-04,EC_Ecuabet_Registros_Deportivas,1,0.08,0,0,0.0,-0.08,viralonline.click
2025-10-04,EC_Ecuabet_Registros_Deportivas,2,0.16,0,0,0.0,-0.16,viralinkx.com
2025-10-04,EC_Ecuabet_Registros_Deportivas,1,0.085,0,0,0.0,-0.085,viralesenred.com
2025-10-04,EC_Ecuabet_Registros_Deportivas,4,0.335,0,0,0.0,-0.335,very-amazing.com
2025-10-04,EC_Ecuabet_Registros_Deportivas,1,0.085,0,0,0.0,-0.085,verblackclover.com
2025-10-04,EC_Ecuabet_Registros_Deportivas,1,0.085,0,0,0.0,-0.085,todoenlared.net
2025-10-04,EC_Ecuabet_Registros_Deportivas,3,0.24,0,0,0.0,-0.24,taybanha03.top
2025-10-04,EC_Ecuabet_Registros_Deportivas,1,0.08,0,0,0.0,-0.08,taybanha02.top
2025-10-04,EC_Ecuabet_Registros_Deportivas,1,0.085,0,0,0.0,-0.085,sumedico.com
2025-10-04,EC_Ecuabet_Registros_Deportivas,16,1.28,0,0,0.0,-1.28,squidapp.co
2025-10-04,EC_Ecuabet_Registros_Deportivas,1,0.085,0,0,0.0,-0.085,spain-recipes.top
2025-10-04,EC_Ecuabet_Registros_Deportivas,1,0.08,0,0,0.0,-0.08,skynovels.net
2025-10-04,EC_Ecuabet_Registros_Deportivas,2,0.17,0,0,0.0,-0.17,saludremedios.site
2025-10-04,EC_Ecuabet_Registros_Deportivas,1,0.08,0,0,0.0,-0.08,saboryconsejo.info
2025-10-04,EC_Ecuabet_Registros_Deportivas,1,0.08,0,0,0.0,-0.08,remediossaludables.com
2025-10-04,EC_Ecuabet_Registros_Deportivas,6,0.2475,0,0,0.0,-0.2475,redmas.com.co
2025-10-04,EC_Ecuabet_Registros_Deportivas,4,0.325,0,0,0.0,-0.325,recetasnatural.xyz
2025-10-04,EC_Ecuabet_Registros_Deportivas,1,0.085,0,0,0.0,-0.085,quien.com
2025-10-04,EC_Ecuabet_Registros_Deportivas,1,0.085,0,0,0.0,-0.085,puravida194.blogspot.com
2025-10-04,EC_Ecuabet_Registros_Deportivas,1,0.08,0,0,0.0,-0.08,nutricionvitae.com
2025-10-04,EC_Ecuabet_Registros_Deportivas,2,0.16,0,0,0.0,-0.16,novelas24h.com
2025-10-04,EC_Ecuabet_Registros_Deportivas,3,0.22,0,0,0.0,-0.22,notisdiarias.com
2025-10-04,EC_Ecuabet_Registros_Deportivas,1,0.085,0,0,0.0,-0.085,noticiasrcn.com
2025-10-04,EC_Ecuabet_Registros_Deportivas,1,0.08,0,0,0.0,-0.08,noticiasdiariasnews.com
2025-10-04,EC_Ecuabet_Registros_Deportivas,1,0.05,0,0,0.0,-0.05,noticiasdehoyy.net
2025-10-04,EC_Ecuabet_Registros_Deportivas,9,0.3375,0,0,0.0,-0.3375,noticiasamaris.com
2025-10-04,EC_Ecuabet_Registros_Deportivas,9,0.75,0,0,0.0,-0.75,noticiaomg.com
2025-10-04,EC_Ecuabet_Registros_Deportivas,5,0.405,0,0,0.0,-0.405,newnoti.com
2025-10-04,EC_Ecuabet_Registros_Deportivas,1,0.05,0,0,0.0,-0.05,mundosaludable.us
2025-10-04,EC_Ecuabet_Registros_Deportivas,2,0.165,0,0,0.0,-0.165,milagrosasalud.com
2025-10-04,EC_Ecuabet_Registros_Deportivas,2,0.16,0,0,0.0,-0.16,mhonividente.xyz
2025-10-04,EC_Ecuabet_Registros_Deportivas,2,0.165,0,0,0.0,-0.165,me-encantas.com
2025-10-04,EC_Ecuabet_Registros_Deportivas,2,0.17,0,0,0.0,-0.17,lomasrelevante.top
2025-10-04,EC_Ecuabet_Registros_Deportivas,0,0.0,0,0,0.0,0.0,latinluchas.com
2025-10-04,EC_Ecuabet_Registros_Deportivas,5,0.315,0,0,0.0,-0.315,latinchats.net
2025-10-04,EC_Ecuabet_Registros_Deportivas,1,0.024,0,0,0.0,-0.024,lanoticia1ro.com
2025-10-04,EC_Ecuabet_Registros_Deportivas,1,0.085,0,0,0.0,-0.085,jremedios.top
2025-10-04,EC_Ecuabet_Registros_Deportivas,3,0.24,0,0,0.0,-0.24,jetrapic.com
2025-10-04,EC_Ecuabet_Registros_Deportivas,17,0.411,0,0,0.0,-0.411,interesantetop.top
2025-10-04,EC_Ecuabet_Registros_Deportivas,31,0.786,0,0,0.0,-0.786,infotime.co
2025-10-04,EC_Ecuabet_Registros_Deportivas,4,0.34,0,0,0.0,-0.34,informan2.us
2025-10-04,EC_Ecuabet_Registros_Deportivas,9,0.74,0,0,0.0,-0.74,fullnoticiasplus.blogspot.com
2025-10-04,EC_Ecuabet_Registros_Deportivas,3,0.215,0,0,0.0,-0.215,franciscosaludable.com
2025-10-04,EC_Ecuabet_Registros_Deportivas,2,0.165,0,0,0.0,-0.165,fotise.com
2025-10-04,EC_Ecuabet_Registros_Deportivas,1,0.085,0,0,0.0,-0.085,flux-studio.site
2025-10-04,EC_Ecuabet_Registros_Deportivas,5,0.19,0,0,0.0,-0.19,fbviral.com
2025-10-04,EC_Ecuabet_Registros_Deportivas,3,0.147,0,0,0.0,-0.147,famososyvirales.com
2025-10-04,EC_Ecuabet_Registros_Deportivas,2,0.165,0,0,0.0,-0.165,eluniversal.com
2025-10-04,EC_Ecuabet_Registros_Deportivas,1,0.085,0,0,0.0,-0.085,elheraldo.hn
2025-10-04,EC_Ecuabet_Registros_Deportivas,1,0.08,0,0,0.0,-0.08,elespectador.com
2025-10-04,EC_Ecuabet_Registros_Deportivas,1,0.08,0,0,0.0,-0.08,ecuadornoticias.com
2025-10-04,EC_Ecuabet_Registros_Deportivas,2,0.16,0,0,0.0,-0.16,eacar.xyz
2025-10-04,EC_Ecuabet_Registros_Deportivas,2,0.16,0,0,0.0,-0.16,datosdetuinteres.com
2025-10-04,EC_Ecuabet_Registros_Deportivas,1,0.024,0,0,0.0,-0.024,cyclesandstories.com
2025-10-04,EC_Ecuabet_Registros_Deportivas,1,0.08,0,0,0.0,-0.08,curiosidadesvirales.com
2025-10-04,EC_Ecuabet_Registros_Deportivas,2,0.16,0,0,0.0,-0.16,chainityai.com
2025-10-04,EC_Ecuabet_Registros_Deportivas,1,0.16,0,0,0.0,-0.16,bolavip.com
2025-10-04,EC_Ecuabet_Registros_Deportivas,6,0.465,0,0,0.0,-0.465,bloghogar.net
2025-10-04,EC_Ecuabet_Registros_Deportivas,4,0.33,0,0,0.0,-0.33,bionotis.xyz
2025-10-04,EC_Ecuabet_Registros_Deportivas,1,0.08,0,0,0.0,-0.08,bienvenidoalhogar3.com
2025-10-04,EC_Ecuabet_Registros_Deportivas,2,0.16,0,0,0.0,-0.16,benefimundo.com
2025-10-04,EC_Ecuabet_Registros_Deportivas,5,0.48,0,0,0.0,-0.48,adqva.com
2025-10-04,EC_Ecuabet_Registros_Deportivas,4,0.16,0,0,0.0,-0.16,actualizadas.com
2025-10-04,EC_Ecuabet_Registros_Deportivas,2,0.048,0,0,0.0,-0.048,Xiaomi Browser Newsfeed
2025-10-04,Peru | Aciertala | 2025,7,0.525,0,0,0.0,-0.525,trome.com
2025-10-04,Peru | Aciertala | 2025,1,0.075,0,0,0.0,-0.075,prensaescrita.com
2025-10-04,Peru | Aciertala | 2025,1,0.075,0,0,0.0,-0.075,larazon.pe
2025-10-04,Peru | Aciertala | 2025,13,0.975,0,0,0.0,-0.975,elmen.pe
2025-10-04,Peru | Aciertala | 2025,2,0.15,0,0,0.0,-0.15,elle.mx
2025-10-04,Peru | Aciertala | 2025,1,0.075,0,0,0.0,-0.075,eleconomista.com.mx
2025-10-04,Peru | Aciertala | 2025,1,0.075,0,0,0.0,-0.075,depor.com
2025-10-04,Peru | Aciertala | 2025,0,0.0,0,0,0.0,0.0,am.com.mx
2025-10-04,Peru | Aciertala | 2025,9,0.675,0,0,0.0,-0.675,Outlook Web Mobile
2025-10-04,Peru | Aciertala | 2025,25,1.875,0,0,0.0,-1.875,Outlook Web Desktop
2025-10-04,Peru | Aciertala | 2025,1,0.075,0,0,0.0,-0.075,Outlook PC Web Inbox
2025-10-04,Peru | Aciertala | 2025,1,0.075,0,0,0.0,-0.075,Outlook Mobile Web Inbox
2025-10-04,Peru | Aciertala | 2025,1,0.075,0,0,0.0,-0.075,Office Monarch Non Inbox Desktop
2025-10-04,Peru | Aciertala | 2025,2,0.15,0,0,0.0,-0.15,Office Monarch Inbox Primary Desktop
2025-10-04,Peru | Aciertala | 2025,10,0.75,0,0,0.0,-0.75,Office Monarch Inbox Desktop
2025-10-04,Peru | Aciertala | 2025,4,0.3,0,0,0.0,-0.3,Microsoft Outlook IOS Native Inbox
2025-10-04,Peru | Aciertala | 2025,3,0.225,0,0,0.0,-0.225,Microsoft Outlook IOS Native
2025-10-04,Peru | Aciertala | 2025,1,0.075,0,0,0.0,-0.075,Microsoft Outlook Android App
2025-10-04,Peru | Aciertala | 2025,22,1.65,0,0,0.0,-1.65,HUAWEI Browser - Android
2025-10-04,Peru | Aciertala | 2025,39,2.925,0,0,0.0,-2.925,HUAWEI Assistant∙TODAY - Android
2025-10-04,Peru | Aciertala | 2025,17,1.275,0,0,0.0,-1.275,HUAWEI AI Search - Android
2025-10-04,Peru | Aciertala_Casino | 2025,5,0.35,0,0,0.0,-0.35,trome.com
2025-10-04,Peru | Aciertala_Casino | 2025,1,0.07,0,0,0.0,-0.07,pulzo.com
2025-10-04,Peru | Aciertala_Casino | 2025,3,0.21,0,0,0.0,-0.21,larazon.pe
2025-10-04,Peru | Aciertala_Casino | 2025,1,0.07,0,0,0.0,-0.07,elnacional.com
2025-10-04,Peru | Aciertala_Casino | 2025,4,0.28,0,0,0.0,-0.28,elmen.pe
2025-10-04,Peru | Aciertala_Casino | 2025,2,0.14,0,0,0.0,-0.14,elle.mx
2025-10-04,Peru | Aciertala_Casino | 2025,8,0.56,0,0,0.0,-0.56,eleconomista.com.mx
2025-10-04,Peru | Aciertala_Casino | 2025,1,0.07,0,0,0.0,-0.07,diariolibree.com
2025-10-04,Peru | Aciertala_Casino | 2025,1,0.07,0,0,0.0,-0.07,diariocorreo.pe
2025-10-04,Peru | Aciertala_Casino | 2025,1,0.07,0,0,0.0,-0.07,cronista.com
2025-10-04,Peru | Aciertala_Casino | 2025,1,0.07,0,0,0.0,-0.07,am.com.mx
2025-10-04,Peru | Aciertala_Casino | 2025,2,0.14,0,0,0.0,-0.14,Outlook Web Non Inbox
2025-10-04,Peru | Aciertala_Casino | 2025,17,1.19,0,0,0.0,-1.19,Outlook Web Mobile
2025-10-04,Peru | Aciertala_Casino | 2025,2,0.14,0,0,0.0,-0.14,Outlook Web Mail
2025-10-04,Peru | Aciertala_Casino | 2025,34,2.38,0,0,0.0,-2.38,Outlook Web Desktop
2025-10-04,Peru | Aciertala_Casino | 2025,3,0.21,0,0,0.0,-0.21,Outlook PC Web Inbox
2025-10-04,Peru | Aciertala_Casino | 2025,3,0.21,0,1,0.0,-0.21,Outlook Mobile Web Inbox
2025-10-04,Peru | Aciertala_Casino | 2025,2,0.14,0,0,0.0,-0.14,Outlook App Lite Android Primary
2025-10-04,Peru | Aciertala_Casino | 2025,2,0.14,0,0,0.0,-0.14,Outlook App Inbox
2025-10-04,Peru | Aciertala_Casino | 2025,15,1.05,0,0,0.0,-1.05,Office Monarch Inbox Desktop
2025-10-04,Peru | Aciertala_Casino | 2025,1,0.07,0,0,0.0,-0.07,Microsoft Outlook IOS Native Inbox
2025-10-04,Peru | Aciertala_Casino | 2025,1,0.07,0,0,0.0,-0.07,Microsoft Outlook IOS Native
2025-10-04,Peru | Aciertala_Casino | 2025,5,0.35,0,0,0.0,-0.35,Microsoft Outlook Android App
2025-10-04,Peru | Aciertala_Casino | 2025,1,0.07,0,0,0.0,-0.07,HUAWEI Weather - Android
2025-10-04,Peru | Aciertala_Casino | 2025,6,0.42,0,0,0.0,-0.42,HUAWEI Browser - Android
2025-10-04,Peru | Aciertala_Casino | 2025,14,0.98,0,0,0.0,-0.98,HUAWEI Assistant∙TODAY - Android
2025-10-04,Peru | Aciertala_Casino | 2025,8,0.56,0,0,0.0,-0.56,HUAWEI AI Search - Android
2025-10-05,EC_Ecuabet_Registros_Casino,7,0.51,0,0,0.0,-0.51,vivaensalud.net
2025-10-05,EC_Ecuabet_Registros_Casino,1,0.08,0,0,0.0,-0.08,vitanel.info
2025-10-05,EC_Ecuabet_Registros_Casino,7,0.224,0,0,0.0,-0.224,viralymedio.com
2025-10-05,EC_Ecuabet_Registros_Casino,1,0.075,0,0,0.0,-0.075,viralsalud.com
2025-10-05,EC_Ecuabet_Registros_Casino,7,0.168,0,0,0.0,-0.168,viralsalud.club
2025-10-05,EC_Ecuabet_Registros_Casino,1,0.09,0,0,0.0,-0.09,viralonline.click
2025-10-05,EC_Ecuabet_Registros_Casino,9,0.735,0,0,0.0,-0.735,viralinkx.com
2025-10-05,EC_Ecuabet_Registros_Casino,7,0.177,0,0,0.0,-0.177,viraliking.com
2025-10-05,EC_Ecuabet_Registros_Casino,1,0.08,0,0,0.0,-0.08,viralest.xyz
2025-10-05,EC_Ecuabet_Registros_Casino,3,0.27,0,0,0.0,-0.27,viralesenred.com
2025-10-05,EC_Ecuabet_Registros_Casino,7,0.6,0,0,0.0,-0.6,very-amazing.com
2025-10-05,EC_Ecuabet_Registros_Casino,2,0.17,0,0,0.0,-0.17,verboruto.online
2025-10-05,EC_Ecuabet_Registros_Casino,2,0.155,0,0,0.0,-0.155,verblackclover.com
2025-10-05,EC_Ecuabet_Registros_Casino,1,0.09,0,0,0.0,-0.09,vanidades.com
2025-10-05,EC_Ecuabet_Registros_Casino,1,0.08,0,0,0.0,-0.08,uoxcom.com
2025-10-05,EC_Ecuabet_Registros_Casino,3,0.26,0,0,0.0,-0.26,unisalia.com
2025-10-05,EC_Ecuabet_Registros_Casino,5,0.425,0,0,0.0,-0.425,tusitioviral.com
2025-10-05,EC_Ecuabet_Registros_Casino,1,0.08,0,0,0.0,-0.08,tuscrucigramas.com
2025-10-05,EC_Ecuabet_Registros_Casino,1,0.08,0,0,0.0,-0.08,tusbuenasnoticias.com
2025-10-05,EC_Ecuabet_Registros_Casino,3,0.27,0,0,0.0,-0.27,trucosdehogar.net
2025-10-05,EC_Ecuabet_Registros_Casino,1,0.08,0,0,0.0,-0.08,trabajalatino.com
2025-10-05,EC_Ecuabet_Registros_Casino,5,0.4,0,0,0.0,-0.4,todosobreremedios.com
2025-10-05,EC_Ecuabet_Registros_Casino,2,0.18,0,0,0.0,-0.18,todoenlared.net
2025-10-05,EC_Ecuabet_Registros_Casino,1,0.09,0,0,0.0,-0.09,tipssalud.online
2025-10-05,EC_Ecuabet_Registros_Casino,2,0.18,0,0,0.0,-0.18,terra.com.mx
2025-10-05,EC_Ecuabet_Registros_Casino,1,0.085,0,0,0.0,-0.085,tejidosgratisparati.blogspot.com
2025-10-05,EC_Ecuabet_Registros_Casino,1,0.075,0,0,0.0,-0.075,tejemagia.com
2025-10-05,EC_Ecuabet_Registros_Casino,4,0.345,0,0,0.0,-0.345,taybanha03.top
2025-10-05,EC_Ecuabet_Registros_Casino,2,0.17,0,0,0.0,-0.17,taybanha02.top
2025-10-05,EC_Ecuabet_Registros_Casino,5,0.425,0,0,0.0,-0.425,taybanha01.top
2025-10-05,EC_Ecuabet_Registros_Casino,66,2.4875,0,0,0.0,-2.4875,squidapp.co
2025-10-05,EC_Ecuabet_Registros_Casino,2,0.165,0,0,0.0,-0.165,spain-recipes.top
2025-10-05,EC_Ecuabet_Registros_Casino,1,0.085,0,0,0.0,-0.085,soloparati.online
2025-10-05,EC_Ecuabet_Registros_Casino,2,0.165,0,0,0.0,-0.165,skynovels.net
2025-10-05,EC_Ecuabet_Registros_Casino,1,0.09,0,0,0.0,-0.09,semanadeempleos.com
2025-10-05,EC_Ecuabet_Registros_Casino,1,0.04,0,0,0.0,-0.04,saludremedios.site
2025-10-05,EC_Ecuabet_Registros_Casino,14,1.19,0,0,0.0,-1.19,saludnaturales.xyz
2025-10-05,EC_Ecuabet_Registros_Casino,2,0.16,0,0,0.0,-0.16,saludinfinitatop.com
2025-10-05,EC_Ecuabet_Registros_Casino,5,0.45,0,0,0.0,-0.45,saludactua.online
2025-10-05,EC_Ecuabet_Registros_Casino,6,0.6175,0,0,0.0,-0.6175,saludablefree.com
2025-10-05,EC_Ecuabet_Registros_Casino,1,0.08,0,0,0.0,-0.08,saboryconsejo.info
2025-10-05,EC_Ecuabet_Registros_Casino,1,0.085,0,0,0.0,-0.085,rts.com.ec
2025-10-05,EC_Ecuabet_Registros_Casino,2,0.155,0,0,0.0,-0.155,remediossaludables.com
2025-10-05,EC_Ecuabet_Registros_Casino,8,0.65,0,0,0.0,-0.65,remedioscasero.info
2025-10-05,EC_Ecuabet_Registros_Casino,9,0.725,0,1,0.0,-0.725,remedionatural.xyz
2025-10-05,EC_Ecuabet_Registros_Casino,1,0.085,0,0,0.0,-0.085,remediogenial.com
2025-10-05,EC_Ecuabet_Registros_Casino,1,0.08,0,0,0.0,-0.08,recipes-sp.com
2025-10-05,EC_Ecuabet_Registros_Casino,1,0.08,0,0,0.0,-0.08,recetashogar.xyz
2025-10-05,EC_Ecuabet_Registros_Casino,2,0.155,0,0,0.0,-0.155,recetas-es.top
2025-10-05,EC_Ecuabet_Registros_Casino,1,0.09,0,0,0.0,-0.09,quien.com
2025-10-05,EC_Ecuabet_Registros_Casino,1,0.08,0,0,0.0,-0.08,puroscaseros.xyz
2025-10-05,EC_Ecuabet_Registros_Casino,9,0.765,0,0,0.0,-0.765,puravida194.blogspot.com
2025-10-05,EC_Ecuabet_Registros_Casino,2,0.17,0,0,0.0,-0.17,pulzo.com
2025-10-05,EC_Ecuabet_Registros_Casino,1,0.08,0,0,0.0,-0.08,portalviral.live
2025-10-05,EC_Ecuabet_Registros_Casino,5,0.2,0,0,0.0,-0.2,olarviral.com
2025-10-05,EC_Ecuabet_Registros_Casino,6,0.485,0,0,0.0,-0.485,nutricionysaludd.com
2025-10-05,EC_Ecuabet_Registros_Casino,5,0.39,0,0,0.0,-0.39,novelas24h.com
2025-10-05,EC_Ecuabet_Registros_Casino,1,0.0375,0,0,0.0,-0.0375,notisdiarias.com
2025-10-05,EC_Ecuabet_Registros_Casino,1,0.104,0,0,0.0,-0.104,notimixed.com
2025-10-05,EC_Ecuabet_Registros_Casino,2,0.17,0,0,0.0,-0.17,notiiflash.com
2025-10-05,EC_Ecuabet_Registros_Casino,147,3.549,0,0,0.0,-3.549,noticiassalud.net
2025-10-05,EC_Ecuabet_Registros_Casino,4,0.335,0,0,0.0,-0.335,noticiasimpactodiario.blogspot.com
2025-10-05,EC_Ecuabet_Registros_Casino,13,1.1,0,0,0.0,-1.1,noticiasdiariasnews.com
2025-10-05,EC_Ecuabet_Registros_Casino,15,1.245,0,0,0.0,-1.245,noticiasdehoyy.net
2025-10-05,EC_Ecuabet_Registros_Casino,5,0.12,0,0,0.0,-0.12,noticiaomg.com
2025-10-05,EC_Ecuabet_Registros_Casino,1,0.024,0,0,0.0,-0.024,notasuperinteresantes.blogspot.com
2025-10-05,EC_Ecuabet_Registros_Casino,49,3.75,0,0,0.0,-3.75,newnoti.com
2025-10-05,EC_Ecuabet_Registros_Casino,1,0.015,0,0,0.0,-0.015,mundosaludable.us
2025-10-05,EC_Ecuabet_Registros_Casino,1,0.08,0,0,0.0,-0.08,monoschino2.com
2025-10-05,EC_Ecuabet_Registros_Casino,2,0.17,0,0,0.0,-0.17,milagrosasalud.com
2025-10-05,EC_Ecuabet_Registros_Casino,1,0.045,0,0,0.0,-0.045,mhonividente.xyz
2025-10-05,EC_Ecuabet_Registros_Casino,1,0.08,0,0,0.0,-0.08,merca20.com
2025-10-05,EC_Ecuabet_Registros_Casino,6,0.445,0,0,0.0,-0.445,me-encantas.com
2025-10-05,EC_Ecuabet_Registros_Casino,1,0.08,0,0,0.0,-0.08,lourencoautodetail.co
2025-10-05,EC_Ecuabet_Registros_Casino,3,0.27,0,0,0.0,-0.27,lomasrelevante.top
2025-10-05,EC_Ecuabet_Registros_Casino,1,0.075,0,0,0.0,-0.075,latinus.us
2025-10-05,EC_Ecuabet_Registros_Casino,1,0.08,0,0,0.0,-0.08,larepublica.ec
2025-10-05,EC_Ecuabet_Registros_Casino,10,0.885,0,0,0.0,-0.885,lanoticia1ro.com
2025-10-05,EC_Ecuabet_Registros_Casino,1,0.09,0,0,0.0,-0.09,lacuranatural.net
2025-10-05,EC_Ecuabet_Registros_Casino,1,0.08,0,0,0.0,-0.08,jornada.com.mx
2025-10-05,EC_Ecuabet_Registros_Casino,48,4.12,0,0,0.0,-4.12,jetrapic.com
2025-10-05,EC_Ecuabet_Registros_Casino,1,0.09,0,0,0.0,-0.09,invdes.com.mx
2025-10-05,EC_Ecuabet_Registros_Casino,1,0.08,0,0,0.0,-0.08,inspiracionviva.blog
2025-10-05,EC_Ecuabet_Registros_Casino,134,3.357,0,0,0.0,-3.357,infotime.co
2025-10-05,EC_Ecuabet_Registros_Casino,16,1.325,0,0,0.0,-1.325,informan2.us
2025-10-05,EC_Ecuabet_Registros_Casino,1,0.08,0,0,0.0,-0.08,imagenesdemonosdeluto.com
2025-10-05,EC_Ecuabet_Registros_Casino,10,0.2355,0,0,0.0,-0.2355,hubvirales.com
2025-10-05,EC_Ecuabet_Registros_Casino,1,0.09,0,0,0.0,-0.09,gatewayhispanic.com
2025-10-05,EC_Ecuabet_Registros_Casino,1,0.085,0,0,0.0,-0.085,futbolcentroamerica.com
2025-10-05,EC_Ecuabet_Registros_Casino,2,0.16,0,0,0.0,-0.16,futbolandres.xyz
2025-10-05,EC_Ecuabet_Registros_Casino,1,0.075,0,0,0.0,-0.075,fullreceta.com
2025-10-05,EC_Ecuabet_Registros_Casino,2,0.1155,0,0,0.0,-0.1155,fullnoticiasplus.blogspot.com
2025-10-05,EC_Ecuabet_Registros_Casino,1,0.0225,0,0,0.0,-0.0225,franciscosaludable.com
2025-10-05,EC_Ecuabet_Registros_Casino,8,0.605,0,0,0.0,-0.605,fotise.com
2025-10-05,EC_Ecuabet_Registros_Casino,3,0.25,0,0,0.0,-0.25,flux-studio.site
2025-10-05,EC_Ecuabet_Registros_Casino,2,0.18,0,0,0.0,-0.18,feji.io
2025-10-05,EC_Ecuabet_Registros_Casino,2,0.0495,0,0,0.0,-0.0495,fbviral.com
2025-10-05,EC_Ecuabet_Registros_Casino,6,0.24,0,0,0.0,-0.24,fbclic.com
2025-10-05,EC_Ecuabet_Registros_Casino,4,0.105,0,0,0.0,-0.105,famososyvirales.com
2025-10-05,EC_Ecuabet_Registros_Casino,1,0.09,0,0,0.0,-0.09,eluniversal.com
2025-10-05,EC_Ecuabet_Registros_Casino,3,0.235,0,0,0.0,-0.235,elespectador.com
2025-10-05,EC_Ecuabet_Registros_Casino,3,0.26,0,0,0.0,-0.26,elcomercio.pe
2025-10-05,EC_Ecuabet_Registros_Casino,5,0.395,0,0,0.0,-0.395,eacar.xyz
2025-10-05,EC_Ecuabet_Registros_Casino,1,0.075,0,0,0.0,-0.075,drole-info.com
2025-10-05,EC_Ecuabet_Registros_Casino,1,0.08,0,0,0.0,-0.08,drbarbaraoneill1602.blogspot.com
2025-10-05,EC_Ecuabet_Registros_Casino,6,0.515,0,0,0.0,-0.515,dionisio.com.ar
2025-10-05,EC_Ecuabet_Registros_Casino,3,0.25,0,0,0.0,-0.25,detodounpocoyunpocodetodo1986.blogspot.com
2025-10-05,EC_Ecuabet_Registros_Casino,3,0.0705,0,0,0.0,-0.0705,datosdetuinteres.com
2025-10-05,EC_Ecuabet_Registros_Casino,1,0.09,0,0,0.0,-0.09,curiosidadesvirales.com
2025-10-05,EC_Ecuabet_Registros_Casino,1,0.09,0,0,0.0,-0.09,culturacolectiva.com
2025-10-05,EC_Ecuabet_Registros_Casino,21,1.86,0,0,0.0,-1.86,cronista.com
2025-10-05,EC_Ecuabet_Registros_Casino,1,0.085,0,0,0.0,-0.085,consejosytrucosdejardineria.com
2025-10-05,EC_Ecuabet_Registros_Casino,1,0.085,0,0,0.0,-0.085,consallud.com
2025-10-05,EC_Ecuabet_Registros_Casino,1,0.08,0,0,0.0,-0.08,cibermundo.site
2025-10-05,EC_Ecuabet_Registros_Casino,3,0.1175,0,0,0.0,-0.1175,chainityai.com
2025-10-05,EC_Ecuabet_Registros_Casino,1,0.075,0,0,0.0,-0.075,celoscienta.com
2025-10-05,EC_Ecuabet_Registros_Casino,2,0.16,0,0,0.0,-0.16,borutoanime.online
2025-10-05,EC_Ecuabet_Registros_Casino,5,0.88,0,0,0.0,-0.88,bolavip.com
2025-10-05,EC_Ecuabet_Registros_Casino,1,0.085,0,0,0.0,-0.085,bloghogar.net
2025-10-05,EC_Ecuabet_Registros_Casino,5,0.19,0,0,0.0,-0.19,bionotis.xyz
2025-10-05,EC_Ecuabet_Registros_Casino,4,0.325,0,0,0.0,-0.325,bienvenidoalhogar3.com
2025-10-05,EC_Ecuabet_Registros_Casino,3,0.072,0,0,0.0,-0.072,benefimundo.com
2025-10-05,EC_Ecuabet_Registros_Casino,4,0.495,0,0,0.0,-0.495,antena2.com
2025-10-05,EC_Ecuabet_Registros_Casino,1,0.08,0,0,0.0,-0.08,animeuno.com
2025-10-05,EC_Ecuabet_Registros_Casino,2,0.17,0,0,0.0,-0.17,animefenix2.tv
2025-10-05,EC_Ecuabet_Registros_Casino,5,0.4,0,0,0.0,-0.4,ametalurgia.com
2025-10-05,EC_Ecuabet_Registros_Casino,3,0.25,0,0,0.0,-0.25,alertastrending.online
2025-10-05,EC_Ecuabet_Registros_Casino,1,0.085,0,0,0.0,-0.085,albat.com
2025-10-05,EC_Ecuabet_Registros_Casino,5,0.385,0,0,0.0,-0.385,adqva.com
2025-10-05,EC_Ecuabet_Registros_Casino,18,1.0185,0,0,0.0,-1.0185,actualizadas.com
2025-10-05,EC_Ecuabet_Registros_Casino,2,0.17,0,0,0.0,-0.17,acentofinal.xyz
2025-10-05,EC_Ecuabet_Registros_Casino,1,0.09,0,0,0.0,-0.09,3notiactualidad.blogspot.com
2025-10-05,EC_Ecuabet_Registros_Deportivas,2,0.165,0,0,0.0,-0.165,vivaensalud.net
2025-10-05,EC_Ecuabet_Registros_Deportivas,1,0.04,0,0,0.0,-0.04,viralymedio.com
2025-10-05,EC_Ecuabet_Registros_Deportivas,7,0.168,0,0,0.0,-0.168,viraliking.com
2025-10-05,EC_Ecuabet_Registros_Deportivas,1,0.085,0,0,0.0,-0.085,verboruto.online
2025-10-05,EC_Ecuabet_Registros_Deportivas,3,0.25,0,0,0.0,-0.25,verblackclover.com
2025-10-05,EC_Ecuabet_Registros_Deportivas,1,0.085,0,0,0.0,-0.085,tipssalud.online
2025-10-05,EC_Ecuabet_Registros_Deportivas,2,0.16,0,0,0.0,-0.16,terra.com.mx
2025-10-05,EC_Ecuabet_Registros_Deportivas,1,0.08,0,0,0.0,-0.08,taybanha03.top
2025-10-05,EC_Ecuabet_Registros_Deportivas,2,0.165,0,0,0.0,-0.165,taybanha01.top
2025-10-05,EC_Ecuabet_Registros_Deportivas,18,1.44,0,0,0.0,-1.44,squidapp.co
2025-10-05,EC_Ecuabet_Registros_Deportivas,1,0.08,0,0,0.0,-0.08,soloparati.online
2025-10-05,EC_Ecuabet_Registros_Deportivas,1,0.085,0,0,0.0,-0.085,saludactua.online
2025-10-05,EC_Ecuabet_Registros_Deportivas,2,0.165,0,0,0.0,-0.165,saboryconsejo.info
2025-10-05,EC_Ecuabet_Registros_Deportivas,1,0.08,0,0,0.0,-0.08,remedioscasero.info
2025-10-05,EC_Ecuabet_Registros_Deportivas,2,0.08,0,0,0.0,-0.08,redmas.com.co
2025-10-05,EC_Ecuabet_Registros_Deportivas,4,0.335,0,0,0.0,-0.335,recetasnatural.xyz
2025-10-05,EC_Ecuabet_Registros_Deportivas,1,0.085,0,0,0.0,-0.085,recetas-es.top
2025-10-05,EC_Ecuabet_Registros_Deportivas,2,0.16,0,0,0.0,-0.16,puravida194.blogspot.com
2025-10-05,EC_Ecuabet_Registros_Deportivas,2,0.165,0,0,0.0,-0.165,poketvlatino.com
2025-10-05,EC_Ecuabet_Registros_Deportivas,1,0.05,0,0,0.0,-0.05,playboy.com.mx
2025-10-05,EC_Ecuabet_Registros_Deportivas,4,0.32,0,0,0.0,-0.32,olarviral.com
2025-10-05,EC_Ecuabet_Registros_Deportivas,1,0.085,0,0,0.0,-0.085,nutricionysaludd.com
2025-10-05,EC_Ecuabet_Registros_Deportivas,1,0.085,0,0,0.0,-0.085,nutricionvitae.com
2025-10-05,EC_Ecuabet_Registros_Deportivas,3,0.255,0,0,0.0,-0.255,notisdiarias.com
2025-10-05,EC_Ecuabet_Registros_Deportivas,2,0.16,0,0,0.0,-0.16,noticiasdiariasnews.com
2025-10-05,EC_Ecuabet_Registros_Deportivas,1,0.0425,0,0,0.0,-0.0425,noticiasamaris.com
2025-10-05,EC_Ecuabet_Registros_Deportivas,9,0.745,0,0,0.0,-0.745,noticiaomg.com
2025-10-05,EC_Ecuabet_Registros_Deportivas,4,0.27,0,0,0.0,-0.27,mundosaludable.us
2025-10-05,EC_Ecuabet_Registros_Deportivas,2,0.16,0,0,0.0,-0.16,milagrosasalud.com
2025-10-05,EC_Ecuabet_Registros_Deportivas,4,0.335,0,0,0.0,-0.335,mhonividente.xyz
2025-10-05,EC_Ecuabet_Registros_Deportivas,1,0.085,0,0,0.0,-0.085,meencantaelchocolate.com
2025-10-05,EC_Ecuabet_Registros_Deportivas,1,0.085,0,0,0.0,-0.085,lomasrelevante.top
2025-10-05,EC_Ecuabet_Registros_Deportivas,1,0.085,0,0,0.0,-0.085,latinluchas.com
2025-10-05,EC_Ecuabet_Registros_Deportivas,5,0.425,0,0,0.0,-0.425,latinchats.net
2025-10-05,EC_Ecuabet_Registros_Deportivas,2,0.135,0,0,0.0,-0.135,larepublica.ec
2025-10-05,EC_Ecuabet_Registros_Deportivas,1,0.08,0,0,0.0,-0.08,jremedios.top
2025-10-05,EC_Ecuabet_Registros_Deportivas,12,0.96,0,0,0.0,-0.96,jetrapic.com
2025-10-05,EC_Ecuabet_Registros_Deportivas,22,0.5415,0,0,0.0,-0.5415,interesantetop.top
2025-10-05,EC_Ecuabet_Registros_Deportivas,1,0.08,0,0,0.0,-0.08,inspiracionviva.blog
2025-10-05,EC_Ecuabet_Registros_Deportivas,76,1.9245,0,0,0.0,-1.9245,infotime.co
2025-10-05,EC_Ecuabet_Registros_Deportivas,2,0.17,0,0,0.0,-0.17,informan2.us
2025-10-05,EC_Ecuabet_Registros_Deportivas,1,0.08,0,0,0.0,-0.08,ideasmanualidades.xyz
2025-10-05,EC_Ecuabet_Registros_Deportivas,1,0.08,0,0,0.0,-0.08,globoviral.com
2025-10-05,EC_Ecuabet_Registros_Deportivas,1,0.08,0,0,0.0,-0.08,futbolcentroamerica.com
2025-10-05,EC_Ecuabet_Registros_Deportivas,18,1.48,0,0,0.0,-1.48,fullnoticiasplus.blogspot.com
2025-10-05,EC_Ecuabet_Registros_Deportivas,2,0.165,0,0,0.0,-0.165,franciscosaludable.com
2025-10-05,EC_Ecuabet_Registros_Deportivas,6,0.46,0,0,0.0,-0.46,fotise.com
2025-10-05,EC_Ecuabet_Registros_Deportivas,5,0.4,0,0,0.0,-0.4,flux-studio.site
2025-10-05,EC_Ecuabet_Registros_Deportivas,4,0.325,0,0,0.0,-0.325,feji.io
2025-10-05,EC_Ecuabet_Registros_Deportivas,12,0.505,0,0,0.0,-0.505,fbviral.com
2025-10-05,EC_Ecuabet_Registros_Deportivas,6,0.303,0,0,0.0,-0.303,famososyvirales.com
2025-10-05,EC_Ecuabet_Registros_Deportivas,1,0.08,0,0,0.0,-0.08,expansion.mx
2025-10-05,EC_Ecuabet_Registros_Deportivas,1,0.085,0,0,0.0,-0.085,eluniversal.com
2025-10-05,EC_Ecuabet_Registros_Deportivas,1,0.08,0,0,0.0,-0.08,elespectador.com
2025-10-05,EC_Ecuabet_Registros_Deportivas,1,0.05,0,0,0.0,-0.05,eleconomista.com.mx
2025-10-05,EC_Ecuabet_Registros_Deportivas,1,0.085,0,0,0.0,-0.085,ecuadornoticias.com
2025-10-05,EC_Ecuabet_Registros_Deportivas,1,0.085,0,0,0.0,-0.085,dionisio.com.ar
2025-10-05,EC_Ecuabet_Registros_Deportivas,1,0.08,0,0,0.0,-0.08,depor.com
2025-10-05,EC_Ecuabet_Registros_Deportivas,7,0.565,0,0,0.0,-0.565,datosdetuinteres.com
2025-10-05,EC_Ecuabet_Registros_Deportivas,1,0.05,0,0,0.0,-0.05,consallud.com
2025-10-05,EC_Ecuabet_Registros_Deportivas,1,0.08,0,0,0.0,-0.08,chidolatino.com
2025-10-05,EC_Ecuabet_Registros_Deportivas,3,0.215,0,0,0.0,-0.215,chainityai.com
2025-10-05,EC_Ecuabet_Registros_Deportivas,1,0.08,0,0,0.0,-0.08,celoscienta.com
2025-10-05,EC_Ecuabet_Registros_Deportivas,2,0.165,0,0,0.0,-0.165,bloghogar.net
2025-10-05,EC_Ecuabet_Registros_Deportivas,10,0.83,0,0,0.0,-0.83,bionotis.xyz
2025-10-05,EC_Ecuabet_Registros_Deportivas,1,0.085,0,0,0.0,-0.085,biggirls.blog
2025-10-05,EC_Ecuabet_Registros_Deportivas,1,0.08,0,0,0.0,-0.08,benefimundo.com
2025-10-05,EC_Ecuabet_Registros_Deportivas,2,0.13,0,0,0.0,-0.13,animefenix2.tv
2025-10-05,EC_Ecuabet_Registros_Deportivas,3,0.288,0,0,0.0,-0.288,adqva.com
2025-10-05,EC_Ecuabet_Registros_Deportivas,1,0.04,0,0,0.0,-0.04,actualizadas.com
2025-10-05,EC_Ecuabet_Registros_Deportivas,3,0.072,0,0,0.0,-0.072,Xiaomi Browser Newsfeed
2025-10-05,Peru | Aciertala | 2025,3,0.225,0,0,0.0,-0.225,trome.com
2025-10-05,Peru | Aciertala | 2025,1,0.075,0,0,0.0,-0.075,redmas.com.co
2025-10-05,Peru | Aciertala | 2025,22,1.65,0,0,0.0,-1.65,larazon.pe
2025-10-05,Peru | Aciertala | 2025,1,0.075,0,0,0.0,-0.075,excelsior.com.mx
2025-10-05,Peru | Aciertala | 2025,3,0.225,0,0,0.0,-0.225,eluniversal.com
2025-10-05,Peru | Aciertala | 2025,1,0.075,0,0,0.0,-0.075,elnacional.com
2025-10-05,Peru | Aciertala | 2025,36,2.7,0,0,0.0,-2.7,elmen.pe
2025-10-05,Peru | Aciertala | 2025,1,0.075,0,0,0.0,-0.075,elle.mx
2025-10-05,Peru | Aciertala | 2025,1,0.075,0,0,0.0,-0.075,elimparcial.com
2025-10-05,Peru | Aciertala | 2025,6,0.45,0,0,0.0,-0.45,eleconomista.com.mx
2025-10-05,Peru | Aciertala | 2025,2,0.15,0,0,0.0,-0.15,diariocorreo.pe
2025-10-05,Peru | Aciertala | 2025,2,0.15,0,0,0.0,-0.15,depor.com
2025-10-05,Peru | Aciertala | 2025,1,0.075,0,0,0.0,-0.075,canal26.com
2025-10-05,Peru | Aciertala | 2025,0,0.0,0,0,0.0,0.0,am.com.mx
2025-10-05,Peru | Aciertala | 2025,11,0.825,0,0,0.0,-0.825,Outlook Web Mobile
2025-10-05,Peru | Aciertala | 2025,12,0.9,0,0,0.0,-0.9,Outlook Web Desktop
2025-10-05,Peru | Aciertala | 2025,1,0.075,0,0,0.0,-0.075,Outlook PC Web Inbox
2025-10-05,Peru | Aciertala | 2025,1,0.075,0,0,0.0,-0.075,Outlook Mobile Web Inbox
2025-10-05,Peru | Aciertala | 2025,1,0.075,0,0,0.0,-0.075,Outlook App Lite Android Primary
2025-10-05,Peru | Aciertala | 2025,1,0.075,0,0,0.0,-0.075,Outlook App Lite Android Other
2025-10-05,Peru | Aciertala | 2025,1,0.075,0,0,0.0,-0.075,Outlook App Inbox
2025-10-05,Peru | Aciertala | 2025,9,0.675,0,0,0.0,-0.675,Office Monarch Inbox Desktop
2025-10-05,Peru | Aciertala | 2025,1,0.075,0,0,0.0,-0.075,Microsoft Outlook IOS Native
2025-10-05,Peru | Aciertala | 2025,2,0.15,0,0,0.0,-0.15,Microsoft Outlook Android App
2025-10-05,Peru | Aciertala | 2025,11,0.825,0,0,0.0,-0.825,HUAWEI Browser - Android
2025-10-05,Peru | Aciertala | 2025,30,2.25,0,0,0.0,-2.25,HUAWEI Assistant∙TODAY - Android
2025-10-05,Peru | Aciertala | 2025,4,0.3,0,0,0.0,-0.3,HUAWEI AI Search - Android
2025-10-05,Peru | Aciertala_Casino | 2025,5,0.35,0,0,0.0,-0.35,trome.com
2025-10-05,Peru | Aciertala_Casino | 2025,1,0.07,0,0,0.0,-0.07,peru21.pe
2025-10-05,Peru | Aciertala_Casino | 2025,1,0.07,0,0,0.0,-0.07,noticiasaldiayalahora.co
2025-10-05,Peru | Aciertala_Casino | 2025,34,2.38,0,0,0.0,-2.38,larazon.pe
2025-10-05,Peru | Aciertala_Casino | 2025,3,0.21,0,0,0.0,-0.21,elnacional.com
2025-10-05,Peru | Aciertala_Casino | 2025,34,2.38,0,0,0.0,-2.38,elmen.pe
2025-10-05,Peru | Aciertala_Casino | 2025,9,0.63,0,0,0.0,-0.63,eleconomista.com.mx
2025-10-05,Peru | Aciertala_Casino | 2025,3,0.21,0,0,0.0,-0.21,diariocorreo.pe
2025-10-05,Peru | Aciertala_Casino | 2025,1,0.07,0,0,0.0,-0.07,depor.com
2025-10-05,Peru | Aciertala_Casino | 2025,1,0.07,0,0,0.0,-0.07,cronista.com
2025-10-05,Peru | Aciertala_Casino | 2025,3,0.21,0,0,0.0,-0.21,canal26.com
2025-10-05,Peru | Aciertala_Casino | 2025,2,0.14,0,0,0.0,-0.14,bolavip.com
2025-10-05,Peru | Aciertala_Casino | 2025,0,0.0,0,0,0.0,0.0,am.com.mx
2025-10-05,Peru | Aciertala_Casino | 2025,2,0.14,0,0,0.0,-0.14,Outlook Web Mobile
2025-10-05,Peru | Aciertala_Casino | 2025,6,0.42,0,0,0.0,-0.42,Outlook Web Desktop
2025-10-05,Peru | Aciertala_Casino | 2025,2,0.14,0,0,0.0,-0.14,Outlook App Lite Android Other
2025-10-05,Peru | Aciertala_Casino | 2025,4,0.28,0,0,0.0,-0.28,Office Monarch Inbox Desktop
2025-10-05,Peru | Aciertala_Casino | 2025,2,0.14,0,0,0.0,-0.14,Microsoft Outlook IOS Native
2025-10-05,Peru | Aciertala_Casino | 2025,2,0.14,0,0,0.0,-0.14,Microsoft Outlook Android App
2025-10-05,Peru | Aciertala_Casino | 2025,2,0.14,0,0,0.0,-0.14,HUAWEI Weather - Android
2025-10-05,Peru | Aciertala_Casino | 2025,4,0.28,0,0,0.0,-0.28,HUAWEI Browser - Android
2025-10-05,Peru | Aciertala_Casino | 2025,17,1.19,0,0,0.0,-1.19,HUAWEI Assistant∙TODAY - Android
2025-10-05,Peru | Aciertala_Casino | 2025,7,0.49,0,0,0.0,-0.49,HUAWEI AI Search - Android
2025-10-06,EC_Ecuabet_Registros_Casino,3,0.19,0,0,0.0,-0.19,wuaze.com
2025-10-06,EC_Ecuabet_Registros_Casino,4,0.305,0,0,0.0,-0.305,w3diary.com
2025-10-06,EC_Ecuabet_Registros_Casino,2,0.165,0,0,0.0,-0.165,vivaensalud.net
2025-10-06,EC_Ecuabet_Registros_Casino,1,0.032,0,0,0.0,-0.032,viralymedio.com
2025-10-06,EC_Ecuabet_Registros_Casino,8,0.207,0,0,0.0,-0.207,viralsalud.club
2025-10-06,EC_Ecuabet_Registros_Casino,1,0.09,0,0,0.0,-0.09,viralinkx.com
2025-10-06,EC_Ecuabet_Registros_Casino,1,0.024,0,0,0.0,-0.024,viraliking.com
2025-10-06,EC_Ecuabet_Registros_Casino,5,0.445,0,0,0.0,-0.445,viralesenred.com
2025-10-06,EC_Ecuabet_Registros_Casino,1,0.08,0,0,0.0,-0.08,victorraulrr.com
2025-10-06,EC_Ecuabet_Registros_Casino,1,0.09,0,0,0.0,-0.09,verboruto.online
2025-10-06,EC_Ecuabet_Registros_Casino,5,0.385,0,0,0.0,-0.385,verblackclover.com
2025-10-06,EC_Ecuabet_Registros_Casino,2,0.13,0,0,0.0,-0.13,uoxcom.com
2025-10-06,EC_Ecuabet_Registros_Casino,1,0.075,0,0,0.0,-0.075,ultimashoras.com
2025-10-06,EC_Ecuabet_Registros_Casino,5,0.405,0,0,0.0,-0.405,tvc.com.ec
2025-10-06,EC_Ecuabet_Registros_Casino,24,1.99,0,0,0.0,-1.99,tusitioviral.com
2025-10-06,EC_Ecuabet_Registros_Casino,3,0.235,0,0,0.0,-0.235,todosobreremedios.com
2025-10-06,EC_Ecuabet_Registros_Casino,3,0.26,0,0,0.0,-0.26,todoenlared.net
2025-10-06,EC_Ecuabet_Registros_Casino,1,0.08,0,0,0.0,-0.08,tejemagia.com
2025-10-06,EC_Ecuabet_Registros_Casino,1,0.09,0,0,0.0,-0.09,taybanha04.top
2025-10-06,EC_Ecuabet_Registros_Casino,6,0.505,0,0,0.0,-0.505,taybanha03.top
2025-10-06,EC_Ecuabet_Registros_Casino,2,0.17,0,0,0.0,-0.17,taybanha02.top
2025-10-06,EC_Ecuabet_Registros_Casino,2,0.17,0,0,0.0,-0.17,taybanha01.top
2025-10-06,EC_Ecuabet_Registros_Casino,1,0.08,0,0,0.0,-0.08,tarreo.com
2025-10-06,EC_Ecuabet_Registros_Casino,60,2.3625,0,0,0.0,-2.3625,squidapp.co
2025-10-06,EC_Ecuabet_Registros_Casino,4,0.355,0,0,0.0,-0.355,soloparati.online
2025-10-06,EC_Ecuabet_Registros_Casino,2,0.17,0,0,0.0,-0.17,semanadeempleos.com
2025-10-06,EC_Ecuabet_Registros_Casino,13,1.07,0,0,0.0,-1.07,saludnaturales.xyz
2025-10-06,EC_Ecuabet_Registros_Casino,5,0.533,0,0,0.0,-0.533,saludablefree.com
2025-10-06,EC_Ecuabet_Registros_Casino,2,0.17,0,0,0.0,-0.17,saboryconsejo.info
2025-10-06,EC_Ecuabet_Registros_Casino,2,0.18,0,0,0.0,-0.18,remediossaludables.com
2025-10-06,EC_Ecuabet_Registros_Casino,6,0.485,0,0,0.0,-0.485,remedioscasero.info
2025-10-06,EC_Ecuabet_Registros_Casino,15,1.305,0,0,0.0,-1.305,remedionatural.xyz
2025-10-06,EC_Ecuabet_Registros_Casino,1,0.085,0,0,0.0,-0.085,remdviral.com
2025-10-06,EC_Ecuabet_Registros_Casino,1,0.0225,0,0,0.0,-0.0225,recetasnatural.xyz
2025-10-06,EC_Ecuabet_Registros_Casino,2,0.16,0,0,0.0,-0.16,recetashogar.xyz
2025-10-06,EC_Ecuabet_Registros_Casino,2,0.17,0,0,0.0,-0.17,quien.com
2025-10-06,EC_Ecuabet_Registros_Casino,1,0.085,0,0,0.0,-0.085,quever.news
2025-10-06,EC_Ecuabet_Registros_Casino,1,0.085,0,0,0.0,-0.085,puroscaseros.xyz
2025-10-06,EC_Ecuabet_Registros_Casino,12,0.96,0,0,0.0,-0.96,puravida194.blogspot.com
2025-10-06,EC_Ecuabet_Registros_Casino,5,0.41,0,0,0.0,-0.41,pulzo.com
2025-10-06,EC_Ecuabet_Registros_Casino,1,0.08,0,0,0.0,-0.08,perulareshd.com
2025-10-06,EC_Ecuabet_Registros_Casino,1,0.085,0,0,0.0,-0.085,openiu.com
2025-10-06,EC_Ecuabet_Registros_Casino,1,0.08,0,0,0.0,-0.08,olipam.com
2025-10-06,EC_Ecuabet_Registros_Casino,2,0.07,0,0,0.0,-0.07,olarviral.com
2025-10-06,EC_Ecuabet_Registros_Casino,1,0.075,0,0,0.0,-0.075,ok-salud.com
2025-10-06,EC_Ecuabet_Registros_Casino,3,0.255,0,0,0.0,-0.255,nutricionysaludd.com
2025-10-06,EC_Ecuabet_Registros_Casino,3,0.265,0,0,0.0,-0.265,nutricionvitae.com
2025-10-06,EC_Ecuabet_Registros_Casino,4,0.31,0,0,0.0,-0.31,novelas24h.com
2025-10-06,EC_Ecuabet_Registros_Casino,7,0.54,0,0,0.0,-0.54,novelaplay.com
2025-10-06,EC_Ecuabet_Registros_Casino,1,0.09,0,0,0.0,-0.09,notitop.top
2025-10-06,EC_Ecuabet_Registros_Casino,2,0.2145,0,0,0.0,-0.2145,notimixed.com
2025-10-06,EC_Ecuabet_Registros_Casino,1,0.09,0,0,0.0,-0.09,notiiflash.com
2025-10-06,EC_Ecuabet_Registros_Casino,114,2.8185,0,0,0.0,-2.8185,noticiassalud.net
2025-10-06,EC_Ecuabet_Registros_Casino,4,0.35,0,0,0.0,-0.35,noticiasimpactodiario.blogspot.com
2025-10-06,EC_Ecuabet_Registros_Casino,8,0.68,0,0,0.0,-0.68,noticiasdiariasnews.com
2025-10-06,EC_Ecuabet_Registros_Casino,1,0.075,0,0,0.0,-0.075,noticiasdeultimahoradgg.blogspot.com
2025-10-06,EC_Ecuabet_Registros_Casino,6,0.5,0,0,0.0,-0.5,noticiasdehoyy.net
2025-10-06,EC_Ecuabet_Registros_Casino,2,0.042,0,0,0.0,-0.042,notasuperinteresantes.blogspot.com
2025-10-06,EC_Ecuabet_Registros_Casino,1,0.09,0,0,0.0,-0.09,newsdailymedia.com
2025-10-06,EC_Ecuabet_Registros_Casino,7,0.535,0,0,0.0,-0.535,newnoti.com
2025-10-06,EC_Ecuabet_Registros_Casino,7,0.595,0,0,0.0,-0.595,natureview.net
2025-10-06,EC_Ecuabet_Registros_Casino,1,0.027,0,0,0.0,-0.027,mundosaludable.us
2025-10-06,EC_Ecuabet_Registros_Casino,2,0.17,0,0,0.0,-0.17,milagrosasalud.com
2025-10-06,EC_Ecuabet_Registros_Casino,5,0.39,0,0,0.0,-0.39,me-encantas.com
2025-10-06,EC_Ecuabet_Registros_Casino,1,0.05,0,0,0.0,-0.05,manualidadeseducativas.com
2025-10-06,EC_Ecuabet_Registros_Casino,1,0.09,0,0,0.0,-0.09,lomasrelevante.top
2025-10-06,EC_Ecuabet_Registros_Casino,2,0.16,0,0,0.0,-0.16,latinluchas.com
2025-10-06,EC_Ecuabet_Registros_Casino,2,0.18,0,0,0.0,-0.18,latinchats.org
2025-10-06,EC_Ecuabet_Registros_Casino,1,0.09,0,0,0.0,-0.09,las2orillas.co
2025-10-06,EC_Ecuabet_Registros_Casino,2,0.17,0,0,0.0,-0.17,larepublica.ec
2025-10-06,EC_Ecuabet_Registros_Casino,3,0.235,0,0,0.0,-0.235,laprensani.com
2025-10-06,EC_Ecuabet_Registros_Casino,7,0.56,0,0,0.0,-0.56,lanoticia1ro.com
2025-10-06,EC_Ecuabet_Registros_Casino,1,0.075,0,0,0.0,-0.075,lafm.com.co
2025-10-06,EC_Ecuabet_Registros_Casino,1,0.085,0,0,0.0,-0.085,jremedios.top
2025-10-06,EC_Ecuabet_Registros_Casino,45,3.75,0,2,0.0,-3.75,jetrapic.com
2025-10-06,EC_Ecuabet_Registros_Casino,67,1.6665,0,0,0.0,-1.6665,infotime.co
2025-10-06,EC_Ecuabet_Registros_Casino,13,1.035,0,0,0.0,-1.035,informan2.us
2025-10-06,EC_Ecuabet_Registros_Casino,1,0.05,0,0,0.0,-0.05,imagenescool.com
2025-10-06,EC_Ecuabet_Registros_Casino,1,0.085,0,0,0.0,-0.085,ideasparamicasa.net
2025-10-06,EC_Ecuabet_Registros_Casino,1,0.09,0,0,0.0,-0.09,ideasmanualidades.xyz
2025-10-06,EC_Ecuabet_Registros_Casino,6,0.1455,0,0,0.0,-0.1455,hubvirales.com
2025-10-06,EC_Ecuabet_Registros_Casino,3,0.1715,0,0,0.0,-0.1715,fullnoticiasplus.blogspot.com
2025-10-06,EC_Ecuabet_Registros_Casino,2,0.0495,0,0,0.0,-0.0495,franciscosaludable.com
2025-10-06,EC_Ecuabet_Registros_Casino,14,1.17,0,0,0.0,-1.17,fotise.com
2025-10-06,EC_Ecuabet_Registros_Casino,3,0.25,0,0,0.0,-0.25,flux-studio.site
2025-10-06,EC_Ecuabet_Registros_Casino,1,0.08,0,0,0.0,-0.08,feji.io
2025-10-06,EC_Ecuabet_Registros_Casino,2,0.0465,0,0,0.0,-0.0465,fbviral.com
2025-10-06,EC_Ecuabet_Registros_Casino,9,0.3675,0,0,0.0,-0.3675,fbclic.com
2025-10-06,EC_Ecuabet_Registros_Casino,7,0.1725,0,0,0.0,-0.1725,famososyvirales.com
2025-10-06,EC_Ecuabet_Registros_Casino,1,0.09,0,0,0.0,-0.09,eluniversal.com
2025-10-06,EC_Ecuabet_Registros_Casino,6,0.47,0,0,0.0,-0.47,elrincondefafa.com
2025-10-06,EC_Ecuabet_Registros_Casino,1,0.085,0,0,0.0,-0.085,elnacional.com
2025-10-06,EC_Ecuabet_Registros_Casino,1,0.09,0,0,0.0,-0.09,elfarandi.com
2025-10-06,EC_Ecuabet_Registros_Casino,1,0.05,0,0,0.0,-0.05,elespectador.com
2025-10-06,EC_Ecuabet_Registros_Casino,6,0.505,0,0,0.0,-0.505,eacar.xyz
2025-10-06,EC_Ecuabet_Registros_Casino,3,0.245,0,0,0.0,-0.245,dionisio.com.ar
2025-10-06,EC_Ecuabet_Registros_Casino,1,0.085,0,0,0.0,-0.085,depor.com
2025-10-06,EC_Ecuabet_Registros_Casino,8,0.1875,0,0,0.0,-0.1875,datosdetuinteres.com
2025-10-06,EC_Ecuabet_Registros_Casino,1,0.09,0,0,0.0,-0.09,curiosidadesvirales.com
2025-10-06,EC_Ecuabet_Registros_Casino,40,3.515,0,0,0.0,-3.515,cronista.com
2025-10-06,EC_Ecuabet_Registros_Casino,1,0.08,0,0,0.0,-0.08,consallud.com
2025-10-06,EC_Ecuabet_Registros_Casino,1,0.08,0,0,0.0,-0.08,cocinadelirante.com
2025-10-06,EC_Ecuabet_Registros_Casino,1,0.09,0,0,0.0,-0.09,bricolajeencasa.net
2025-10-06,EC_Ecuabet_Registros_Casino,2,0.18,0,0,0.0,-0.18,borutoanime.online
2025-10-06,EC_Ecuabet_Registros_Casino,6,1.111,0,0,0.0,-1.111,bolavip.com
2025-10-06,EC_Ecuabet_Registros_Casino,3,0.1175,0,0,0.0,-0.1175,bionotis.xyz
2025-10-06,EC_Ecuabet_Registros_Casino,1,0.12,0,0,0.0,-0.12,antena2.com
2025-10-06,EC_Ecuabet_Registros_Casino,2,0.165,0,0,0.0,-0.165,animefenix2.tv
2025-10-06,EC_Ecuabet_Registros_Casino,4,0.34,0,0,0.0,-0.34,ametalurgia.com
2025-10-06,EC_Ecuabet_Registros_Casino,2,0.165,0,0,0.0,-0.165,alertastrending.online
2025-10-06,EC_Ecuabet_Registros_Casino,8,0.63,0,1,0.0,-0.63,adqva.com
2025-10-06,EC_Ecuabet_Registros_Casino,16,0.882,0,1,0.0,-0.882,actualizadas.com
2025-10-06,EC_Ecuabet_Registros_Casino,2,0.165,0,0,0.0,-0.165,acentofinal.xyz
2025-10-06,EC_Ecuabet_Registros_Deportivas,1,0.085,0,0,0.0,-0.085,vivaensalud.net
2025-10-06,EC_Ecuabet_Registros_Deportivas,1,0.04,0,0,0.0,-0.04,viralymedio.com
2025-10-06,EC_Ecuabet_Registros_Deportivas,6,0.144,0,0,0.0,-0.144,viraliking.com
2025-10-06,EC_Ecuabet_Registros_Deportivas,2,0.17,0,0,0.0,-0.17,viralesenred.com
2025-10-06,EC_Ecuabet_Registros_Deportivas,1,0.085,0,0,0.0,-0.085,very-amazing.com
2025-10-06,EC_Ecuabet_Registros_Deportivas,1,0.085,0,0,0.0,-0.085,verblackclover.com
2025-10-06,EC_Ecuabet_Registros_Deportivas,1,0.08,0,0,0.0,-0.08,unv-informacion.xyz
2025-10-06,EC_Ecuabet_Registros_Deportivas,3,0.215,0,0,0.0,-0.215,tusitioviral.com
2025-10-06,EC_Ecuabet_Registros_Deportivas,14,1.12,0,0,0.0,-1.12,squidapp.co
2025-10-06,EC_Ecuabet_Registros_Deportivas,1,0.085,0,0,0.0,-0.085,soycarmin.com
2025-10-06,EC_Ecuabet_Registros_Deportivas,1,0.08,0,0,0.0,-0.08,skynovels.net
2025-10-06,EC_Ecuabet_Registros_Deportivas,11,0.91,0,0,0.0,-0.91,saludremedios.site
2025-10-06,EC_Ecuabet_Registros_Deportivas,3,0.255,0,0,0.0,-0.255,saludablefree.com
2025-10-06,EC_Ecuabet_Registros_Deportivas,1,0.085,0,0,0.0,-0.085,saboryconsejo.info
2025-10-06,EC_Ecuabet_Registros_Deportivas,1,0.08,0,0,0.0,-0.08,remedioscasero.info
2025-10-06,EC_Ecuabet_Registros_Deportivas,4,0.335,0,0,0.0,-0.335,remedionatural.xyz
2025-10-06,EC_Ecuabet_Registros_Deportivas,11,0.4575,0,0,0.0,-0.4575,redmas.com.co
2025-10-06,EC_Ecuabet_Registros_Deportivas,3,0.245,0,0,0.0,-0.245,recetasnatural.xyz
2025-10-06,EC_Ecuabet_Registros_Deportivas,1,0.085,0,0,0.0,-0.085,recetashogar.xyz
2025-10-06,EC_Ecuabet_Registros_Deportivas,2,0.16,0,0,0.0,-0.16,puravida194.blogspot.com
2025-10-06,EC_Ecuabet_Registros_Deportivas,2,0.165,0,0,0.0,-0.165,pulzo.com
2025-10-06,EC_Ecuabet_Registros_Deportivas,1,0.08,0,0,0.0,-0.08,ok-salud.com
2025-10-06,EC_Ecuabet_Registros_Deportivas,1,0.085,0,0,0.0,-0.085,nutricionysaludd.com
2025-10-06,EC_Ecuabet_Registros_Deportivas,1,0.085,0,0,0.0,-0.085,nutricionvitae.com
2025-10-06,EC_Ecuabet_Registros_Deportivas,1,0.08,0,0,0.0,-0.08,novelas24h.com
2025-10-06,EC_Ecuabet_Registros_Deportivas,1,0.08,0,0,0.0,-0.08,notisdiarias.com
2025-10-06,EC_Ecuabet_Registros_Deportivas,1,0.08,0,0,0.0,-0.08,noticiasrcn.com
2025-10-06,EC_Ecuabet_Registros_Deportivas,2,0.17,0,0,0.0,-0.17,noticiasdiariasnews.com
2025-10-06,EC_Ecuabet_Registros_Deportivas,1,0.05,0,0,0.0,-0.05,noticiasdehoyy.net
2025-10-06,EC_Ecuabet_Registros_Deportivas,1,0.0425,0,0,0.0,-0.0425,noticiasamaris.com
2025-10-06,EC_Ecuabet_Registros_Deportivas,3,0.255,0,0,0.0,-0.255,noticiaomg.com
2025-10-06,EC_Ecuabet_Registros_Deportivas,1,0.08,0,0,0.0,-0.08,noticenter.lat
2025-10-06,EC_Ecuabet_Registros_Deportivas,1,0.08,0,0,0.0,-0.08,notasuperinteresantes.blogspot.com
2025-10-06,EC_Ecuabet_Registros_Deportivas,2,0.135,0,0,0.0,-0.135,mundosaludable.us
2025-10-06,EC_Ecuabet_Registros_Deportivas,2,0.16,0,0,0.0,-0.16,milagrosasalud.com
2025-10-06,EC_Ecuabet_Registros_Deportivas,2,0.165,0,0,0.0,-0.165,mhonividente.xyz
2025-10-06,EC_Ecuabet_Registros_Deportivas,2,0.165,0,0,0.0,-0.165,me-encantas.com
2025-10-06,EC_Ecuabet_Registros_Deportivas,2,0.17,0,0,0.0,-0.17,lomasrelevante.top
2025-10-06,EC_Ecuabet_Registros_Deportivas,1,0.085,0,0,0.0,-0.085,latinchats.org
2025-10-06,EC_Ecuabet_Registros_Deportivas,2,0.17,0,0,0.0,-0.17,latinchats.net
2025-10-06,EC_Ecuabet_Registros_Deportivas,4,0.32,0,0,0.0,-0.32,jetrapic.com
2025-10-06,EC_Ecuabet_Registros_Deportivas,1,0.085,0,0,0.0,-0.085,invdes.com.mx
2025-10-06,EC_Ecuabet_Registros_Deportivas,31,0.762,0,0,0.0,-0.762,interesantetop.top
2025-10-06,EC_Ecuabet_Registros_Deportivas,1,0.08,0,0,0.0,-0.08,inspiracionviva.blog
2025-10-06,EC_Ecuabet_Registros_Deportivas,54,1.341,0,0,0.0,-1.341,infotime.co
2025-10-06,EC_Ecuabet_Registros_Deportivas,5,0.415,0,0,0.0,-0.415,informan2.us
2025-10-06,EC_Ecuabet_Registros_Deportivas,1,0.08,0,0,0.0,-0.08,herramientas-online.com
2025-10-06,EC_Ecuabet_Registros_Deportivas,14,1.155,0,0,0.0,-1.155,fullnoticiasplus.blogspot.com
2025-10-06,EC_Ecuabet_Registros_Deportivas,1,0.08,0,0,0.0,-0.08,franciscosaludable.com
2025-10-06,EC_Ecuabet_Registros_Deportivas,5,0.315,0,0,0.0,-0.315,fotise.com
2025-10-06,EC_Ecuabet_Registros_Deportivas,4,0.32,0,0,0.0,-0.32,flux-studio.site
2025-10-06,EC_Ecuabet_Registros_Deportivas,1,0.08,0,0,0.0,-0.08,feji.io
2025-10-06,EC_Ecuabet_Registros_Deportivas,4,0.17,0,0,0.0,-0.17,fbviral.com
2025-10-06,EC_Ecuabet_Registros_Deportivas,5,0.246,0,0,0.0,-0.246,famososyvirales.com
2025-10-06,EC_Ecuabet_Registros_Deportivas,2,0.17,0,0,0.0,-0.17,expansion.mx
2025-10-06,EC_Ecuabet_Registros_Deportivas,1,0.08,0,0,0.0,-0.08,elfarandi.com
2025-10-06,EC_Ecuabet_Registros_Deportivas,1,0.08,0,0,0.0,-0.08,elespectador.com
2025-10-06,EC_Ecuabet_Registros_Deportivas,1,0.05,0,0,0.0,-0.05,ecuadornoticias.com
2025-10-06,EC_Ecuabet_Registros_Deportivas,1,0.085,0,0,0.0,-0.085,dionisio.com.ar
2025-10-06,EC_Ecuabet_Registros_Deportivas,1,0.08,0,0,0.0,-0.08,depor.com
2025-10-06,EC_Ecuabet_Registros_Deportivas,6,0.455,0,0,0.0,-0.455,datosdetuinteres.com
2025-10-06,EC_Ecuabet_Registros_Deportivas,3,0.25,0,0,0.0,-0.25,chainityai.com
2025-10-06,EC_Ecuabet_Registros_Deportivas,1,0.085,0,0,0.0,-0.085,borutoanime.online
2025-10-06,EC_Ecuabet_Registros_Deportivas,3,0.48,0,0,0.0,-0.48,bolavip.com
2025-10-06,EC_Ecuabet_Registros_Deportivas,4,0.33,0,0,0.0,-0.33,bloghogar.net
2025-10-06,EC_Ecuabet_Registros_Deportivas,10,0.78,0,0,0.0,-0.78,bionotis.xyz
2025-10-06,EC_Ecuabet_Registros_Deportivas,1,0.08,0,0,0.0,-0.08,benefimundo.com
2025-10-06,EC_Ecuabet_Registros_Deportivas,1,0.08,0,0,0.0,-0.08,azerothqva.com
2025-10-06,EC_Ecuabet_Registros_Deportivas,2,0.192,0,0,0.0,-0.192,adqva.com
2025-10-06,EC_Ecuabet_Registros_Deportivas,1,0.04,0,0,0.0,-0.04,actualizadas.com
2025-10-06,EC_Ecuabet_Registros_Deportivas,3,0.072,0,0,0.0,-0.072,Xiaomi Browser Newsfeed
2025-10-06,Peru | Aciertala | 2025,7,0.525,0,0,0.0,-0.525,trome.com
2025-10-06,Peru | Aciertala | 2025,6,0.45,0,0,0.0,-0.45,redmas.com.co
2025-10-06,Peru | Aciertala | 2025,1,0.075,0,0,0.0,-0.075,pulzo.com
2025-10-06,Peru | Aciertala | 2025,1,0.075,0,0,0.0,-0.075,peru21.pe
2025-10-06,Peru | Aciertala | 2025,2,0.15,0,0,0.0,-0.15,larazon.pe
2025-10-06,Peru | Aciertala | 2025,1,0.075,0,0,0.0,-0.075,laguajirahoy.com
2025-10-06,Peru | Aciertala | 2025,7,0.525,0,0,0.0,-0.525,elmen.pe
2025-10-06,Peru | Aciertala | 2025,2,0.15,0,0,0.0,-0.15,elle.mx
2025-10-06,Peru | Aciertala | 2025,5,0.375,0,0,0.0,-0.375,eleconomista.com.mx
2025-10-06,Peru | Aciertala | 2025,1,0.075,0,0,0.0,-0.075,diariocorreo.pe
2025-10-06,Peru | Aciertala | 2025,1,0.075,0,0,0.0,-0.075,depor.com
2025-10-06,Peru | Aciertala | 2025,1,0.075,0,0,0.0,-0.075,canal26.com
2025-10-06,Peru | Aciertala | 2025,1,0.075,0,0,0.0,-0.075,bolavip.com
2025-10-06,Peru | Aciertala | 2025,1,0.075,0,0,0.0,-0.075,atv.pe
2025-10-06,Peru | Aciertala | 2025,0,0.0,0,0,0.0,0.0,am.com.mx
2025-10-06,Peru | Aciertala | 2025,17,1.275,0,0,0.0,-1.275,Outlook Web Mobile
2025-10-06,Peru | Aciertala | 2025,32,2.4,0,0,0.0,-2.4,Outlook Web Desktop
2025-10-06,Peru | Aciertala | 2025,4,0.3,0,0,0.0,-0.3,Outlook PC Web Inbox
2025-10-06,Peru | Aciertala | 2025,4,0.3,0,0,0.0,-0.3,Outlook Mobile Web Inbox
2025-10-06,Peru | Aciertala | 2025,2,0.15,0,0,0.0,-0.15,Outlook App Lite Android Other
2025-10-06,Peru | Aciertala | 2025,1,0.075,0,0,0.0,-0.075,Office Monarch Non Inbox Desktop
2025-10-06,Peru | Aciertala | 2025,3,0.225,0,0,0.0,-0.225,Office Monarch Inbox Primary Desktop
2025-10-06,Peru | Aciertala | 2025,25,1.875,0,0,0.0,-1.875,Office Monarch Inbox Desktop
2025-10-06,Peru | Aciertala | 2025,2,0.15,0,0,0.0,-0.15,Microsoft Outlook IOS Native
2025-10-06,Peru | Aciertala | 2025,4,0.3,0,0,0.0,-0.3,Microsoft Outlook Android App
2025-10-06,Peru | Aciertala | 2025,8,0.6,0,0,0.0,-0.6,HUAWEI Browser - Android
2025-10-06,Peru | Aciertala | 2025,12,0.9,0,0,0.0,-0.9,HUAWEI Assistant∙TODAY - Android
2025-10-06,Peru | Aciertala | 2025,10,0.75,0,0,0.0,-0.75,HUAWEI AI Search - Android
2025-10-06,Peru | Aciertala_Casino | 2025,4,0.28,0,0,0.0,-0.28,trome.com
2025-10-06,Peru | Aciertala_Casino | 2025,4,0.28,0,0,0.0,-0.28,redmas.com.co
2025-10-06,Peru | Aciertala_Casino | 2025,1,0.07,0,0,0.0,-0.07,peru21.pe
2025-10-06,Peru | Aciertala_Casino | 2025,1,0.07,0,0,0.0,-0.07,larazon.pe
2025-10-06,Peru | Aciertala_Casino | 2025,16,1.12,0,0,0.0,-1.12,elmen.pe
2025-10-06,Peru | Aciertala_Casino | 2025,1,0.07,0,0,0.0,-0.07,elle.mx
2025-10-06,Peru | Aciertala_Casino | 2025,8,0.56,0,0,0.0,-0.56,eleconomista.com.mx
2025-10-06,Peru | Aciertala_Casino | 2025,2,0.14,0,0,0.0,-0.14,depor.com
2025-10-06,Peru | Aciertala_Casino | 2025,1,0.07,0,0,0.0,-0.07,cronista.com
2025-10-06,Peru | Aciertala_Casino | 2025,2,0.14,0,1,0.0,-0.14,atv.pe
2025-10-06,Peru | Aciertala_Casino | 2025,0,0.0,0,0,0.0,0.0,am.com.mx
2025-10-06,Peru | Aciertala_Casino | 2025,1,0.07,0,0,0.0,-0.07,Outlook Web Non Inbox
2025-10-06,Peru | Aciertala_Casino | 2025,12,0.84,0,0,0.0,-0.84,Outlook Web Mobile
2025-10-06,Peru | Aciertala_Casino | 2025,2,0.14,0,0,0.0,-0.14,Outlook Web Mail
2025-10-06,Peru | Aciertala_Casino | 2025,31,2.17,0,0,0.0,-2.17,Outlook Web Desktop
2025-10-06,Peru | Aciertala_Casino | 2025,1,0.07,0,0,0.0,-0.07,Outlook PC Web Inbox
2025-10-06,Peru | Aciertala_Casino | 2025,1,0.07,0,0,0.0,-0.07,Outlook App Inbox
2025-10-06,Peru | Aciertala_Casino | 2025,2,0.14,0,0,0.0,-0.14,Office Monarch Inbox Primary Desktop
2025-10-06,Peru | Aciertala_Casino | 2025,13,0.91,0,0,0.0,-0.91,Office Monarch Inbox Desktop
2025-10-06,Peru | Aciertala_Casino | 2025,8,0.56,0,0,0.0,-0.56,Microsoft Outlook Android App
2025-10-06,Peru | Aciertala_Casino | 2025,3,0.21,0,0,0.0,-0.21,HUAWEI Browser - Android
2025-10-06,Peru | Aciertala_Casino | 2025,23,1.61,0,0,0.0,-1.61,HUAWEI Assistant∙TODAY - Android
2025-10-06,Peru | Aciertala_Casino | 2025,9,0.63,0,0,0.0,-0.63,HUAWEI AI Search - Android
2025-10-07,EC_Ecuabet_Registros_Casino,2,0.17,0,0,0.0,-0.17,wuaze.com
2025-10-07,EC_Ecuabet_Registros_Casino,7,0.59,0,0,0.0,-0.59,w3diary.com
2025-10-07,EC_Ecuabet_Registros_Casino,3,0.25,0,0,0.0,-0.25,vivaensalud.net
2025-10-07,EC_Ecuabet_Registros_Casino,6,0.202,0,0,0.0,-0.202,viralymedio.com
2025-10-07,EC_Ecuabet_Registros_Casino,4,0.0945,0,0,0.0,-0.0945,viralsalud.club
2025-10-07,EC_Ecuabet_Registros_Casino,2,0.17,0,0,0.0,-0.17,viralonline.click
2025-10-07,EC_Ecuabet_Registros_Casino,4,0.0975,0,0,0.0,-0.0975,viraliking.com
2025-10-07,EC_Ecuabet_Registros_Casino,6,0.5,0,0,0.0,-0.5,viralesenred.com
2025-10-07,EC_Ecuabet_Registros_Casino,9,0.725,0,0,0.0,-0.725,very-amazing.com
2025-10-07,EC_Ecuabet_Registros_Casino,1,0.08,0,0,0.0,-0.08,verboruto.online
2025-10-07,EC_Ecuabet_Registros_Casino,2,0.18,0,0,0.0,-0.18,verblackclover.com
2025-10-07,EC_Ecuabet_Registros_Casino,2,0.155,0,0,0.0,-0.155,uoxcom.com
2025-10-07,EC_Ecuabet_Registros_Casino,1,0.09,0,0,0.0,-0.09,unisalia.com
2025-10-07,EC_Ecuabet_Registros_Casino,1,0.09,0,0,0.0,-0.09,ultimashoras.com
2025-10-07,EC_Ecuabet_Registros_Casino,8,0.675,0,0,0.0,-0.675,tusitioviral.com
2025-10-07,EC_Ecuabet_Registros_Casino,1,0.05,0,0,0.0,-0.05,topnewstodayismy.blogspot.com
2025-10-07,EC_Ecuabet_Registros_Casino,1,0.085,0,0,0.0,-0.085,todonathy.com
2025-10-07,EC_Ecuabet_Registros_Casino,1,0.075,0,0,0.0,-0.075,todoenlared.net
2025-10-07,EC_Ecuabet_Registros_Casino,1,0.08,0,0,0.0,-0.08,tickvirales.com
2025-10-07,EC_Ecuabet_Registros_Casino,1,0.09,0,0,0.0,-0.09,taybanha04.top
2025-10-07,EC_Ecuabet_Registros_Casino,4,0.36,0,0,0.0,-0.36,taybanha03.top
2025-10-07,EC_Ecuabet_Registros_Casino,3,0.21,0,0,0.0,-0.21,taybanha02.top
2025-10-07,EC_Ecuabet_Registros_Casino,4,0.325,0,0,0.0,-0.325,taybanha01.top
2025-10-07,EC_Ecuabet_Registros_Casino,59,2.125,0,0,0.0,-2.125,squidapp.co
2025-10-07,EC_Ecuabet_Registros_Casino,3,0.25,0,0,0.0,-0.25,spain-recipes.top
2025-10-07,EC_Ecuabet_Registros_Casino,1,0.075,0,0,0.0,-0.075,somospositivosactivos.xyz
2025-10-07,EC_Ecuabet_Registros_Casino,14,1.17,0,0,0.0,-1.17,soloparati.online
2025-10-07,EC_Ecuabet_Registros_Casino,12,1.02,0,0,0.0,-1.02,sevolvioviral.online
2025-10-07,EC_Ecuabet_Registros_Casino,2,0.18,0,0,0.0,-0.18,saludyconsejosparati.com
2025-10-07,EC_Ecuabet_Registros_Casino,1,0.0375,0,0,0.0,-0.0375,saludremedios.site
2025-10-07,EC_Ecuabet_Registros_Casino,4,0.36,0,0,0.0,-0.36,saludnaturales.xyz
2025-10-07,EC_Ecuabet_Registros_Casino,1,0.09,0,0,0.0,-0.09,saludinfinitatop.com
2025-10-07,EC_Ecuabet_Registros_Casino,7,0.741,0,0,0.0,-0.741,saludablefree.com
2025-10-07,EC_Ecuabet_Registros_Casino,11,0.89,0,0,0.0,-0.89,remedioscasero.info
2025-10-07,EC_Ecuabet_Registros_Casino,8,0.66,0,0,0.0,-0.66,remedionatural.xyz
2025-10-07,EC_Ecuabet_Registros_Casino,1,0.09,0,0,0.0,-0.09,recipes-sp.com
2025-10-07,EC_Ecuabet_Registros_Casino,1,0.09,0,0,0.0,-0.09,recetasenlared.com
2025-10-07,EC_Ecuabet_Registros_Casino,1,0.09,0,0,0.0,-0.09,quien.com
2025-10-07,EC_Ecuabet_Registros_Casino,9,0.76,0,0,0.0,-0.76,puravida194.blogspot.com
2025-10-07,EC_Ecuabet_Registros_Casino,5,0.43,0,0,0.0,-0.43,pulzo.com
2025-10-07,EC_Ecuabet_Registros_Casino,2,0.18,0,0,0.0,-0.18,prensalibre.com
2025-10-07,EC_Ecuabet_Registros_Casino,2,0.17,0,0,0.0,-0.17,pinnens.com
2025-10-07,EC_Ecuabet_Registros_Casino,2,0.175,0,0,0.0,-0.175,openiu.com
2025-10-07,EC_Ecuabet_Registros_Casino,5,0.215,0,0,0.0,-0.215,olarviral.com
2025-10-07,EC_Ecuabet_Registros_Casino,6,0.435,0,0,0.0,-0.435,nutricionysaludd.com
2025-10-07,EC_Ecuabet_Registros_Casino,1,0.085,0,0,0.0,-0.085,nutricionvitae.com
2025-10-07,EC_Ecuabet_Registros_Casino,2,0.18,0,0,0.0,-0.18,novelas24h.com
2025-10-07,EC_Ecuabet_Registros_Casino,11,0.865,0,0,0.0,-0.865,novelaplay.com
2025-10-07,EC_Ecuabet_Registros_Casino,3,0.115,0,0,0.0,-0.115,notisdiarias.com
2025-10-07,EC_Ecuabet_Registros_Casino,9,0.76,0,0,0.0,-0.76,notiiflash.com
2025-10-07,EC_Ecuabet_Registros_Casino,1,0.085,0,0,0.0,-0.085,noticlub.top
2025-10-07,EC_Ecuabet_Registros_Casino,1,0.09,0,0,0.0,-0.09,noticiasviralesenred.blogspot.com
2025-10-07,EC_Ecuabet_Registros_Casino,134,3.438,0,0,0.0,-3.438,noticiassalud.net
2025-10-07,EC_Ecuabet_Registros_Casino,1,0.075,0,0,0.0,-0.075,noticiasrcn.com
2025-10-07,EC_Ecuabet_Registros_Casino,1,0.09,0,0,0.0,-0.09,noticiasnewsleon.blogspot.com
2025-10-07,EC_Ecuabet_Registros_Casino,2,0.17,0,0,0.0,-0.17,noticiasimpactodiario.blogspot.com
2025-10-07,EC_Ecuabet_Registros_Casino,8,0.62,0,0,0.0,-0.62,noticiasdiariasnews.com
2025-10-07,EC_Ecuabet_Registros_Casino,1,0.08,0,0,0.0,-0.08,noticiasdeultimahoradgg.blogspot.com
2025-10-07,EC_Ecuabet_Registros_Casino,12,0.975,0,0,0.0,-0.975,noticiasdehoyy.net
2025-10-07,EC_Ecuabet_Registros_Casino,2,0.054,0,0,0.0,-0.054,noticiaomg.com
2025-10-07,EC_Ecuabet_Registros_Casino,1,0.024,0,0,0.0,-0.024,notasuperinteresantes.blogspot.com
2025-10-07,EC_Ecuabet_Registros_Casino,16,1.215,0,0,0.0,-1.215,newnoti.com
2025-10-07,EC_Ecuabet_Registros_Casino,7,0.585,0,0,0.0,-0.585,natureview.net
2025-10-07,EC_Ecuabet_Registros_Casino,1,0.0255,0,0,0.0,-0.0255,mundosaludable.us
2025-10-07,EC_Ecuabet_Registros_Casino,1,0.09,0,0,0.0,-0.09,milagrosasalud.com
2025-10-07,EC_Ecuabet_Registros_Casino,1,0.05,0,0,0.0,-0.05,metacorepc.com
2025-10-07,EC_Ecuabet_Registros_Casino,1,0.08,0,0,0.0,-0.08,meencantaelchocolate.com
2025-10-07,EC_Ecuabet_Registros_Casino,10,0.8,0,0,0.0,-0.8,me-encantas.com
2025-10-07,EC_Ecuabet_Registros_Casino,1,0.08,0,0,0.0,-0.08,masnatural.info
2025-10-07,EC_Ecuabet_Registros_Casino,2,0.13,0,0,0.0,-0.13,lomasrelevante.top
2025-10-07,EC_Ecuabet_Registros_Casino,1,0.09,0,0,0.0,-0.09,latinluchas.com
2025-10-07,EC_Ecuabet_Registros_Casino,1,0.08,0,0,0.0,-0.08,larepublica.ec
2025-10-07,EC_Ecuabet_Registros_Casino,1,0.075,0,0,0.0,-0.075,lapaginamillonaria.com
2025-10-07,EC_Ecuabet_Registros_Casino,1,0.09,0,0,0.0,-0.09,lanoticiahoy.xyz
2025-10-07,EC_Ecuabet_Registros_Casino,3,0.27,0,0,0.0,-0.27,lanoticia1ro.com
2025-10-07,EC_Ecuabet_Registros_Casino,38,3.2,0,0,0.0,-3.2,jetrapic.com
2025-10-07,EC_Ecuabet_Registros_Casino,5,0.37,0,0,0.0,-0.37,inspiracionviva.blog
2025-10-07,EC_Ecuabet_Registros_Casino,101,2.5275,0,0,0.0,-2.5275,infotime.co
2025-10-07,EC_Ecuabet_Registros_Casino,11,0.855,0,0,0.0,-0.855,informan2.us
2025-10-07,EC_Ecuabet_Registros_Casino,16,0.3705,0,0,0.0,-0.3705,hubvirales.com
2025-10-07,EC_Ecuabet_Registros_Casino,1,0.09,0,0,0.0,-0.09,herramientas-online.com
2025-10-07,EC_Ecuabet_Registros_Casino,1,0.027,0,0,0.0,-0.027,franciscosaludable.com
2025-10-07,EC_Ecuabet_Registros_Casino,20,1.56,0,0,0.0,-1.56,fotise.com
2025-10-07,EC_Ecuabet_Registros_Casino,3,0.105,0,0,0.0,-0.105,fbclic.com
2025-10-07,EC_Ecuabet_Registros_Casino,6,0.15,0,0,0.0,-0.15,famososyvirales.com
2025-10-07,EC_Ecuabet_Registros_Casino,3,0.26,0,0,0.0,-0.26,expansion.mx
2025-10-07,EC_Ecuabet_Registros_Casino,1,0.08,0,0,0.0,-0.08,excelsior.com.mx
2025-10-07,EC_Ecuabet_Registros_Casino,4,0.335,0,0,0.0,-0.335,elespectador.com
2025-10-07,EC_Ecuabet_Registros_Casino,1,0.08,0,0,0.0,-0.08,eleconomista.com.mx
2025-10-07,EC_Ecuabet_Registros_Casino,2,0.175,0,0,0.0,-0.175,elcomercio.pe
2025-10-07,EC_Ecuabet_Registros_Casino,2,0.16,0,0,0.0,-0.16,eacar.xyz
2025-10-07,EC_Ecuabet_Registros_Casino,1,0.09,0,0,0.0,-0.09,drole-info.com
2025-10-07,EC_Ecuabet_Registros_Casino,3,0.24,0,0,0.0,-0.24,dionisio.com.ar
2025-10-07,EC_Ecuabet_Registros_Casino,1,0.08,0,0,0.0,-0.08,dineroenimagen.com
2025-10-07,EC_Ecuabet_Registros_Casino,1,0.08,0,0,0.0,-0.08,diariolibree.com
2025-10-07,EC_Ecuabet_Registros_Casino,1,0.08,0,0,0.0,-0.08,detodounpocoyunpocodetodo1986.blogspot.com
2025-10-07,EC_Ecuabet_Registros_Casino,1,0.09,0,0,0.0,-0.09,debate.com.mx
2025-10-07,EC_Ecuabet_Registros_Casino,3,0.069,0,0,0.0,-0.069,datosdetuinteres.com
2025-10-07,EC_Ecuabet_Registros_Casino,7,0.59,0,0,0.0,-0.59,curiosidadesvirales.com
2025-10-07,EC_Ecuabet_Registros_Casino,25,2.19,0,0,0.0,-2.19,cronista.com
2025-10-07,EC_Ecuabet_Registros_Casino,4,0.34,0,0,0.0,-0.34,consallud.com
2025-10-07,EC_Ecuabet_Registros_Casino,1,0.09,0,0,0.0,-0.09,cinelibreonline.com
2025-10-07,EC_Ecuabet_Registros_Casino,1,0.045,0,0,0.0,-0.045,chainityai.com
2025-10-07,EC_Ecuabet_Registros_Casino,2,0.15,0,0,0.0,-0.15,canal26.com
2025-10-07,EC_Ecuabet_Registros_Casino,1,0.085,0,0,0.0,-0.085,c4mpionescripts.blogspot.com
2025-10-07,EC_Ecuabet_Registros_Casino,1,0.08,0,0,0.0,-0.08,bricolajeenelhogar.com
2025-10-07,EC_Ecuabet_Registros_Casino,6,0.49,0,0,0.0,-0.49,borutoanime.online
2025-10-07,EC_Ecuabet_Registros_Casino,3,0.561,0,0,0.0,-0.561,bolavip.com
2025-10-07,EC_Ecuabet_Registros_Casino,2,0.14,0,0,0.0,-0.14,bloghogar.net
2025-10-07,EC_Ecuabet_Registros_Casino,1,0.025,0,0,0.0,-0.025,bionotis.xyz
2025-10-07,EC_Ecuabet_Registros_Casino,3,0.3675,0,0,0.0,-0.3675,antena2.com
2025-10-07,EC_Ecuabet_Registros_Casino,2,0.17,0,0,0.0,-0.17,animefenix2.tv
2025-10-07,EC_Ecuabet_Registros_Casino,1,0.08,0,0,0.0,-0.08,ametalurgia.com
2025-10-07,EC_Ecuabet_Registros_Casino,1,0.09,0,0,0.0,-0.09,amazingstory.blog
2025-10-07,EC_Ecuabet_Registros_Casino,4,0.31,0,0,0.0,-0.31,alertastrending.online
2025-10-07,EC_Ecuabet_Registros_Casino,7,0.58,0,0,0.0,-0.58,adqva.com
2025-10-07,EC_Ecuabet_Registros_Casino,20,1.099,0,0,0.0,-1.099,actualizadas.com
2025-10-07,EC_Ecuabet_Registros_Deportivas,1,0.085,0,0,0.0,-0.085,wuaze.com
2025-10-07,EC_Ecuabet_Registros_Deportivas,1,0.04,0,0,0.0,-0.04,viralymedio.com
2025-10-07,EC_Ecuabet_Registros_Deportivas,5,0.12,0,0,0.0,-0.12,viraliking.com
2025-10-07,EC_Ecuabet_Registros_Deportivas,3,0.215,0,0,0.0,-0.215,viralesenred.com
2025-10-07,EC_Ecuabet_Registros_Deportivas,1,0.085,0,0,0.0,-0.085,viralenred.com
2025-10-07,EC_Ecuabet_Registros_Deportivas,7,0.585,0,0,0.0,-0.585,very-amazing.com
2025-10-07,EC_Ecuabet_Registros_Deportivas,2,0.13,0,0,0.0,-0.13,verboruto.online
2025-10-07,EC_Ecuabet_Registros_Deportivas,1,0.08,0,0,0.0,-0.08,taybanha04.top
2025-10-07,EC_Ecuabet_Registros_Deportivas,1,0.08,0,0,0.0,-0.08,taybanha03.top
2025-10-07,EC_Ecuabet_Registros_Deportivas,1,0.08,0,0,0.0,-0.08,taybanha01.top
2025-10-07,EC_Ecuabet_Registros_Deportivas,15,1.2,0,0,0.0,-1.2,squidapp.co
2025-10-07,EC_Ecuabet_Registros_Deportivas,3,0.245,0,0,0.0,-0.245,soloparati.online
2025-10-07,EC_Ecuabet_Registros_Deportivas,1,0.05,0,0,0.0,-0.05,skynovels.net
2025-10-07,EC_Ecuabet_Registros_Deportivas,2,0.17,0,0,0.0,-0.17,sevolvioviral.online
2025-10-07,EC_Ecuabet_Registros_Deportivas,11,0.905,0,0,0.0,-0.905,saludremedios.site
2025-10-07,EC_Ecuabet_Registros_Deportivas,1,0.08,0,0,0.0,-0.08,saludablefree.com
2025-10-07,EC_Ecuabet_Registros_Deportivas,2,0.16,0,0,0.0,-0.16,saboryconsejo.info
2025-10-07,EC_Ecuabet_Registros_Deportivas,1,0.08,0,0,0.0,-0.08,remediosaldia.com
2025-10-07,EC_Ecuabet_Registros_Deportivas,2,0.165,0,0,0.0,-0.165,remedionatural.xyz
2025-10-07,EC_Ecuabet_Registros_Deportivas,1,0.0425,0,0,0.0,-0.0425,redmas.com.co
2025-10-07,EC_Ecuabet_Registros_Deportivas,2,0.17,0,0,0.0,-0.17,recetasnatural.xyz
2025-10-07,EC_Ecuabet_Registros_Deportivas,1,0.085,0,0,0.0,-0.085,peru-retail.com
2025-10-07,EC_Ecuabet_Registros_Deportivas,1,0.085,0,0,0.0,-0.085,one2love.us
2025-10-07,EC_Ecuabet_Registros_Deportivas,5,0.405,0,0,0.0,-0.405,olarviral.com
2025-10-07,EC_Ecuabet_Registros_Deportivas,2,0.13,0,0,0.0,-0.13,nutricionysaludd.com
2025-10-07,EC_Ecuabet_Registros_Deportivas,2,0.16,0,0,0.0,-0.16,novelaplay.com
2025-10-07,EC_Ecuabet_Registros_Deportivas,3,0.215,0,0,0.0,-0.215,notisdiarias.com
2025-10-07,EC_Ecuabet_Registros_Deportivas,2,0.135,0,0,0.0,-0.135,noticiasdehoyy.net
2025-10-07,EC_Ecuabet_Registros_Deportivas,4,0.1675,0,0,0.0,-0.1675,noticiasamaris.com
2025-10-07,EC_Ecuabet_Registros_Deportivas,5,0.405,0,0,0.0,-0.405,noticiaomg.com
2025-10-07,EC_Ecuabet_Registros_Deportivas,1,0.05,0,0,0.0,-0.05,notasuperinteresantes.blogspot.com
2025-10-07,EC_Ecuabet_Registros_Deportivas,1,0.085,0,0,0.0,-0.085,newnoti.com
2025-10-07,EC_Ecuabet_Registros_Deportivas,1,0.085,0,0,0.0,-0.085,mundosaludable.us
2025-10-07,EC_Ecuabet_Registros_Deportivas,1,0.085,0,0,0.0,-0.085,milagrosasalud.com
2025-10-07,EC_Ecuabet_Registros_Deportivas,2,0.16,0,0,0.0,-0.16,mhonividente.xyz
2025-10-07,EC_Ecuabet_Registros_Deportivas,2,0.165,0,0,0.0,-0.165,meencantaelchocolate.com
2025-10-07,EC_Ecuabet_Registros_Deportivas,1,0.08,0,0,0.0,-0.08,me-encantas.com
2025-10-07,EC_Ecuabet_Registros_Deportivas,3,0.25,0,0,0.0,-0.25,latinchats.org
2025-10-07,EC_Ecuabet_Registros_Deportivas,5,0.375,0,0,0.0,-0.375,latinchats.net
2025-10-07,EC_Ecuabet_Registros_Deportivas,1,0.085,0,0,0.0,-0.085,larepublica.ec
2025-10-07,EC_Ecuabet_Registros_Deportivas,2,0.16,0,0,0.0,-0.16,jetrapic.com
2025-10-07,EC_Ecuabet_Registros_Deportivas,2,0.165,0,0,0.0,-0.165,invdes.com.mx
2025-10-07,EC_Ecuabet_Registros_Deportivas,26,0.6465,0,0,0.0,-0.6465,interesantetop.top
2025-10-07,EC_Ecuabet_Registros_Deportivas,88,2.1915,0,0,0.0,-2.1915,infotime.co
2025-10-07,EC_Ecuabet_Registros_Deportivas,2,0.17,0,0,0.0,-0.17,informan2.us
2025-10-07,EC_Ecuabet_Registros_Deportivas,2,0.165,0,0,0.0,-0.165,herramientas-online.com
2025-10-07,EC_Ecuabet_Registros_Deportivas,1,0.08,0,0,0.0,-0.08,fullnoticiasplus.blogspot.com
2025-10-07,EC_Ecuabet_Registros_Deportivas,3,0.24,0,0,0.0,-0.24,franciscosaludable.com
2025-10-07,EC_Ecuabet_Registros_Deportivas,3,0.185,0,0,0.0,-0.185,fotise.com
2025-10-07,EC_Ecuabet_Registros_Deportivas,1,0.08,0,0,0.0,-0.08,flux-studio.site
2025-10-07,EC_Ecuabet_Registros_Deportivas,2,0.16,0,0,0.0,-0.16,feji.io
2025-10-07,EC_Ecuabet_Registros_Deportivas,12,0.505,0,0,0.0,-0.505,fbviral.com
2025-10-07,EC_Ecuabet_Registros_Deportivas,15,0.744,0,0,0.0,-0.744,famososyvirales.com
2025-10-07,EC_Ecuabet_Registros_Deportivas,1,0.085,0,0,0.0,-0.085,elrincondefafa.com
2025-10-07,EC_Ecuabet_Registros_Deportivas,2,0.1,0,0,0.0,-0.1,ecuadornoticias.com
2025-10-07,EC_Ecuabet_Registros_Deportivas,1,0.08,0,0,0.0,-0.08,decoracion-hogar.com
2025-10-07,EC_Ecuabet_Registros_Deportivas,2,0.165,0,0,0.0,-0.165,datosdetuinteres.com
2025-10-07,EC_Ecuabet_Registros_Deportivas,2,0.165,0,0,0.0,-0.165,curiosidadesvirales.com
2025-10-07,EC_Ecuabet_Registros_Deportivas,1,0.08,0,0,0.0,-0.08,culturacolectiva.com
2025-10-07,EC_Ecuabet_Registros_Deportivas,1,0.085,0,0,0.0,-0.085,cinelibreonline.com
2025-10-07,EC_Ecuabet_Registros_Deportivas,3,0.24,0,0,0.0,-0.24,chainityai.com
2025-10-07,EC_Ecuabet_Registros_Deportivas,4,0.295,0,0,0.0,-0.295,borutoanime.online
2025-10-07,EC_Ecuabet_Registros_Deportivas,1,0.17,0,0,0.0,-0.17,bolavip.com
2025-10-07,EC_Ecuabet_Registros_Deportivas,2,0.13,0,0,0.0,-0.13,bloghogar.net
2025-10-07,EC_Ecuabet_Registros_Deportivas,8,0.67,0,0,0.0,-0.67,bionotis.xyz
2025-10-07,EC_Ecuabet_Registros_Deportivas,1,0.08,0,0,0.0,-0.08,benefimundo.com
2025-10-07,EC_Ecuabet_Registros_Deportivas,8,0.768,0,0,0.0,-0.768,adqva.com
2025-10-07,EC_Ecuabet_Registros_Deportivas,5,0.12,0,0,0.0,-0.12,Xiaomi Browser Newsfeed
2025-10-07,Peru | Aciertala | 2025,1,0.075,0,0,0.0,-0.075,tvn-2.com
2025-10-07,Peru | Aciertala | 2025,10,0.75,0,0,0.0,-0.75,trome.com
2025-10-07,Peru | Aciertala | 2025,1,0.075,0,0,0.0,-0.075,terra.com.mx
2025-10-07,Peru | Aciertala | 2025,1,0.075,0,0,0.0,-0.075,redgol.cl
2025-10-07,Peru | Aciertala | 2025,1,0.075,0,0,0.0,-0.075,peru21.pe
2025-10-07,Peru | Aciertala | 2025,1,0.075,0,0,0.0,-0.075,noticiasrcn.com
2025-10-07,Peru | Aciertala | 2025,3,0.225,0,0,0.0,-0.225,larazon.pe
2025-10-07,Peru | Aciertala | 2025,1,0.075,0,0,0.0,-0.075,elnacional.com
2025-10-07,Peru | Aciertala | 2025,22,1.65,0,0,0.0,-1.65,elmen.pe
2025-10-07,Peru | Aciertala | 2025,5,0.375,0,0,0.0,-0.375,elle.mx
2025-10-07,Peru | Aciertala | 2025,7,0.525,0,0,0.0,-0.525,eleconomista.com.mx
2025-10-07,Peru | Aciertala | 2025,1,0.075,0,0,0.0,-0.075,diariolibree.com
2025-10-07,Peru | Aciertala | 2025,1,0.075,0,0,0.0,-0.075,diariocorreo.pe
2025-10-07,Peru | Aciertala | 2025,2,0.15,0,0,0.0,-0.15,depor.com
2025-10-07,Peru | Aciertala | 2025,2,0.15,0,0,0.0,-0.15,cronista.com
2025-10-07,Peru | Aciertala | 2025,2,0.15,0,0,0.0,-0.15,canal26.com
2025-10-07,Peru | Aciertala | 2025,0,0.0,0,0,0.0,0.0,am.com.mx
2025-10-07,Peru | Aciertala | 2025,20,1.5,0,0,0.0,-1.5,Outlook Web Mobile
2025-10-07,Peru | Aciertala | 2025,1,0.075,0,0,0.0,-0.075,Outlook Web Mail
2025-10-07,Peru | Aciertala | 2025,29,2.175,0,0,0.0,-2.175,Outlook Web Desktop
2025-10-07,Peru | Aciertala | 2025,2,0.15,0,0,0.0,-0.15,Outlook PC Web Inbox
2025-10-07,Peru | Aciertala | 2025,1,0.075,0,0,0.0,-0.075,Office Monarch Non Inbox Desktop
2025-10-07,Peru | Aciertala | 2025,1,0.075,0,0,0.0,-0.075,Office Monarch Inbox Primary Desktop
2025-10-07,Peru | Aciertala | 2025,29,2.175,0,0,0.0,-2.175,Office Monarch Inbox Desktop
2025-10-07,Peru | Aciertala | 2025,2,0.15,0,0,0.0,-0.15,Microsoft Outlook Android App
2025-10-07,Peru | Aciertala | 2025,3,0.225,0,0,0.0,-0.225,HUAWEI Browser - Android
2025-10-07,Peru | Aciertala | 2025,5,0.375,0,0,0.0,-0.375,HUAWEI Assistant∙TODAY - Android
2025-10-07,Peru | Aciertala | 2025,8,0.6,0,0,0.0,-0.6,HUAWEI AI Search - Android
2025-10-07,Peru | Aciertala_Casino | 2025,4,0.28,0,0,0.0,-0.28,trome.com
2025-10-07,Peru | Aciertala_Casino | 2025,1,0.07,0,0,0.0,-0.07,redmas.com.co
2025-10-07,Peru | Aciertala_Casino | 2025,2,0.14,0,0,0.0,-0.14,peru21.pe
2025-10-07,Peru | Aciertala_Casino | 2025,2,0.14,0,0,0.0,-0.14,noticiasrcn.com
2025-10-07,Peru | Aciertala_Casino | 2025,2,0.14,0,0,0.0,-0.14,larazon.pe
2025-10-07,Peru | Aciertala_Casino | 2025,24,1.68,0,0,0.0,-1.68,elmen.pe
2025-10-07,Peru | Aciertala_Casino | 2025,9,0.63,0,0,0.0,-0.63,eleconomista.com.mx
2025-10-07,Peru | Aciertala_Casino | 2025,2,0.14,0,0,0.0,-0.14,depor.com
2025-10-07,Peru | Aciertala_Casino | 2025,2,0.14,0,0,0.0,-0.14,canal26.com
2025-10-07,Peru | Aciertala_Casino | 2025,1,0.07,0,0,0.0,-0.07,atv.pe
2025-10-07,Peru | Aciertala_Casino | 2025,0,0.0,0,0,0.0,0.0,am.com.mx
2025-10-07,Peru | Aciertala_Casino | 2025,4,0.28,0,0,0.0,-0.28,Outlook Web Mobile
2025-10-07,Peru | Aciertala_Casino | 2025,1,0.07,0,0,0.0,-0.07,Outlook Web Mail
2025-10-07,Peru | Aciertala_Casino | 2025,30,2.1,0,0,0.0,-2.1,Outlook Web Desktop
2025-10-07,Peru | Aciertala_Casino | 2025,1,0.07,0,0,0.0,-0.07,Outlook PC Web Inbox
2025-10-07,Peru | Aciertala_Casino | 2025,2,0.14,0,0,0.0,-0.14,Outlook Mobile Web Inbox
2025-10-07,Peru | Aciertala_Casino | 2025,1,0.07,0,0,0.0,-0.07,Outlook App Inbox
2025-10-07,Peru | Aciertala_Casino | 2025,23,1.61,0,0,0.0,-1.61,Office Monarch Inbox Desktop
2025-10-07,Peru | Aciertala_Casino | 2025,3,0.21,0,0,0.0,-0.21,Microsoft Outlook IOS Native
2025-10-07,Peru | Aciertala_Casino | 2025,1,0.07,0,0,0.0,-0.07,Microsoft Outlook Android App
2025-10-07,Peru | Aciertala_Casino | 2025,10,0.7,0,0,0.0,-0.7,HUAWEI Browser - Android
2025-10-07,Peru | Aciertala_Casino | 2025,16,1.12,0,0,0.0,-1.12,HUAWEI Assistant∙TODAY - Android
2025-10-07,Peru | Aciertala_Casino | 2025,7,0.49,0,0,0.0,-0.49,HUAWEI AI Search - Android
2025-10-08,EC_Ecuabet_Registros_Casino,2,0.17,0,0,0.0,-0.17,wuaze.com
2025-10-08,EC_Ecuabet_Registros_Casino,6,0.445,0,0,0.0,-0.445,w3diary.com
2025-10-08,EC_Ecuabet_Registros_Casino,5,0.415,0,0,0.0,-0.415,vivaensalud.net
2025-10-08,EC_Ecuabet_Registros_Casino,1,0.09,0,0,0.0,-0.09,vitanel.info
2025-10-08,EC_Ecuabet_Registros_Casino,5,0.1215,0,0,0.0,-0.1215,viralsalud.club
2025-10-08,EC_Ecuabet_Registros_Casino,1,0.09,0,0,0.0,-0.09,viralonline.click
2025-10-08,EC_Ecuabet_Registros_Casino,3,0.075,0,0,0.0,-0.075,viraliking.com
2025-10-08,EC_Ecuabet_Registros_Casino,2,0.175,0,0,0.0,-0.175,viralesenred.com
2025-10-08,EC_Ecuabet_Registros_Casino,4,0.335,0,0,0.0,-0.335,very-amazing.com
2025-10-08,EC_Ecuabet_Registros_Casino,1,0.08,0,0,0.0,-0.08,venezuelainformahoy.com
2025-10-08,EC_Ecuabet_Registros_Casino,6,0.485,0,0,0.0,-0.485,uoxcom.com
2025-10-08,EC_Ecuabet_Registros_Casino,6,0.475,0,0,0.0,-0.475,unisalia.com
2025-10-08,EC_Ecuabet_Registros_Casino,1,0.08,0,0,0.0,-0.08,tvn-2.com
2025-10-08,EC_Ecuabet_Registros_Casino,2,0.16,0,1,0.0,-0.16,tvc.com.ec
2025-10-08,EC_Ecuabet_Registros_Casino,6,0.5,0,0,0.0,-0.5,tusitioviral.com
2025-10-08,EC_Ecuabet_Registros_Casino,1,0.08,0,0,0.0,-0.08,tuscrucigramas.com
2025-10-08,EC_Ecuabet_Registros_Casino,1,0.08,0,0,0.0,-0.08,topnewstodayismy.blogspot.com
2025-10-08,EC_Ecuabet_Registros_Casino,1,0.085,0,0,0.0,-0.085,todosobreremedios.com
2025-10-08,EC_Ecuabet_Registros_Casino,2,0.155,0,0,0.0,-0.155,todonathy.com
2025-10-08,EC_Ecuabet_Registros_Casino,3,0.27,0,0,0.0,-0.27,taybanha04.top
2025-10-08,EC_Ecuabet_Registros_Casino,3,0.26,0,0,0.0,-0.26,taybanha03.top
2025-10-08,EC_Ecuabet_Registros_Casino,5,0.44,0,0,0.0,-0.44,taybanha02.top
2025-10-08,EC_Ecuabet_Registros_Casino,5,0.38,0,0,0.0,-0.38,taybanha01.top
2025-10-08,EC_Ecuabet_Registros_Casino,81,2.99,0,0,0.0,-2.99,squidapp.co
2025-10-08,EC_Ecuabet_Registros_Casino,3,0.255,0,0,0.0,-0.255,spain-recipes.top
2025-10-08,EC_Ecuabet_Registros_Casino,1,0.08,0,0,0.0,-0.08,somospositivosactivos.xyz
2025-10-08,EC_Ecuabet_Registros_Casino,4,0.36,0,0,0.0,-0.36,soloparati.online
2025-10-08,EC_Ecuabet_Registros_Casino,6,0.525,0,0,0.0,-0.525,sevolvioviral.online
2025-10-08,EC_Ecuabet_Registros_Casino,1,0.09,0,0,0.0,-0.09,serielatinobobesponja.com
2025-10-08,EC_Ecuabet_Registros_Casino,1,0.075,0,0,0.0,-0.075,semanadeempleos.com
2025-10-08,EC_Ecuabet_Registros_Casino,1,0.08,0,0,0.0,-0.08,selecciones.com.mx
2025-10-08,EC_Ecuabet_Registros_Casino,2,0.175,0,0,0.0,-0.175,saludyconsejosparati.com
2025-10-08,EC_Ecuabet_Registros_Casino,3,0.27,0,0,0.0,-0.27,saludnaturales.xyz
2025-10-08,EC_Ecuabet_Registros_Casino,14,1.573,0,0,0.0,-1.573,saludablefree.com
2025-10-08,EC_Ecuabet_Registros_Casino,2,0.17,0,0,0.0,-0.17,saboryconsejo.info
2025-10-08,EC_Ecuabet_Registros_Casino,19,1.58,0,0,0.0,-1.58,rts.com.ec
2025-10-08,EC_Ecuabet_Registros_Casino,6,0.49,0,0,0.0,-0.49,remedioscasero.info
2025-10-08,EC_Ecuabet_Registros_Casino,1,0.09,0,0,0.0,-0.09,remediosaqui.com
2025-10-08,EC_Ecuabet_Registros_Casino,4,0.355,0,0,0.0,-0.355,remedionatural.xyz
2025-10-08,EC_Ecuabet_Registros_Casino,1,0.05,0,0,0.0,-0.05,remdviral.com
2025-10-08,EC_Ecuabet_Registros_Casino,1,0.09,0,0,0.0,-0.09,recetas-es.top
2025-10-08,EC_Ecuabet_Registros_Casino,1,0.085,0,0,0.0,-0.085,puroscaseros.xyz
2025-10-08,EC_Ecuabet_Registros_Casino,7,0.62,0,0,0.0,-0.62,puravida194.blogspot.com
2025-10-08,EC_Ecuabet_Registros_Casino,4,0.335,0,0,0.0,-0.335,pulzo.com
2025-10-08,EC_Ecuabet_Registros_Casino,1,0.05,0,0,0.0,-0.05,prensalibre.com
2025-10-08,EC_Ecuabet_Registros_Casino,1,0.09,0,0,0.0,-0.09,pinnens.com
2025-10-08,EC_Ecuabet_Registros_Casino,1,0.08,0,0,0.0,-0.08,papertoday24.com
2025-10-08,EC_Ecuabet_Registros_Casino,1,0.05,0,0,0.0,-0.05,ovaciones.com
2025-10-08,EC_Ecuabet_Registros_Casino,1,0.09,0,0,0.0,-0.09,onepiecemovil.com
2025-10-08,EC_Ecuabet_Registros_Casino,1,0.08,0,0,0.0,-0.08,olipam.com
2025-10-08,EC_Ecuabet_Registros_Casino,5,0.2075,0,0,0.0,-0.2075,olarviral.com
2025-10-08,EC_Ecuabet_Registros_Casino,9,0.665,0,1,0.0,-0.665,nutricionysaludd.com
2025-10-08,EC_Ecuabet_Registros_Casino,1,0.09,0,0,0.0,-0.09,nutricionvitae.com
2025-10-08,EC_Ecuabet_Registros_Casino,3,0.24,0,0,0.0,-0.24,novelasmas.com
2025-10-08,EC_Ecuabet_Registros_Casino,1,0.09,0,0,0.0,-0.09,novelas24h.com
2025-10-08,EC_Ecuabet_Registros_Casino,14,1.115,0,0,0.0,-1.115,novelaplay.com
2025-10-08,EC_Ecuabet_Registros_Casino,1,0.08,0,0,0.0,-0.08,notmex25.xyz
2025-10-08,EC_Ecuabet_Registros_Casino,2,0.0825,0,0,0.0,-0.0825,notisdiarias.com
2025-10-08,EC_Ecuabet_Registros_Casino,1,0.065,0,0,0.0,-0.065,notimixed.com
2025-10-08,EC_Ecuabet_Registros_Casino,2,0.18,0,0,0.0,-0.18,notiiflash.com
2025-10-08,EC_Ecuabet_Registros_Casino,2,0.16,0,0,0.0,-0.16,noticlub.top
2025-10-08,EC_Ecuabet_Registros_Casino,102,2.484,0,0,0.0,-2.484,noticiassalud.net
2025-10-08,EC_Ecuabet_Registros_Casino,1,0.09,0,0,0.0,-0.09,noticiasnewsleon.blogspot.com
2025-10-08,EC_Ecuabet_Registros_Casino,2,0.18,0,0,0.0,-0.18,noticiasimpactodiario.blogspot.com
2025-10-08,EC_Ecuabet_Registros_Casino,11,0.89,0,0,0.0,-0.89,noticiasdiariasnews.com
2025-10-08,EC_Ecuabet_Registros_Casino,13,1.05,0,0,0.0,-1.05,noticiasdehoyy.net
2025-10-08,EC_Ecuabet_Registros_Casino,2,0.054,0,0,0.0,-0.054,noticiaomg.com
2025-10-08,EC_Ecuabet_Registros_Casino,1,0.09,0,0,0.0,-0.09,noticenter.lat
2025-10-08,EC_Ecuabet_Registros_Casino,11,0.83,0,0,0.0,-0.83,newnoti.com
2025-10-08,EC_Ecuabet_Registros_Casino,7,0.59,0,0,0.0,-0.59,natureview.net
2025-10-08,EC_Ecuabet_Registros_Casino,2,0.155,0,0,0.0,-0.155,milagrosasalud.com
2025-10-08,EC_Ecuabet_Registros_Casino,1,0.09,0,0,0.0,-0.09,mijardinycasa.com
2025-10-08,EC_Ecuabet_Registros_Casino,4,0.355,0,0,0.0,-0.355,me-encantas.com
2025-10-08,EC_Ecuabet_Registros_Casino,2,0.14,0,0,0.0,-0.14,lomasrelevante.top
2025-10-08,EC_Ecuabet_Registros_Casino,3,0.26,0,0,0.0,-0.26,latinluchas.com
2025-10-08,EC_Ecuabet_Registros_Casino,1,0.08,0,0,0.0,-0.08,laprensani.com
2025-10-08,EC_Ecuabet_Registros_Casino,7,0.605,0,0,0.0,-0.605,lanoticia1ro.com
2025-10-08,EC_Ecuabet_Registros_Casino,1,0.08,0,0,0.0,-0.08,labrujula24.com
2025-10-08,EC_Ecuabet_Registros_Casino,55,4.69,0,0,0.0,-4.69,jetrapic.com
2025-10-08,EC_Ecuabet_Registros_Casino,1,0.09,0,0,0.0,-0.09,inspiracionviva.blog
2025-10-08,EC_Ecuabet_Registros_Casino,39,0.9765,0,0,0.0,-0.9765,infotime.co
2025-10-08,EC_Ecuabet_Registros_Casino,20,1.615,0,0,0.0,-1.615,informan2.us
2025-10-08,EC_Ecuabet_Registros_Casino,1,0.075,0,0,0.0,-0.075,ideasmanualidades.xyz
2025-10-08,EC_Ecuabet_Registros_Casino,7,0.165,0,0,0.0,-0.165,hubvirales.com
2025-10-08,EC_Ecuabet_Registros_Casino,1,0.085,0,0,0.0,-0.085,herramientas-online.com
2025-10-08,EC_Ecuabet_Registros_Casino,1,0.063,0,0,0.0,-0.063,fullnoticiasplus.blogspot.com
2025-10-08,EC_Ecuabet_Registros_Casino,4,0.099,0,0,0.0,-0.099,franciscosaludable.com
2025-10-08,EC_Ecuabet_Registros_Casino,7,0.55,0,0,0.0,-0.55,fotise.com
2025-10-08,EC_Ecuabet_Registros_Casino,1,0.085,0,0,0.0,-0.085,flux-studio.site
2025-10-08,EC_Ecuabet_Registros_Casino,1,0.08,0,0,0.0,-0.08,feji.io
2025-10-08,EC_Ecuabet_Registros_Casino,8,0.305,0,0,0.0,-0.305,fbclic.com
2025-10-08,EC_Ecuabet_Registros_Casino,5,0.123,0,0,0.0,-0.123,famososyvirales.com
2025-10-08,EC_Ecuabet_Registros_Casino,2,0.125,0,0,0.0,-0.125,expansion.mx
2025-10-08,EC_Ecuabet_Registros_Casino,1,0.09,0,0,0.0,-0.09,excelsior.com.mx
2025-10-08,EC_Ecuabet_Registros_Casino,1,0.075,0,0,0.0,-0.075,eltiempo.com
2025-10-08,EC_Ecuabet_Registros_Casino,2,0.15,0,0,0.0,-0.15,elimparcial.com
2025-10-08,EC_Ecuabet_Registros_Casino,1,0.08,0,0,0.0,-0.08,elespectador.com
2025-10-08,EC_Ecuabet_Registros_Casino,1,0.085,0,0,0.0,-0.085,eleconomista.com.mx
2025-10-08,EC_Ecuabet_Registros_Casino,1,0.09,0,0,0.0,-0.09,elcomercio.pe
2025-10-08,EC_Ecuabet_Registros_Casino,2,0.0525,0,1,0.0,-0.0525,ecuadornoticias.com
2025-10-08,EC_Ecuabet_Registros_Casino,1,0.05,0,0,0.0,-0.05,eacar.xyz
2025-10-08,EC_Ecuabet_Registros_Casino,1,0.09,0,0,0.0,-0.09,drole-info.com
2025-10-08,EC_Ecuabet_Registros_Casino,11,0.935,0,1,0.0,-0.935,dionisio.com.ar
2025-10-08,EC_Ecuabet_Registros_Casino,3,0.25,0,0,0.0,-0.25,diariolibree.com
2025-10-08,EC_Ecuabet_Registros_Casino,1,0.08,0,0,0.0,-0.08,decoracion-hogar.com
2025-10-08,EC_Ecuabet_Registros_Casino,4,0.096,0,0,0.0,-0.096,datosdetuinteres.com
2025-10-08,EC_Ecuabet_Registros_Casino,1,0.085,0,0,0.0,-0.085,danruilo.com
2025-10-08,EC_Ecuabet_Registros_Casino,1,0.09,0,0,0.0,-0.09,cyclesandstories.com
2025-10-08,EC_Ecuabet_Registros_Casino,1,0.05,0,0,0.0,-0.05,curiosidadesvirales.com
2025-10-08,EC_Ecuabet_Registros_Casino,28,2.33,0,0,0.0,-2.33,cronista.com
2025-10-08,EC_Ecuabet_Registros_Casino,1,0.08,0,0,0.0,-0.08,consejogenial.com
2025-10-08,EC_Ecuabet_Registros_Casino,1,0.09,0,0,0.0,-0.09,canal26.com
2025-10-08,EC_Ecuabet_Registros_Casino,1,0.085,0,0,0.0,-0.085,bricolajeenelhogar.com
2025-10-08,EC_Ecuabet_Registros_Casino,7,0.57,0,0,0.0,-0.57,borutoanime.online
2025-10-08,EC_Ecuabet_Registros_Casino,7,1.276,0,0,0.0,-1.276,bolavip.com
2025-10-08,EC_Ecuabet_Registros_Casino,4,0.33,0,0,0.0,-0.33,bloghogar.net
2025-10-08,EC_Ecuabet_Registros_Casino,2,0.085,0,0,0.0,-0.085,bionotis.xyz
2025-10-08,EC_Ecuabet_Registros_Casino,1,0.085,0,0,0.0,-0.085,bienvenidoalhogar3.com
2025-10-08,EC_Ecuabet_Registros_Casino,4,0.5025,0,0,0.0,-0.5025,antena2.com
2025-10-08,EC_Ecuabet_Registros_Casino,1,0.09,0,0,0.0,-0.09,anime-4k.com
2025-10-08,EC_Ecuabet_Registros_Casino,2,0.165,0,0,0.0,-0.165,ametalurgia.com
2025-10-08,EC_Ecuabet_Registros_Casino,1,0.09,0,0,0.0,-0.09,aldia.co
2025-10-08,EC_Ecuabet_Registros_Casino,4,0.29,0,0,0.0,-0.29,adqva.com
2025-10-08,EC_Ecuabet_Registros_Casino,11,0.637,0,0,0.0,-0.637,actualizadas.com
2025-10-08,EC_Ecuabet_Registros_Casino,1,0.075,0,0,0.0,-0.075,Outlook App Lite Android Other
2025-10-08,EC_Ecuabet_Registros_Casino,1,0.09,0,0,0.0,-0.09,3notiactualidad.blogspot.com
2025-10-08,EC_Ecuabet_Registros_Deportivas,3,0.25,0,0,0.0,-0.25,w3diary.com
2025-10-08,EC_Ecuabet_Registros_Deportivas,4,0.1675,0,0,0.0,-0.1675,viralymedio.com
2025-10-08,EC_Ecuabet_Registros_Deportivas,2,0.17,0,0,0.0,-0.17,viralonline.click
2025-10-08,EC_Ecuabet_Registros_Deportivas,4,0.096,0,0,0.0,-0.096,viraliking.com
2025-10-08,EC_Ecuabet_Registros_Deportivas,1,0.08,0,0,0.0,-0.08,viralenred.com
2025-10-08,EC_Ecuabet_Registros_Deportivas,3,0.255,0,0,0.0,-0.255,very-amazing.com
2025-10-08,EC_Ecuabet_Registros_Deportivas,2,0.13,0,0,0.0,-0.13,uoxcom.com
2025-10-08,EC_Ecuabet_Registros_Deportivas,1,0.08,0,0,0.0,-0.08,terra.com.mx
2025-10-08,EC_Ecuabet_Registros_Deportivas,1,0.08,0,0,0.0,-0.08,taybanha03.top
2025-10-08,EC_Ecuabet_Registros_Deportivas,1,0.085,0,0,0.0,-0.085,taybanha02.top
2025-10-08,EC_Ecuabet_Registros_Deportivas,16,1.28,0,0,0.0,-1.28,squidapp.co
2025-10-08,EC_Ecuabet_Registros_Deportivas,3,0.25,0,0,0.0,-0.25,soloparati.online
2025-10-08,EC_Ecuabet_Registros_Deportivas,1,0.05,0,0,0.0,-0.05,skynovels.net
2025-10-08,EC_Ecuabet_Registros_Deportivas,1,0.085,0,0,0.0,-0.085,sevolvioviral.online
2025-10-08,EC_Ecuabet_Registros_Deportivas,5,0.405,0,0,0.0,-0.405,saludremedios.site
2025-10-08,EC_Ecuabet_Registros_Deportivas,5,0.41,0,0,0.0,-0.41,saludablefree.com
2025-10-08,EC_Ecuabet_Registros_Deportivas,1,0.08,0,0,0.0,-0.08,rts.com.ec
2025-10-08,EC_Ecuabet_Registros_Deportivas,1,0.08,0,0,0.0,-0.08,remedioscasero.info
2025-10-08,EC_Ecuabet_Registros_Deportivas,2,0.085,0,0,0.0,-0.085,redmas.com.co
2025-10-08,EC_Ecuabet_Registros_Deportivas,4,0.335,0,0,0.0,-0.335,recetasnatural.xyz
2025-10-08,EC_Ecuabet_Registros_Deportivas,2,0.13,0,0,0.0,-0.13,puroscaseros.xyz
2025-10-08,EC_Ecuabet_Registros_Deportivas,2,0.16,0,0,0.0,-0.16,olarviral.com
2025-10-08,EC_Ecuabet_Registros_Deportivas,1,0.085,0,0,0.0,-0.085,nutricionysaludd.com
2025-10-08,EC_Ecuabet_Registros_Deportivas,1,0.08,0,0,0.0,-0.08,novelas24h.com
2025-10-08,EC_Ecuabet_Registros_Deportivas,1,0.08,0,0,0.0,-0.08,novelaplay.com
2025-10-08,EC_Ecuabet_Registros_Deportivas,9,0.75,0,0,0.0,-0.75,notisdiarias.com
2025-10-08,EC_Ecuabet_Registros_Deportivas,1,0.085,0,0,0.0,-0.085,noticiasimpactodiario.blogspot.com
2025-10-08,EC_Ecuabet_Registros_Deportivas,1,0.085,0,0,0.0,-0.085,noticiasdiariasnews.com
2025-10-08,EC_Ecuabet_Registros_Deportivas,3,0.12,0,0,0.0,-0.12,noticiasamaris.com
2025-10-08,EC_Ecuabet_Registros_Deportivas,9,0.745,0,0,0.0,-0.745,noticiaomg.com
2025-10-08,EC_Ecuabet_Registros_Deportivas,2,0.165,0,0,0.0,-0.165,notasuperinteresantes.blogspot.com
2025-10-08,EC_Ecuabet_Registros_Deportivas,1,0.085,0,0,0.0,-0.085,milagrosasalud.com
2025-10-08,EC_Ecuabet_Registros_Deportivas,4,0.335,0,0,0.0,-0.335,mhonividente.xyz
2025-10-08,EC_Ecuabet_Registros_Deportivas,1,0.085,0,0,0.0,-0.085,meencantaelchocolate.com
2025-10-08,EC_Ecuabet_Registros_Deportivas,2,0.17,0,0,0.0,-0.17,me-encantas.com
2025-10-08,EC_Ecuabet_Registros_Deportivas,10,0.695,0,0,0.0,-0.695,latinchats.net
2025-10-08,EC_Ecuabet_Registros_Deportivas,6,0.48,0,0,0.0,-0.48,jetrapic.com
2025-10-08,EC_Ecuabet_Registros_Deportivas,1,0.08,0,0,0.0,-0.08,invdes.com.mx
2025-10-08,EC_Ecuabet_Registros_Deportivas,23,0.564,0,0,0.0,-0.564,interesantetop.top
2025-10-08,EC_Ecuabet_Registros_Deportivas,37,0.9315,0,0,0.0,-0.9315,infotime.co
2025-10-08,EC_Ecuabet_Registros_Deportivas,7,0.595,0,0,0.0,-0.595,informan2.us
2025-10-08,EC_Ecuabet_Registros_Deportivas,1,0.085,0,0,0.0,-0.085,ideasmanualidades.xyz
2025-10-08,EC_Ecuabet_Registros_Deportivas,4,0.33,0,0,0.0,-0.33,fullnoticiasplus.blogspot.com
2025-10-08,EC_Ecuabet_Registros_Deportivas,4,0.325,0,0,0.0,-0.325,franciscosaludable.com
2025-10-08,EC_Ecuabet_Registros_Deportivas,2,0.165,0,0,0.0,-0.165,fotise.com
2025-10-08,EC_Ecuabet_Registros_Deportivas,3,0.24,0,0,0.0,-0.24,flux-studio.site
2025-10-08,EC_Ecuabet_Registros_Deportivas,2,0.0825,0,0,0.0,-0.0825,fbviral.com
2025-10-08,EC_Ecuabet_Registros_Deportivas,10,0.489,0,0,0.0,-0.489,famososyvirales.com
2025-10-08,EC_Ecuabet_Registros_Deportivas,2,0.135,0,0,0.0,-0.135,elimparcial.com
2025-10-08,EC_Ecuabet_Registros_Deportivas,2,0.135,0,0,0.0,-0.135,ecuadornoticias.com
2025-10-08,EC_Ecuabet_Registros_Deportivas,1,0.085,0,0,0.0,-0.085,eacar.xyz
2025-10-08,EC_Ecuabet_Registros_Deportivas,1,0.05,0,0,0.0,-0.05,dionisio.com.ar
2025-10-08,EC_Ecuabet_Registros_Deportivas,5,0.405,0,0,0.0,-0.405,datosdetuinteres.com
2025-10-08,EC_Ecuabet_Registros_Deportivas,1,0.0425,0,0,0.0,-0.0425,cronista.com
2025-10-08,EC_Ecuabet_Registros_Deportivas,1,0.085,0,0,0.0,-0.085,cocinadelirante.com
2025-10-08,EC_Ecuabet_Registros_Deportivas,1,0.08,0,0,0.0,-0.08,chainityai.com
2025-10-08,EC_Ecuabet_Registros_Deportivas,1,0.16,0,0,0.0,-0.16,bolavip.com
2025-10-08,EC_Ecuabet_Registros_Deportivas,7,0.58,0,0,0.0,-0.58,bionotis.xyz
2025-10-08,EC_Ecuabet_Registros_Deportivas,2,0.16,0,1,0.0,-0.16,benefimundo.com
2025-10-08,EC_Ecuabet_Registros_Deportivas,1,0.08,0,0,0.0,-0.08,animeuno.com
2025-10-08,EC_Ecuabet_Registros_Deportivas,1,0.085,0,0,0.0,-0.085,animefenix2.tv
2025-10-08,EC_Ecuabet_Registros_Deportivas,1,0.05,0,0,0.0,-0.05,albat.com
2025-10-08,EC_Ecuabet_Registros_Deportivas,4,0.384,0,0,0.0,-0.384,adqva.com
2025-10-08,EC_Ecuabet_Registros_Deportivas,1,0.04,0,0,0.0,-0.04,actualizadas.com
2025-10-08,EC_Ecuabet_Registros_Deportivas,6,0.144,0,0,0.0,-0.144,Xiaomi Browser Newsfeed
2025-10-08,Peru | Aciertala | 2025,5,0.375,0,0,0.0,-0.375,trome.com
2025-10-08,Peru | Aciertala | 2025,1,0.075,0,0,0.0,-0.075,terra.com.mx
2025-10-08,Peru | Aciertala | 2025,1,0.075,0,0,0.0,-0.075,redmas.com.co
2025-10-08,Peru | Aciertala | 2025,1,0.075,0,0,0.0,-0.075,prensaescrita.com
2025-10-08,Peru | Aciertala | 2025,1,0.075,0,0,0.0,-0.075,ojo.pe
2025-10-08,Peru | Aciertala | 2025,1,0.075,0,0,0.0,-0.075,larazon.pe
2025-10-08,Peru | Aciertala | 2025,1,0.075,0,0,0.0,-0.075,excelsior.com.mx
2025-10-08,Peru | Aciertala | 2025,4,0.3,0,0,0.0,-0.3,elmen.pe
2025-10-08,Peru | Aciertala | 2025,4,0.3,0,0,0.0,-0.3,elle.mx
2025-10-08,Peru | Aciertala | 2025,14,1.05,0,0,0.0,-1.05,eleconomista.com.mx
2025-10-08,Peru | Aciertala | 2025,1,0.075,0,0,0.0,-0.075,elcomercio.com
2025-10-08,Peru | Aciertala | 2025,2,0.15,0,0,0.0,-0.15,diariocorreo.pe
2025-10-08,Peru | Aciertala | 2025,3,0.225,0,0,0.0,-0.225,depor.com
2025-10-08,Peru | Aciertala | 2025,2,0.15,0,0,0.0,-0.15,cronista.com
2025-10-08,Peru | Aciertala | 2025,1,0.075,0,0,0.0,-0.075,canal26.com
2025-10-08,Peru | Aciertala | 2025,1,0.075,0,0,0.0,-0.075,bolavip.com
2025-10-08,Peru | Aciertala | 2025,0,0.0,0,0,0.0,0.0,am.com.mx
2025-10-08,Peru | Aciertala | 2025,6,0.45,0,0,0.0,-0.45,Outlook Web Mobile
2025-10-08,Peru | Aciertala | 2025,2,0.15,0,0,0.0,-0.15,Outlook Web Mail
2025-10-08,Peru | Aciertala | 2025,37,2.775,0,0,0.0,-2.775,Outlook Web Desktop
2025-10-08,Peru | Aciertala | 2025,2,0.15,0,0,0.0,-0.15,Outlook PC Web Inbox
2025-10-08,Peru | Aciertala | 2025,2,0.15,0,0,0.0,-0.15,Office Monarch Non Inbox Desktop
2025-10-08,Peru | Aciertala | 2025,2,0.15,0,0,0.0,-0.15,Office Monarch Inbox Primary Desktop
2025-10-08,Peru | Aciertala | 2025,30,2.25,0,0,0.0,-2.25,Office Monarch Inbox Desktop
2025-10-08,Peru | Aciertala | 2025,1,0.075,0,0,0.0,-0.075,Microsoft Outlook IOS Native Inbox
2025-10-08,Peru | Aciertala | 2025,4,0.3,0,0,0.0,-0.3,Microsoft Outlook IOS Native
2025-10-08,Peru | Aciertala | 2025,3,0.225,0,0,0.0,-0.225,Microsoft Outlook Android App
2025-10-08,Peru | Aciertala | 2025,5,0.375,0,0,0.0,-0.375,HUAWEI Browser - Android
2025-10-08,Peru | Aciertala | 2025,20,1.5,0,0,0.0,-1.5,HUAWEI Assistant∙TODAY - Android
2025-10-08,Peru | Aciertala | 2025,4,0.3,0,0,0.0,-0.3,HUAWEI AI Search - Android
2025-10-08,Peru | Aciertala_Casino | 2025,4,0.28,0,0,0.0,-0.28,trome.com
2025-10-08,Peru | Aciertala_Casino | 2025,1,0.07,0,0,0.0,-0.07,redmas.com.co
2025-10-08,Peru | Aciertala_Casino | 2025,1,0.07,0,0,0.0,-0.07,noticiasrcn.com
2025-10-08,Peru | Aciertala_Casino | 2025,1,0.07,0,0,0.0,-0.07,las2orillas.co
2025-10-08,Peru | Aciertala_Casino | 2025,1,0.07,0,0,0.0,-0.07,larazon.pe
2025-10-08,Peru | Aciertala_Casino | 2025,1,0.07,0,0,0.0,-0.07,excelsior.com.mx
2025-10-08,Peru | Aciertala_Casino | 2025,14,0.98,0,0,0.0,-0.98,elmen.pe
2025-10-08,Peru | Aciertala_Casino | 2025,23,1.61,0,0,0.0,-1.61,eleconomista.com.mx
2025-10-08,Peru | Aciertala_Casino | 2025,2,0.14,0,0,0.0,-0.14,diariocorreo.pe
2025-10-08,Peru | Aciertala_Casino | 2025,1,0.07,0,0,0.0,-0.07,depor.com
2025-10-08,Peru | Aciertala_Casino | 2025,1,0.07,0,0,0.0,-0.07,canal26.com
2025-10-08,Peru | Aciertala_Casino | 2025,1,0.07,0,0,0.0,-0.07,bolavip.com
2025-10-08,Peru | Aciertala_Casino | 2025,1,0.07,0,0,0.0,-0.07,atv.pe
2025-10-08,Peru | Aciertala_Casino | 2025,0,0.0,0,0,0.0,0.0,am.com.mx
2025-10-08,Peru | Aciertala_Casino | 2025,1,0.07,0,0,0.0,-0.07,alertabogota.com
2025-10-08,Peru | Aciertala_Casino | 2025,9,0.63,0,0,0.0,-0.63,Outlook Web Mobile
2025-10-08,Peru | Aciertala_Casino | 2025,1,0.07,0,0,0.0,-0.07,Outlook Web Mail
2025-10-08,Peru | Aciertala_Casino | 2025,12,0.84,0,0,0.0,-0.84,Outlook Web Desktop
2025-10-08,Peru | Aciertala_Casino | 2025,1,0.07,0,0,0.0,-0.07,Office Monarch Inbox Primary Desktop
2025-10-08,Peru | Aciertala_Casino | 2025,9,0.63,0,0,0.0,-0.63,Office Monarch Inbox Desktop
2025-10-08,Peru | Aciertala_Casino | 2025,1,0.07,0,0,0.0,-0.07,Microsoft Outlook IOS Native
2025-10-08,Peru | Aciertala_Casino | 2025,2,0.14,0,0,0.0,-0.14,Microsoft Outlook Android App
2025-10-08,Peru | Aciertala_Casino | 2025,7,0.49,0,0,0.0,-0.49,HUAWEI Browser - Android
2025-10-08,Peru | Aciertala_Casino | 2025,39,2.73,0,0,0.0,-2.73,HUAWEI Assistant∙TODAY - Android
2025-10-08,Peru | Aciertala_Casino | 2025,11,0.77,0,0,0.0,-0.77,HUAWEI AI Search - Android
2025-10-09,EC_Ecuabet_Registros_Casino,7,0.52,0,0,0.0,-0.52,w3diary.com
2025-10-09,EC_Ecuabet_Registros_Casino,3,0.255,0,0,0.0,-0.255,vivaensalud.net
2025-10-09,EC_Ecuabet_Registros_Casino,3,0.09,0,0,0.0,-0.09,viralymedio.com
2025-10-09,EC_Ecuabet_Registros_Casino,5,0.123,0,0,0.0,-0.123,viralsalud.club
2025-10-09,EC_Ecuabet_Registros_Casino,3,0.072,0,0,0.0,-0.072,viraliking.com
2025-10-09,EC_Ecuabet_Registros_Casino,4,0.355,0,0,0.0,-0.355,viralesenred.com
2025-10-09,EC_Ecuabet_Registros_Casino,7,0.61,0,0,0.0,-0.61,very-amazing.com
2025-10-09,EC_Ecuabet_Registros_Casino,1,0.09,0,0,0.0,-0.09,verboruto.online
2025-10-09,EC_Ecuabet_Registros_Casino,2,0.18,0,0,0.0,-0.18,verblackclover.com
2025-10-09,EC_Ecuabet_Registros_Casino,2,0.165,0,0,0.0,-0.165,vanidades.com
2025-10-09,EC_Ecuabet_Registros_Casino,1,0.075,0,0,0.0,-0.075,uoxcom.com
2025-10-09,EC_Ecuabet_Registros_Casino,1,0.08,0,0,0.0,-0.08,unisalia.com
2025-10-09,EC_Ecuabet_Registros_Casino,1,0.09,0,0,0.0,-0.09,tvc.com.ec
2025-10-09,EC_Ecuabet_Registros_Casino,9,0.755,0,0,0.0,-0.755,tusitioviral.com
2025-10-09,EC_Ecuabet_Registros_Casino,3,0.25,0,0,0.0,-0.25,tuscrucigramas.com
2025-10-09,EC_Ecuabet_Registros_Casino,1,0.05,0,0,0.0,-0.05,tribunademexico.com
2025-10-09,EC_Ecuabet_Registros_Casino,2,0.18,0,0,0.0,-0.18,todonathy.com
2025-10-09,EC_Ecuabet_Registros_Casino,1,0.09,0,0,0.0,-0.09,tipssalud.online
2025-10-09,EC_Ecuabet_Registros_Casino,2,0.155,0,0,0.0,-0.155,tickdiarios.com
2025-10-09,EC_Ecuabet_Registros_Casino,2,0.175,0,0,0.0,-0.175,terra.com.mx
2025-10-09,EC_Ecuabet_Registros_Casino,2,0.17,0,0,0.0,-0.17,tejemagia.com
2025-10-09,EC_Ecuabet_Registros_Casino,4,0.34,0,0,0.0,-0.34,taybanha03.top
2025-10-09,EC_Ecuabet_Registros_Casino,6,0.5,0,0,0.0,-0.5,taybanha02.top
2025-10-09,EC_Ecuabet_Registros_Casino,2,0.16,0,0,0.0,-0.16,taybanha01.top
2025-10-09,EC_Ecuabet_Registros_Casino,1,0.08,0,0,0.0,-0.08,tarreo.com
2025-10-09,EC_Ecuabet_Registros_Casino,1,0.08,0,0,0.0,-0.08,tarjetasdebuenosdias.net
2025-10-09,EC_Ecuabet_Registros_Casino,66,2.42,0,0,0.0,-2.42,squidapp.co
2025-10-09,EC_Ecuabet_Registros_Casino,1,0.085,0,0,0.0,-0.085,spain-recipes.top
2025-10-09,EC_Ecuabet_Registros_Casino,3,0.245,0,0,0.0,-0.245,soloparati.online
2025-10-09,EC_Ecuabet_Registros_Casino,1,0.08,0,0,0.0,-0.08,skynovels.net
2025-10-09,EC_Ecuabet_Registros_Casino,1,0.09,0,0,0.0,-0.09,sevolvioviral.online
2025-10-09,EC_Ecuabet_Registros_Casino,2,0.0625,0,0,0.0,-0.0625,saludremedios.site
2025-10-09,EC_Ecuabet_Registros_Casino,8,0.71,0,0,0.0,-0.71,saludnaturales.xyz
2025-10-09,EC_Ecuabet_Registros_Casino,1,0.08,0,0,0.0,-0.08,saludactua.online
2025-10-09,EC_Ecuabet_Registros_Casino,2,0.2145,0,0,0.0,-0.2145,saludablefree.com
2025-10-09,EC_Ecuabet_Registros_Casino,1,0.09,0,0,0.0,-0.09,salud180.com
2025-10-09,EC_Ecuabet_Registros_Casino,2,0.165,0,0,0.0,-0.165,saboryconsejo.info
2025-10-09,EC_Ecuabet_Registros_Casino,22,1.895,0,0,0.0,-1.895,rts.com.ec
2025-10-09,EC_Ecuabet_Registros_Casino,10,0.845,0,0,0.0,-0.845,remedioscasero.info
2025-10-09,EC_Ecuabet_Registros_Casino,1,0.085,0,0,0.0,-0.085,remediosaqui.com
2025-10-09,EC_Ecuabet_Registros_Casino,4,0.325,0,0,0.0,-0.325,remedionatural.xyz
2025-10-09,EC_Ecuabet_Registros_Casino,1,0.09,0,0,0.0,-0.09,remdviral.com
2025-10-09,EC_Ecuabet_Registros_Casino,1,0.09,0,0,0.0,-0.09,record.com.mx
2025-10-09,EC_Ecuabet_Registros_Casino,1,0.027,0,0,0.0,-0.027,recetasnatural.xyz
2025-10-09,EC_Ecuabet_Registros_Casino,1,0.09,0,0,0.0,-0.09,rcnradio.com
2025-10-09,EC_Ecuabet_Registros_Casino,1,0.075,0,0,0.0,-0.075,quien.com
2025-10-09,EC_Ecuabet_Registros_Casino,2,0.125,0,0,0.0,-0.125,puroscaseros.xyz
2025-10-09,EC_Ecuabet_Registros_Casino,6,0.485,0,0,0.0,-0.485,puravida194.blogspot.com
2025-10-09,EC_Ecuabet_Registros_Casino,4,0.335,0,0,0.0,-0.335,pulzo.com
2025-10-09,EC_Ecuabet_Registros_Casino,1,0.04,0,0,0.0,-0.04,olarviral.com
2025-10-09,EC_Ecuabet_Registros_Casino,4,0.35,0,0,0.0,-0.35,nutricionysaludd.com
2025-10-09,EC_Ecuabet_Registros_Casino,1,0.09,0,0,0.0,-0.09,nutricionvitae.com
2025-10-09,EC_Ecuabet_Registros_Casino,1,0.09,0,0,0.0,-0.09,novelasmas.com
2025-10-09,EC_Ecuabet_Registros_Casino,1,0.075,0,0,0.0,-0.075,novelas24h.com
2025-10-09,EC_Ecuabet_Registros_Casino,1,0.08,0,0,0.0,-0.08,novelaplay.com
2025-10-09,EC_Ecuabet_Registros_Casino,1,0.025,0,0,0.0,-0.025,notisdiarias.com
2025-10-09,EC_Ecuabet_Registros_Casino,1,0.085,0,0,0.0,-0.085,noticlub.top
2025-10-09,EC_Ecuabet_Registros_Casino,144,3.624,0,0,0.0,-3.624,noticiassalud.net
2025-10-09,EC_Ecuabet_Registros_Casino,1,0.09,0,0,0.0,-0.09,noticiasrcn.com
2025-10-09,EC_Ecuabet_Registros_Casino,10,0.8,0,0,0.0,-0.8,noticiasdiariasnews.com
2025-10-09,EC_Ecuabet_Registros_Casino,12,0.99,0,0,0.0,-0.99,noticiasdehoyy.net
2025-10-09,EC_Ecuabet_Registros_Casino,1,0.09,0,0,0.0,-0.09,noticiasaldiayalahora.co
2025-10-09,EC_Ecuabet_Registros_Casino,3,0.078,0,0,0.0,-0.078,noticiaomg.com
2025-10-09,EC_Ecuabet_Registros_Casino,1,0.08,0,0,0.0,-0.08,noticiaalminuto.com
2025-10-09,EC_Ecuabet_Registros_Casino,12,0.905,0,0,0.0,-0.905,newnoti.com
2025-10-09,EC_Ecuabet_Registros_Casino,6,0.485,0,0,0.0,-0.485,natureview.net
2025-10-09,EC_Ecuabet_Registros_Casino,1,0.015,0,0,0.0,-0.015,mundosaludable.us
2025-10-09,EC_Ecuabet_Registros_Casino,1,0.08,0,0,0.0,-0.08,misimagenesdeluto.com
2025-10-09,EC_Ecuabet_Registros_Casino,6,0.455,0,0,0.0,-0.455,milagrosasalud.com
2025-10-09,EC_Ecuabet_Registros_Casino,1,0.09,0,0,0.0,-0.09,meencantaelchocolate.com
2025-10-09,EC_Ecuabet_Registros_Casino,9,0.74,0,0,0.0,-0.74,me-encantas.com
2025-10-09,EC_Ecuabet_Registros_Casino,1,0.05,0,0,0.0,-0.05,masajesmexico.mx
2025-10-09,EC_Ecuabet_Registros_Casino,2,0.18,0,0,0.0,-0.18,lomasrelevante.top
2025-10-09,EC_Ecuabet_Registros_Casino,1,0.09,0,0,0.0,-0.09,las2orillas.co
2025-10-09,EC_Ecuabet_Registros_Casino,2,0.17,0,0,0.0,-0.17,larepublica.ec
2025-10-09,EC_Ecuabet_Registros_Casino,5,0.43,0,0,0.0,-0.43,lanoticia1ro.com
2025-10-09,EC_Ecuabet_Registros_Casino,1,0.09,0,0,0.0,-0.09,juegosfriv2019.com
2025-10-09,EC_Ecuabet_Registros_Casino,50,4.22,0,0,0.0,-4.22,jetrapic.com
2025-10-09,EC_Ecuabet_Registros_Casino,1,0.075,0,0,0.0,-0.075,invdes.com.mx
2025-10-09,EC_Ecuabet_Registros_Casino,3,0.21,0,0,0.0,-0.21,interesantenews.com
2025-10-09,EC_Ecuabet_Registros_Casino,49,1.218,0,0,0.0,-1.218,infotime.co
2025-10-09,EC_Ecuabet_Registros_Casino,7,0.52,0,0,0.0,-0.52,informan2.us
2025-10-09,EC_Ecuabet_Registros_Casino,1,0.09,0,0,0.0,-0.09,ideasmanualidades.xyz
2025-10-09,EC_Ecuabet_Registros_Casino,1,0.085,0,0,0.0,-0.085,ideascaserasparelhogar.com
2025-10-09,EC_Ecuabet_Registros_Casino,4,0.099,0,0,0.0,-0.099,hubvirales.com
2025-10-09,EC_Ecuabet_Registros_Casino,4,0.2345,0,0,0.0,-0.2345,fullnoticiasplus.blogspot.com
2025-10-09,EC_Ecuabet_Registros_Casino,2,0.051,0,0,0.0,-0.051,franciscosaludable.com
2025-10-09,EC_Ecuabet_Registros_Casino,6,0.525,0,0,0.0,-0.525,fotise.com
2025-10-09,EC_Ecuabet_Registros_Casino,2,0.165,0,0,0.0,-0.165,flux-studio.site
2025-10-09,EC_Ecuabet_Registros_Casino,2,0.165,0,0,0.0,-0.165,feji.io
2025-10-09,EC_Ecuabet_Registros_Casino,1,0.024,0,0,0.0,-0.024,fbviral.com
2025-10-09,EC_Ecuabet_Registros_Casino,1,0.08,0,0,0.0,-0.08,fbnoticviral.com
2025-10-09,EC_Ecuabet_Registros_Casino,3,0.12,0,0,0.0,-0.12,fbclic.com
2025-10-09,EC_Ecuabet_Registros_Casino,2,0.0495,0,0,0.0,-0.0495,famososyvirales.com
2025-10-09,EC_Ecuabet_Registros_Casino,0,0.0,0,0,0.0,0.0,expansion.mx
2025-10-09,EC_Ecuabet_Registros_Casino,1,0.09,0,0,0.0,-0.09,elheraldo.hn
2025-10-09,EC_Ecuabet_Registros_Casino,1,0.09,0,0,0.0,-0.09,elespectador.com
2025-10-09,EC_Ecuabet_Registros_Casino,2,0.175,0,0,0.0,-0.175,elcomercio.pe
2025-10-09,EC_Ecuabet_Registros_Casino,5,0.395,0,0,0.0,-0.395,eacar.xyz
2025-10-09,EC_Ecuabet_Registros_Casino,4,0.34,0,0,0.0,-0.34,dionisio.com.ar
2025-10-09,EC_Ecuabet_Registros_Casino,1,0.027,0,0,0.0,-0.027,datosdetuinteres.com
2025-10-09,EC_Ecuabet_Registros_Casino,1,0.09,0,0,0.0,-0.09,culturacolectiva.com
2025-10-09,EC_Ecuabet_Registros_Casino,25,2.145,0,0,0.0,-2.145,cronista.com
2025-10-09,EC_Ecuabet_Registros_Casino,1,0.08,0,0,0.0,-0.08,conectasalud.com
2025-10-09,EC_Ecuabet_Registros_Casino,1,0.08,0,0,0.0,-0.08,cocinafacil.com.mx
2025-10-09,EC_Ecuabet_Registros_Casino,2,0.085,0,0,0.0,-0.085,chainityai.com
2025-10-09,EC_Ecuabet_Registros_Casino,1,0.085,0,0,0.0,-0.085,celoscienta.com
2025-10-09,EC_Ecuabet_Registros_Casino,1,0.08,0,0,0.0,-0.08,canal26.com
2025-10-09,EC_Ecuabet_Registros_Casino,1,0.075,0,0,0.0,-0.075,borutoanime.online
2025-10-09,EC_Ecuabet_Registros_Casino,11,2.09,0,0,0.0,-2.09,bolavip.com
2025-10-09,EC_Ecuabet_Registros_Casino,1,0.09,0,0,0.0,-0.09,bloghogar.net
2025-10-09,EC_Ecuabet_Registros_Casino,2,0.09,0,0,0.0,-0.09,bionotis.xyz
2025-10-09,EC_Ecuabet_Registros_Casino,1,0.08,0,0,0.0,-0.08,bienvenidoalhogar3.com
2025-10-09,EC_Ecuabet_Registros_Casino,1,0.0225,0,0,0.0,-0.0225,benefimundo.com
2025-10-09,EC_Ecuabet_Registros_Casino,2,0.2475,0,0,0.0,-0.2475,antena2.com
2025-10-09,EC_Ecuabet_Registros_Casino,1,0.09,0,0,0.0,-0.09,alertastrending.online
2025-10-09,EC_Ecuabet_Registros_Casino,1,0.09,0,0,0.0,-0.09,aldia.co
2025-10-09,EC_Ecuabet_Registros_Casino,4,0.315,0,0,0.0,-0.315,adqva.com
2025-10-09,EC_Ecuabet_Registros_Casino,11,0.609,0,0,0.0,-0.609,actualizadas.com
2025-10-09,EC_Ecuabet_Registros_Casino,2,0.18,0,0,0.0,-0.18,acentofinal.xyz
2025-10-09,EC_Ecuabet_Registros_Deportivas,2,0.165,0,0,0.0,-0.165,vivaensalud.net
2025-10-09,EC_Ecuabet_Registros_Deportivas,6,0.2525,0,0,0.0,-0.2525,viralymedio.com
2025-10-09,EC_Ecuabet_Registros_Deportivas,1,0.024,0,0,0.0,-0.024,viraliking.com
2025-10-09,EC_Ecuabet_Registros_Deportivas,1,0.085,0,0,0.0,-0.085,viralesenred.com
2025-10-09,EC_Ecuabet_Registros_Deportivas,7,0.585,0,0,0.0,-0.585,very-amazing.com
2025-10-09,EC_Ecuabet_Registros_Deportivas,3,0.255,0,0,0.0,-0.255,verboruto.online
2025-10-09,EC_Ecuabet_Registros_Deportivas,1,0.08,0,0,0.0,-0.08,uoxcom.com
2025-10-09,EC_Ecuabet_Registros_Deportivas,2,0.17,0,0,0.0,-0.17,unisalia.com
2025-10-09,EC_Ecuabet_Registros_Deportivas,1,0.085,0,0,0.0,-0.085,tusitioviral.com
2025-10-09,EC_Ecuabet_Registros_Deportivas,2,0.17,0,0,0.0,-0.17,todosobreremedios.com
2025-10-09,EC_Ecuabet_Registros_Deportivas,1,0.085,0,0,0.0,-0.085,todoenlared.net
2025-10-09,EC_Ecuabet_Registros_Deportivas,1,0.085,0,0,0.0,-0.085,tipssalud.online
2025-10-09,EC_Ecuabet_Registros_Deportivas,1,0.085,0,0,0.0,-0.085,thecookguides.com
2025-10-09,EC_Ecuabet_Registros_Deportivas,3,0.245,0,0,0.0,-0.245,taybanha03.top
2025-10-09,EC_Ecuabet_Registros_Deportivas,17,1.36,0,0,0.0,-1.36,squidapp.co
2025-10-09,EC_Ecuabet_Registros_Deportivas,0,0.0,0,0,0.0,0.0,spain-recipes.top
2025-10-09,EC_Ecuabet_Registros_Deportivas,1,0.085,0,0,0.0,-0.085,somospositivosactivos.xyz
2025-10-09,EC_Ecuabet_Registros_Deportivas,2,0.16,0,0,0.0,-0.16,skynovels.net
2025-10-09,EC_Ecuabet_Registros_Deportivas,22,1.84,0,0,0.0,-1.84,saludremedios.site
2025-10-09,EC_Ecuabet_Registros_Deportivas,2,0.17,0,0,0.0,-0.17,rts.com.ec
2025-10-09,EC_Ecuabet_Registros_Deportivas,2,0.16,0,0,0.0,-0.16,remedioscasero.info
2025-10-09,EC_Ecuabet_Registros_Deportivas,5,0.2125,0,0,0.0,-0.2125,redmas.com.co
2025-10-09,EC_Ecuabet_Registros_Deportivas,1,0.085,0,0,0.0,-0.085,recetasnatural.xyz
2025-10-09,EC_Ecuabet_Registros_Deportivas,1,0.085,0,0,0.0,-0.085,pulzo.com
2025-10-09,EC_Ecuabet_Registros_Deportivas,1,0.08,0,0,0.0,-0.08,olarviral.com
2025-10-09,EC_Ecuabet_Registros_Deportivas,2,0.17,0,0,0.0,-0.17,nutricionysaludd.com
2025-10-09,EC_Ecuabet_Registros_Deportivas,3,0.22,0,0,0.0,-0.22,novelasmas.com
2025-10-09,EC_Ecuabet_Registros_Deportivas,3,0.25,0,0,0.0,-0.25,notisdiarias.com
2025-10-09,EC_Ecuabet_Registros_Deportivas,1,0.08,0,0,0.0,-0.08,noticiasrcn.com
2025-10-09,EC_Ecuabet_Registros_Deportivas,1,0.08,0,0,0.0,-0.08,noticiasdiariasnews.com
2025-10-09,EC_Ecuabet_Registros_Deportivas,7,0.28,0,0,0.0,-0.28,noticiasamaris.com
2025-10-09,EC_Ecuabet_Registros_Deportivas,14,1.14,0,0,0.0,-1.14,noticiaomg.com
2025-10-09,EC_Ecuabet_Registros_Deportivas,1,0.085,0,0,0.0,-0.085,notasuperinteresantes.blogspot.com
2025-10-09,EC_Ecuabet_Registros_Deportivas,1,0.085,0,0,0.0,-0.085,musvibe.com
2025-10-09,EC_Ecuabet_Registros_Deportivas,1,0.085,0,0,0.0,-0.085,mundosaludable.us
2025-10-09,EC_Ecuabet_Registros_Deportivas,2,0.17,0,0,0.0,-0.17,mhonividente.xyz
2025-10-09,EC_Ecuabet_Registros_Deportivas,3,0.255,0,0,0.0,-0.255,lomasrelevante.top
2025-10-09,EC_Ecuabet_Registros_Deportivas,1,0.085,0,0,0.0,-0.085,latinchats.org
2025-10-09,EC_Ecuabet_Registros_Deportivas,6,0.47,0,0,0.0,-0.47,latinchats.net
2025-10-09,EC_Ecuabet_Registros_Deportivas,1,0.08,0,0,0.0,-0.08,labrujula24.com
2025-10-09,EC_Ecuabet_Registros_Deportivas,4,0.32,0,0,0.0,-0.32,jetrapic.com
2025-10-09,EC_Ecuabet_Registros_Deportivas,28,0.702,0,0,0.0,-0.702,interesantetop.top
2025-10-09,EC_Ecuabet_Registros_Deportivas,27,0.681,0,0,0.0,-0.681,infotime.co
2025-10-09,EC_Ecuabet_Registros_Deportivas,3,0.25,0,0,0.0,-0.25,informan2.us
2025-10-09,EC_Ecuabet_Registros_Deportivas,1,0.08,0,0,0.0,-0.08,ideasmanualidades.xyz
2025-10-09,EC_Ecuabet_Registros_Deportivas,17,1.405,0,1,0.0,-1.405,fullnoticiasplus.blogspot.com
2025-10-09,EC_Ecuabet_Registros_Deportivas,4,0.335,0,0,0.0,-0.335,franciscosaludable.com
2025-10-09,EC_Ecuabet_Registros_Deportivas,5,0.38,0,0,0.0,-0.38,fotise.com
2025-10-09,EC_Ecuabet_Registros_Deportivas,3,0.245,0,0,0.0,-0.245,flux-studio.site
2025-10-09,EC_Ecuabet_Registros_Deportivas,1,0.0425,0,0,0.0,-0.0425,fbviral.com
2025-10-09,EC_Ecuabet_Registros_Deportivas,6,0.294,0,0,0.0,-0.294,famososyvirales.com
2025-10-09,EC_Ecuabet_Registros_Deportivas,1,0.085,0,0,0.0,-0.085,elfarandi.com
2025-10-09,EC_Ecuabet_Registros_Deportivas,1,0.08,0,0,0.0,-0.08,elespectador.com
2025-10-09,EC_Ecuabet_Registros_Deportivas,1,0.085,0,0,0.0,-0.085,elcomercio.pe
2025-10-09,EC_Ecuabet_Registros_Deportivas,1,0.05,0,0,0.0,-0.05,ecuadornoticias.com
2025-10-09,EC_Ecuabet_Registros_Deportivas,1,0.08,0,0,0.0,-0.08,doramas.org
2025-10-09,EC_Ecuabet_Registros_Deportivas,1,0.08,0,0,0.0,-0.08,dionisio.com.ar
2025-10-09,EC_Ecuabet_Registros_Deportivas,1,0.08,0,0,0.0,-0.08,datosdetuinteres.com
2025-10-09,EC_Ecuabet_Registros_Deportivas,2,0.165,0,0,0.0,-0.165,chainityai.com
2025-10-09,EC_Ecuabet_Registros_Deportivas,2,0.165,0,0,0.0,-0.165,celoscienta.com
2025-10-09,EC_Ecuabet_Registros_Deportivas,1,0.085,0,0,0.0,-0.085,caserareceta.xyz
2025-10-09,EC_Ecuabet_Registros_Deportivas,2,0.165,0,0,0.0,-0.165,borutoanime.online
2025-10-09,EC_Ecuabet_Registros_Deportivas,5,0.83,0,0,0.0,-0.83,bolavip.com
2025-10-09,EC_Ecuabet_Registros_Deportivas,1,0.08,0,0,0.0,-0.08,bloghogar.net
2025-10-09,EC_Ecuabet_Registros_Deportivas,4,0.335,0,0,0.0,-0.335,bionotis.xyz
2025-10-09,EC_Ecuabet_Registros_Deportivas,1,0.08,0,0,0.0,-0.08,benefimundo.com
2025-10-09,EC_Ecuabet_Registros_Deportivas,14,1.344,0,0,0.0,-1.344,adqva.com
2025-10-09,EC_Ecuabet_Registros_Deportivas,1,0.04,0,0,0.0,-0.04,actualizadas.com
2025-10-09,EC_Ecuabet_Registros_Deportivas,4,0.096,0,0,0.0,-0.096,Xiaomi Browser Newsfeed
2025-10-09,Peru | Aciertala | 2025,3,0.225,0,0,0.0,-0.225,trome.com
2025-10-09,Peru | Aciertala | 2025,1,0.075,0,0,0.0,-0.075,terra.com.mx
2025-10-09,Peru | Aciertala | 2025,2,0.15,0,0,0.0,-0.15,redmas.com.co
2025-10-09,Peru | Aciertala | 2025,2,0.15,0,0,0.0,-0.15,redgol.cl
2025-10-09,Peru | Aciertala | 2025,11,0.825,0,0,0.0,-0.825,larazon.pe
2025-10-09,Peru | Aciertala | 2025,1,0.075,0,0,0.0,-0.075,elnuevodiario.com.do
2025-10-09,Peru | Aciertala | 2025,3,0.225,0,0,0.0,-0.225,elmen.pe
2025-10-09,Peru | Aciertala | 2025,1,0.075,0,0,0.0,-0.075,elle.mx
2025-10-09,Peru | Aciertala | 2025,5,0.375,0,0,0.0,-0.375,eleconomista.com.mx
2025-10-09,Peru | Aciertala | 2025,4,0.3,0,0,0.0,-0.3,diariocorreo.pe
2025-10-09,Peru | Aciertala | 2025,6,0.45,0,0,0.0,-0.45,depor.com
2025-10-09,Peru | Aciertala | 2025,2,0.15,0,0,0.0,-0.15,bolavip.com
2025-10-09,Peru | Aciertala | 2025,0,0.0,0,0,0.0,0.0,am.com.mx
2025-10-09,Peru | Aciertala | 2025,12,0.9,0,0,0.0,-0.9,Outlook Web Mobile
2025-10-09,Peru | Aciertala | 2025,3,0.225,0,0,0.0,-0.225,Outlook Web Mail
2025-10-09,Peru | Aciertala | 2025,46,3.45,0,0,0.0,-3.45,Outlook Web Desktop
2025-10-09,Peru | Aciertala | 2025,7,0.525,0,0,0.0,-0.525,Outlook PC Web Inbox
2025-10-09,Peru | Aciertala | 2025,4,0.3,0,0,0.0,-0.3,Outlook Mobile Web Inbox
2025-10-09,Peru | Aciertala | 2025,1,0.075,0,0,0.0,-0.075,Outlook App Lite Android Other
2025-10-09,Peru | Aciertala | 2025,1,0.075,0,0,0.0,-0.075,Office Monarch Non Inbox Desktop
2025-10-09,Peru | Aciertala | 2025,1,0.075,0,0,0.0,-0.075,Office Monarch Inbox Primary Desktop
2025-10-09,Peru | Aciertala | 2025,26,1.95,0,0,0.0,-1.95,Office Monarch Inbox Desktop
2025-10-09,Peru | Aciertala | 2025,2,0.15,0,0,0.0,-0.15,Microsoft Outlook IOS Native Inbox
2025-10-09,Peru | Aciertala | 2025,6,0.45,0,0,0.0,-0.45,Microsoft Outlook IOS Native
2025-10-09,Peru | Aciertala | 2025,1,0.075,0,0,0.0,-0.075,Microsoft Outlook Android App
2025-10-09,Peru | Aciertala | 2025,2,0.15,0,0,0.0,-0.15,HUAWEI Browser - Android
2025-10-09,Peru | Aciertala | 2025,7,0.525,0,0,0.0,-0.525,HUAWEI Assistant∙TODAY - Android
2025-10-09,Peru | Aciertala | 2025,2,0.15,0,0,0.0,-0.15,HUAWEI AI Search - Android
2025-10-09,Peru | Aciertala_Casino | 2025,5,0.35,0,0,0.0,-0.35,trome.com
2025-10-09,Peru | Aciertala_Casino | 2025,3,0.21,0,0,0.0,-0.21,noticiasrcn.com
2025-10-09,Peru | Aciertala_Casino | 2025,19,1.33,0,0,0.0,-1.33,larazon.pe
2025-10-09,Peru | Aciertala_Casino | 2025,1,0.07,0,0,0.0,-0.07,excelsior.com.mx
2025-10-09,Peru | Aciertala_Casino | 2025,1,0.07,0,0,0.0,-0.07,elnacional.com
2025-10-09,Peru | Aciertala_Casino | 2025,4,0.28,0,0,0.0,-0.28,elmen.pe
2025-10-09,Peru | Aciertala_Casino | 2025,8,0.56,0,0,0.0,-0.56,eleconomista.com.mx
2025-10-09,Peru | Aciertala_Casino | 2025,4,0.28,0,0,0.0,-0.28,diariocorreo.pe
2025-10-09,Peru | Aciertala_Casino | 2025,1,0.07,0,0,0.0,-0.07,cronista.com
2025-10-09,Peru | Aciertala_Casino | 2025,1,0.07,0,0,0.0,-0.07,bolavip.com
2025-10-09,Peru | Aciertala_Casino | 2025,2,0.14,0,0,0.0,-0.14,atv.pe
2025-10-09,Peru | Aciertala_Casino | 2025,0,0.0,0,0,0.0,0.0,am.com.mx
2025-10-09,Peru | Aciertala_Casino | 2025,1,0.07,0,0,0.0,-0.07,albertonews.com
2025-10-09,Peru | Aciertala_Casino | 2025,1,0.07,0,0,0.0,-0.07,Outlook Web Non Inbox
2025-10-09,Peru | Aciertala_Casino | 2025,2,0.14,0,0,0.0,-0.14,Outlook Web Mobile
2025-10-09,Peru | Aciertala_Casino | 2025,1,0.07,0,0,0.0,-0.07,Outlook Web Mail
2025-10-09,Peru | Aciertala_Casino | 2025,20,1.4,0,0,0.0,-1.4,Outlook Web Desktop
2025-10-09,Peru | Aciertala_Casino | 2025,2,0.14,0,0,0.0,-0.14,Outlook PC Web Inbox
2025-10-09,Peru | Aciertala_Casino | 2025,21,1.47,0,0,0.0,-1.47,Office Monarch Inbox Desktop
2025-10-09,Peru | Aciertala_Casino | 2025,1,0.07,0,0,0.0,-0.07,Microsoft Outlook IOS Native
2025-10-09,Peru | Aciertala_Casino | 2025,1,0.07,0,0,0.0,-0.07,Microsoft Outlook Android App
2025-10-09,Peru | Aciertala_Casino | 2025,2,0.14,0,0,0.0,-0.14,HUAWEI Weather - Android
2025-10-09,Peru | Aciertala_Casino | 2025,3,0.21,0,0,0.0,-0.21,HUAWEI Browser - Android
2025-10-09,Peru | Aciertala_Casino | 2025,34,2.38,0,0,0.0,-2.38,HUAWEI Assistant∙TODAY - Android
2025-10-09,Peru | Aciertala_Casino | 2025,8,0.56,0,0,0.0,-0.56,HUAWEI AI Search - Android
2025-10-10,EC_Ecuabet_Registros_Casino,1,0.085,0,0,0.0,-0.085,youremedios.com
2025-10-10,EC_Ecuabet_Registros_Casino,1,0.09,0,0,0.0,-0.09,wuaze.com
2025-10-10,EC_Ecuabet_Registros_Casino,4,0.35,0,0,0.0,-0.35,w3diary.com
2025-10-10,EC_Ecuabet_Registros_Casino,4,0.355,0,0,0.0,-0.355,vivaensalud.net
2025-10-10,EC_Ecuabet_Registros_Casino,1,0.09,0,0,0.0,-0.09,vitanel.info
2025-10-10,EC_Ecuabet_Registros_Casino,7,0.232,0,0,0.0,-0.232,viralymedio.com
2025-10-10,EC_Ecuabet_Registros_Casino,8,0.195,0,0,0.0,-0.195,viralsalud.club
2025-10-10,EC_Ecuabet_Registros_Casino,2,0.175,0,0,0.0,-0.175,viralinkx.com
2025-10-10,EC_Ecuabet_Registros_Casino,4,0.099,0,1,0.0,-0.099,viraliking.com
2025-10-10,EC_Ecuabet_Registros_Casino,3,0.27,0,0,0.0,-0.27,very-amazing.com
2025-10-10,EC_Ecuabet_Registros_Casino,1,0.075,0,0,0.0,-0.075,verboruto.online
2025-10-10,EC_Ecuabet_Registros_Casino,2,0.18,0,0,0.0,-0.18,verblackclover.com
2025-10-10,EC_Ecuabet_Registros_Casino,1,0.08,0,0,0.0,-0.08,vanidades.com
2025-10-10,EC_Ecuabet_Registros_Casino,1,0.09,0,0,0.0,-0.09,unisalia.com
2025-10-10,EC_Ecuabet_Registros_Casino,1,0.075,0,0,0.0,-0.075,tvserieslatino.com
2025-10-10,EC_Ecuabet_Registros_Casino,11,0.925,0,0,0.0,-0.925,tusitioviral.com
2025-10-10,EC_Ecuabet_Registros_Casino,2,0.17,0,0,0.0,-0.17,topnewstodayismy.blogspot.com
2025-10-10,EC_Ecuabet_Registros_Casino,2,0.18,0,0,0.0,-0.18,todosobreremedios.com
2025-10-10,EC_Ecuabet_Registros_Casino,4,0.32,0,1,0.0,-0.32,todonathy.com
2025-10-10,EC_Ecuabet_Registros_Casino,1,0.085,0,0,0.0,-0.085,tipssalud.online
2025-10-10,EC_Ecuabet_Registros_Casino,1,0.085,0,0,0.0,-0.085,terra.com.mx
2025-10-10,EC_Ecuabet_Registros_Casino,1,0.085,0,0,0.0,-0.085,taybanha04.top
2025-10-10,EC_Ecuabet_Registros_Casino,5,0.44,0,0,0.0,-0.44,taybanha03.top
2025-10-10,EC_Ecuabet_Registros_Casino,7,0.585,0,0,0.0,-0.585,taybanha02.top
2025-10-10,EC_Ecuabet_Registros_Casino,2,0.175,0,0,0.0,-0.175,taybanha01.top
2025-10-10,EC_Ecuabet_Registros_Casino,62,2.42,0,0,0.0,-2.42,squidapp.co
2025-10-10,EC_Ecuabet_Registros_Casino,1,0.08,0,0,0.0,-0.08,spain-recipes.top
2025-10-10,EC_Ecuabet_Registros_Casino,1,0.085,0,0,0.0,-0.085,soycarmin.com
2025-10-10,EC_Ecuabet_Registros_Casino,1,0.085,0,0,0.0,-0.085,somospositivosactivos.xyz
2025-10-10,EC_Ecuabet_Registros_Casino,4,0.34,0,0,0.0,-0.34,soloparati.online
2025-10-10,EC_Ecuabet_Registros_Casino,1,0.08,0,0,0.0,-0.08,skynovels.net
2025-10-10,EC_Ecuabet_Registros_Casino,2,0.165,0,0,0.0,-0.165,sevolvioviral.online
2025-10-10,EC_Ecuabet_Registros_Casino,4,0.36,0,0,0.0,-0.36,saludnaturales.xyz
2025-10-10,EC_Ecuabet_Registros_Casino,1,0.08,0,0,0.0,-0.08,saludinfinitatop.com
2025-10-10,EC_Ecuabet_Registros_Casino,14,1.5405,0,0,0.0,-1.5405,saludablefree.com
2025-10-10,EC_Ecuabet_Registros_Casino,2,0.165,0,0,0.0,-0.165,rts.com.ec
2025-10-10,EC_Ecuabet_Registros_Casino,2,0.165,0,0,0.0,-0.165,remedioscasero.info
2025-10-10,EC_Ecuabet_Registros_Casino,8,0.695,0,0,0.0,-0.695,remedionatural.xyz
2025-10-10,EC_Ecuabet_Registros_Casino,2,0.17,0,0,0.0,-0.17,recipes-sp.com
2025-10-10,EC_Ecuabet_Registros_Casino,1,0.024,0,0,0.0,-0.024,recetasnatural.xyz
2025-10-10,EC_Ecuabet_Registros_Casino,2,0.17,0,0,0.0,-0.17,recetasenlared.com
2025-10-10,EC_Ecuabet_Registros_Casino,1,0.085,0,0,0.0,-0.085,recetas-es.top
2025-10-10,EC_Ecuabet_Registros_Casino,1,0.075,0,0,0.0,-0.075,rdiarios.com
2025-10-10,EC_Ecuabet_Registros_Casino,2,0.18,0,0,0.0,-0.18,puravida194.blogspot.com
2025-10-10,EC_Ecuabet_Registros_Casino,2,0.17,0,0,0.0,-0.17,pulzo.com
2025-10-10,EC_Ecuabet_Registros_Casino,1,0.075,0,0,0.0,-0.075,prensalibre.com
2025-10-10,EC_Ecuabet_Registros_Casino,1,0.08,0,0,0.0,-0.08,planetacrochet.com
2025-10-10,EC_Ecuabet_Registros_Casino,3,0.245,0,0,0.0,-0.245,openiu.com
2025-10-10,EC_Ecuabet_Registros_Casino,7,0.2825,0,0,0.0,-0.2825,olarviral.com
2025-10-10,EC_Ecuabet_Registros_Casino,14,1.19,0,1,0.0,-1.19,nutricionysaludd.com
2025-10-10,EC_Ecuabet_Registros_Casino,2,0.15,0,0,0.0,-0.15,novelasmas.com
2025-10-10,EC_Ecuabet_Registros_Casino,5,0.38,0,0,0.0,-0.38,novelaplay.com
2025-10-10,EC_Ecuabet_Registros_Casino,1,0.117,0,0,0.0,-0.117,notimixed.com
2025-10-10,EC_Ecuabet_Registros_Casino,1,0.08,0,0,0.0,-0.08,notiiflash.com
2025-10-10,EC_Ecuabet_Registros_Casino,1,0.085,0,0,0.0,-0.085,noticlub.top
2025-10-10,EC_Ecuabet_Registros_Casino,160,4.023,0,0,0.0,-4.023,noticiassalud.net
2025-10-10,EC_Ecuabet_Registros_Casino,14,1.17,0,0,0.0,-1.17,noticiasdiariasnews.com
2025-10-10,EC_Ecuabet_Registros_Casino,30,2.415,0,0,0.0,-2.415,noticiasdehoyy.net
2025-10-10,EC_Ecuabet_Registros_Casino,2,0.054,0,0,0.0,-0.054,noticiaomg.com
2025-10-10,EC_Ecuabet_Registros_Casino,3,0.225,0,0,0.0,-0.225,newnoti.com
2025-10-10,EC_Ecuabet_Registros_Casino,15,1.225,0,0,0.0,-1.225,natureview.net
2025-10-10,EC_Ecuabet_Registros_Casino,1,0.075,0,0,0.0,-0.075,mvsnoticias.com
2025-10-10,EC_Ecuabet_Registros_Casino,2,0.165,0,0,0.0,-0.165,monoschino2.com
2025-10-10,EC_Ecuabet_Registros_Casino,2,0.17,0,0,0.0,-0.17,milagrosasalud.com
2025-10-10,EC_Ecuabet_Registros_Casino,4,0.335,0,0,0.0,-0.335,meencantaelchocolate.com
2025-10-10,EC_Ecuabet_Registros_Casino,9,0.735,0,0,0.0,-0.735,me-encantas.com
2025-10-10,EC_Ecuabet_Registros_Casino,4,0.3,0,0,0.0,-0.3,lomasrelevante.top
2025-10-10,EC_Ecuabet_Registros_Casino,0,0.0,0,0,0.0,0.0,live.com
2025-10-10,EC_Ecuabet_Registros_Casino,1,0.085,0,0,0.0,-0.085,larepublica.ec
2025-10-10,EC_Ecuabet_Registros_Casino,1,0.08,0,0,0.0,-0.08,laprensani.com
2025-10-10,EC_Ecuabet_Registros_Casino,3,0.255,0,0,0.0,-0.255,lanoticia1ro.com
2025-10-10,EC_Ecuabet_Registros_Casino,1,0.085,0,0,0.0,-0.085,lacuranatural.net
2025-10-10,EC_Ecuabet_Registros_Casino,1,0.085,0,0,0.0,-0.085,jubna.com
2025-10-10,EC_Ecuabet_Registros_Casino,55,4.585,0,0,0.0,-4.585,jetrapic.com
2025-10-10,EC_Ecuabet_Registros_Casino,36,0.906,0,1,0.0,-0.906,infotime.co
2025-10-10,EC_Ecuabet_Registros_Casino,17,1.38,0,1,0.0,-1.38,informan2.us
2025-10-10,EC_Ecuabet_Registros_Casino,1,0.075,0,0,0.0,-0.075,ideasmanualidades.xyz
2025-10-10,EC_Ecuabet_Registros_Casino,9,0.222,0,0,0.0,-0.222,hubvirales.com
2025-10-10,EC_Ecuabet_Registros_Casino,2,0.165,0,0,0.0,-0.165,hogaryjardinn.com
2025-10-10,EC_Ecuabet_Registros_Casino,7,0.392,0,0,0.0,-0.392,fullnoticiasplus.blogspot.com
2025-10-10,EC_Ecuabet_Registros_Casino,3,0.072,0,0,0.0,-0.072,franciscosaludable.com
2025-10-10,EC_Ecuabet_Registros_Casino,12,1.0,0,0,0.0,-1.0,fotise.com
2025-10-10,EC_Ecuabet_Registros_Casino,4,0.33,0,0,0.0,-0.33,flux-studio.site
2025-10-10,EC_Ecuabet_Registros_Casino,4,0.32,0,0,0.0,-0.32,feji.io
2025-10-10,EC_Ecuabet_Registros_Casino,1,0.027,0,0,0.0,-0.027,fbviral.com
2025-10-10,EC_Ecuabet_Registros_Casino,1,0.08,0,0,0.0,-0.08,fbnoticviral.com
2025-10-10,EC_Ecuabet_Registros_Casino,3,0.12,0,0,0.0,-0.12,fbclic.com
2025-10-10,EC_Ecuabet_Registros_Casino,6,0.156,0,0,0.0,-0.156,famososyvirales.com
2025-10-10,EC_Ecuabet_Registros_Casino,2,0.125,0,0,0.0,-0.125,expansion.mx
2025-10-10,EC_Ecuabet_Registros_Casino,2,0.175,0,0,0.0,-0.175,eluniversal.com
2025-10-10,EC_Ecuabet_Registros_Casino,3,0.245,0,0,0.0,-0.245,elespectador.com
2025-10-10,EC_Ecuabet_Registros_Casino,8,0.68,0,0,0.0,-0.68,elcomercio.pe
2025-10-10,EC_Ecuabet_Registros_Casino,1,0.0255,0,0,0.0,-0.0255,ecuadornoticias.com
2025-10-10,EC_Ecuabet_Registros_Casino,3,0.26,0,0,0.0,-0.26,eacar.xyz
2025-10-10,EC_Ecuabet_Registros_Casino,1,0.08,0,0,0.0,-0.08,drbarbaraoneill1602.blogspot.com
2025-10-10,EC_Ecuabet_Registros_Casino,1,0.085,0,0,0.0,-0.085,doramas.org
2025-10-10,EC_Ecuabet_Registros_Casino,2,0.165,0,0,0.0,-0.165,diario.mx
2025-10-10,EC_Ecuabet_Registros_Casino,3,0.23,0,0,0.0,-0.23,detodounpocoyunpocodetodo1986.blogspot.com
2025-10-10,EC_Ecuabet_Registros_Casino,2,0.0465,0,0,0.0,-0.0465,datosdetuinteres.com
2025-10-10,EC_Ecuabet_Registros_Casino,2,0.17,0,0,0.0,-0.17,danruilo.com
2025-10-10,EC_Ecuabet_Registros_Casino,2,0.18,0,0,0.0,-0.18,curiosidadesvirales.com
2025-10-10,EC_Ecuabet_Registros_Casino,2,0.18,0,0,0.0,-0.18,culturacolectiva.com
2025-10-10,EC_Ecuabet_Registros_Casino,22,1.87,0,0,0.0,-1.87,cronista.com
2025-10-10,EC_Ecuabet_Registros_Casino,1,0.09,0,0,0.0,-0.09,cieloaventura.xyz
2025-10-10,EC_Ecuabet_Registros_Casino,1,0.09,0,0,0.0,-0.09,cibermundo.site
2025-10-10,EC_Ecuabet_Registros_Casino,2,0.175,0,0,0.0,-0.175,chaumytbn.top
2025-10-10,EC_Ecuabet_Registros_Casino,2,0.0875,0,0,0.0,-0.0875,chainityai.com
2025-10-10,EC_Ecuabet_Registros_Casino,1,0.08,0,0,0.0,-0.08,casadebricolaje.com
2025-10-10,EC_Ecuabet_Registros_Casino,1,0.085,0,0,0.0,-0.085,bricolajeenelhogar.com
2025-10-10,EC_Ecuabet_Registros_Casino,1,0.085,0,0,0.0,-0.085,borutoanime.online
2025-10-10,EC_Ecuabet_Registros_Casino,4,0.671,0,0,0.0,-0.671,bolavip.com
2025-10-10,EC_Ecuabet_Registros_Casino,5,0.405,0,0,0.0,-0.405,bloghogar.net
2025-10-10,EC_Ecuabet_Registros_Casino,1,0.09,0,0,0.0,-0.09,bitlyanews.com
2025-10-10,EC_Ecuabet_Registros_Casino,4,0.1625,0,0,0.0,-0.1625,bionotis.xyz
2025-10-10,EC_Ecuabet_Registros_Casino,2,0.15,0,0,0.0,-0.15,bienvenidoalhogar3.com
2025-10-10,EC_Ecuabet_Registros_Casino,60,7.185,0,0,0.0,-7.185,antena2.com
2025-10-10,EC_Ecuabet_Registros_Casino,1,0.09,0,0,0.0,-0.09,alertastrending.online
2025-10-10,EC_Ecuabet_Registros_Casino,1,0.085,0,0,0.0,-0.085,albertonews.com
2025-10-10,EC_Ecuabet_Registros_Casino,4,0.34,0,0,0.0,-0.34,adqva.com
2025-10-10,EC_Ecuabet_Registros_Casino,7,0.413,0,0,0.0,-0.413,actualizadas.com
2025-10-10,EC_Ecuabet_Registros_Casino,1,0.085,0,0,0.0,-0.085,actualesaldia.top
2025-10-10,EC_Ecuabet_Registros_Casino,2,0.15,0,0,0.0,-0.15,acentofinal.xyz
2025-10-10,EC_Ecuabet_Registros_Casino,1,0.085,0,0,0.0,-0.085,3notiactualidad.blogspot.com
2025-10-10,EC_Ecuabet_Registros_Deportivas,2,0.17,0,0,0.0,-0.17,wuaze.com
2025-10-10,EC_Ecuabet_Registros_Deportivas,1,0.085,0,0,0.0,-0.085,vivaensalud.net
2025-10-10,EC_Ecuabet_Registros_Deportivas,13,0.5325,0,0,0.0,-0.5325,viralymedio.com
2025-10-10,EC_Ecuabet_Registros_Deportivas,1,0.085,0,0,0.0,-0.085,viralonline.click
2025-10-10,EC_Ecuabet_Registros_Deportivas,3,0.0735,0,0,0.0,-0.0735,viraliking.com
2025-10-10,EC_Ecuabet_Registros_Deportivas,2,0.135,0,0,0.0,-0.135,very-amazing.com
2025-10-10,EC_Ecuabet_Registros_Deportivas,1,0.085,0,0,0.0,-0.085,verboruto.online
2025-10-10,EC_Ecuabet_Registros_Deportivas,1,0.08,0,0,0.0,-0.08,uoxcom.com
2025-10-10,EC_Ecuabet_Registros_Deportivas,1,0.085,0,0,0.0,-0.085,unisalia.com
2025-10-10,EC_Ecuabet_Registros_Deportivas,2,0.17,0,0,0.0,-0.17,tusitioviral.com
2025-10-10,EC_Ecuabet_Registros_Deportivas,1,0.085,0,0,0.0,-0.085,tusaluddigital.site
2025-10-10,EC_Ecuabet_Registros_Deportivas,1,0.05,0,0,0.0,-0.05,todonathy.com
2025-10-10,EC_Ecuabet_Registros_Deportivas,1,0.085,0,0,0.0,-0.085,tipssalud.online
2025-10-10,EC_Ecuabet_Registros_Deportivas,1,0.08,0,0,0.0,-0.08,taybanha04.top
2025-10-10,EC_Ecuabet_Registros_Deportivas,1,0.085,0,0,0.0,-0.085,taybanha02.top
2025-10-10,EC_Ecuabet_Registros_Deportivas,14,1.12,0,0,0.0,-1.12,squidapp.co
2025-10-10,EC_Ecuabet_Registros_Deportivas,1,0.08,0,0,0.0,-0.08,seriesdonghua.com
2025-10-10,EC_Ecuabet_Registros_Deportivas,2,0.16,0,0,0.0,-0.16,saludremedios.site
2025-10-10,EC_Ecuabet_Registros_Deportivas,1,0.085,0,0,0.0,-0.085,saludactua.online
2025-10-10,EC_Ecuabet_Registros_Deportivas,1,0.085,0,0,0.0,-0.085,saludablefree.com
2025-10-10,EC_Ecuabet_Registros_Deportivas,2,0.165,0,0,0.0,-0.165,rts.com.ec
2025-10-10,EC_Ecuabet_Registros_Deportivas,1,0.085,0,0,0.0,-0.085,remedioscasero.info
2025-10-10,EC_Ecuabet_Registros_Deportivas,1,0.085,0,0,0.0,-0.085,remediosaqui.com
2025-10-10,EC_Ecuabet_Registros_Deportivas,5,0.2125,0,0,0.0,-0.2125,redmas.com.co
2025-10-10,EC_Ecuabet_Registros_Deportivas,2,0.17,0,0,0.0,-0.17,recetas-es.top
2025-10-10,EC_Ecuabet_Registros_Deportivas,1,0.085,0,0,0.0,-0.085,puroscaseros.xyz
2025-10-10,EC_Ecuabet_Registros_Deportivas,2,0.165,0,0,0.0,-0.165,puravida194.blogspot.com
2025-10-10,EC_Ecuabet_Registros_Deportivas,1,0.085,0,0,0.0,-0.085,pulzo.com
2025-10-10,EC_Ecuabet_Registros_Deportivas,1,0.085,0,0,0.0,-0.085,prensalibre.com
2025-10-10,EC_Ecuabet_Registros_Deportivas,1,0.085,0,0,0.0,-0.085,openiu.com
2025-10-10,EC_Ecuabet_Registros_Deportivas,1,0.085,0,0,0.0,-0.085,nutricionysaludd.com
2025-10-10,EC_Ecuabet_Registros_Deportivas,2,0.17,0,0,0.0,-0.17,nutricionvitae.com
2025-10-10,EC_Ecuabet_Registros_Deportivas,1,0.08,0,0,0.0,-0.08,novelasmas.com
2025-10-10,EC_Ecuabet_Registros_Deportivas,1,0.08,0,0,0.0,-0.08,novelaplay.com
2025-10-10,EC_Ecuabet_Registros_Deportivas,1,0.08,0,0,0.0,-0.08,noticiasdiariasnews.com
2025-10-10,EC_Ecuabet_Registros_Deportivas,11,0.91,0,0,0.0,-0.91,noticiasdehoyy.net
2025-10-10,EC_Ecuabet_Registros_Deportivas,6,0.2425,0,0,0.0,-0.2425,noticiasamaris.com
2025-10-10,EC_Ecuabet_Registros_Deportivas,7,0.57,0,0,0.0,-0.57,noticiaomg.com
2025-10-10,EC_Ecuabet_Registros_Deportivas,1,0.085,0,0,0.0,-0.085,noticenter.lat
2025-10-10,EC_Ecuabet_Registros_Deportivas,1,0.08,0,0,0.0,-0.08,notasuperinteresantes.blogspot.com
2025-10-10,EC_Ecuabet_Registros_Deportivas,1,0.08,0,0,0.0,-0.08,newnoti.com
2025-10-10,EC_Ecuabet_Registros_Deportivas,1,0.024,0,0,0.0,-0.024,natureview.net
2025-10-10,EC_Ecuabet_Registros_Deportivas,2,0.165,0,0,0.0,-0.165,mundosaludable.us
2025-10-10,EC_Ecuabet_Registros_Deportivas,1,0.08,0,0,0.0,-0.08,milagrosasalud.com
2025-10-10,EC_Ecuabet_Registros_Deportivas,1,0.08,0,0,0.0,-0.08,mhonividente.xyz
2025-10-10,EC_Ecuabet_Registros_Deportivas,1,0.08,0,0,0.0,-0.08,metatube.com
2025-10-10,EC_Ecuabet_Registros_Deportivas,3,0.245,0,0,0.0,-0.245,me-encantas.com
2025-10-10,EC_Ecuabet_Registros_Deportivas,2,0.17,0,0,0.0,-0.17,lomasrelevante.top
2025-10-10,EC_Ecuabet_Registros_Deportivas,5,0.38,0,0,0.0,-0.38,latinchats.net
2025-10-10,EC_Ecuabet_Registros_Deportivas,1,0.024,0,0,0.0,-0.024,lanoticia1ro.com
2025-10-10,EC_Ecuabet_Registros_Deportivas,7,0.56,0,0,0.0,-0.56,jetrapic.com
2025-10-10,EC_Ecuabet_Registros_Deportivas,22,0.54,0,0,0.0,-0.54,interesantetop.top
2025-10-10,EC_Ecuabet_Registros_Deportivas,1,0.08,0,0,0.0,-0.08,interesantenews.com
2025-10-10,EC_Ecuabet_Registros_Deportivas,31,0.789,0,0,0.0,-0.789,infotime.co
2025-10-10,EC_Ecuabet_Registros_Deportivas,6,0.505,0,0,0.0,-0.505,informan2.us
2025-10-10,EC_Ecuabet_Registros_Deportivas,22,1.785,0,0,0.0,-1.785,fullnoticiasplus.blogspot.com
2025-10-10,EC_Ecuabet_Registros_Deportivas,7,0.575,0,0,0.0,-0.575,franciscosaludable.com
2025-10-10,EC_Ecuabet_Registros_Deportivas,6,0.49,0,0,0.0,-0.49,fotise.com
2025-10-10,EC_Ecuabet_Registros_Deportivas,3,0.245,0,0,0.0,-0.245,flux-studio.site
2025-10-10,EC_Ecuabet_Registros_Deportivas,1,0.08,0,0,0.0,-0.08,feji.io
2025-10-10,EC_Ecuabet_Registros_Deportivas,3,0.125,0,0,0.0,-0.125,fbviral.com
2025-10-10,EC_Ecuabet_Registros_Deportivas,9,0.444,0,0,0.0,-0.444,famososyvirales.com
2025-10-10,EC_Ecuabet_Registros_Deportivas,1,0.08,0,0,0.0,-0.08,eluniversal.com
2025-10-10,EC_Ecuabet_Registros_Deportivas,1,0.08,0,0,0.0,-0.08,elnacional.com
2025-10-10,EC_Ecuabet_Registros_Deportivas,1,0.085,0,0,0.0,-0.085,elfarandi.com
2025-10-10,EC_Ecuabet_Registros_Deportivas,1,0.085,0,0,0.0,-0.085,elespectador.com
2025-10-10,EC_Ecuabet_Registros_Deportivas,3,0.24,0,0,0.0,-0.24,elcomercio.pe
2025-10-10,EC_Ecuabet_Registros_Deportivas,1,0.085,0,0,0.0,-0.085,diferencias.info
2025-10-10,EC_Ecuabet_Registros_Deportivas,1,0.08,0,0,0.0,-0.08,detodounpocoyunpocodetodo1986.blogspot.com
2025-10-10,EC_Ecuabet_Registros_Deportivas,1,0.08,0,0,0.0,-0.08,datosdetuinteres.com
2025-10-10,EC_Ecuabet_Registros_Deportivas,1,0.085,0,0,0.0,-0.085,culturacolectiva.com
2025-10-10,EC_Ecuabet_Registros_Deportivas,1,0.085,0,0,0.0,-0.085,chapintv.com
2025-10-10,EC_Ecuabet_Registros_Deportivas,2,0.16,0,0,0.0,-0.16,chainityai.com
2025-10-10,EC_Ecuabet_Registros_Deportivas,1,0.085,0,0,0.0,-0.085,bricolajeenelhogar.com
2025-10-10,EC_Ecuabet_Registros_Deportivas,1,0.17,0,0,0.0,-0.17,bolavip.com
2025-10-10,EC_Ecuabet_Registros_Deportivas,8,0.63,0,0,0.0,-0.63,bionotis.xyz
2025-10-10,EC_Ecuabet_Registros_Deportivas,1,0.08,0,0,0.0,-0.08,benefimundo.com
2025-10-10,EC_Ecuabet_Registros_Deportivas,2,0.048,0,0,0.0,-0.048,antena2.com
2025-10-10,EC_Ecuabet_Registros_Deportivas,4,0.384,0,1,0.0,-0.384,adqva.com
2025-10-10,EC_Ecuabet_Registros_Deportivas,2,0.08,0,0,0.0,-0.08,actualizadas.com
2025-10-10,EC_Ecuabet_Registros_Deportivas,1,0.08,0,0,0.0,-0.08,acentofinal.xyz
2025-10-10,EC_Ecuabet_Registros_Deportivas,8,0.192,0,0,0.0,-0.192,Xiaomi Browser Newsfeed
2025-10-10,Peru | Aciertala | 2025,6,0.45,0,0,0.0,-0.45,trome.com
2025-10-10,Peru | Aciertala | 2025,1,0.075,0,0,0.0,-0.075,terra.com.mx
2025-10-10,Peru | Aciertala | 2025,1,0.075,0,0,0.0,-0.075,peru21.pe
2025-10-10,Peru | Aciertala | 2025,3,0.225,0,0,0.0,-0.225,larazon.pe
2025-10-10,Peru | Aciertala | 2025,6,0.45,0,0,0.0,-0.45,eleconomista.com.mx
2025-10-10,Peru | Aciertala | 2025,1,0.075,0,0,0.0,-0.075,diariocorreo.pe
2025-10-10,Peru | Aciertala | 2025,3,0.225,0,0,0.0,-0.225,depor.com
2025-10-10,Peru | Aciertala | 2025,1,0.075,0,0,0.0,-0.075,bitlyanews.com
2025-10-10,Peru | Aciertala | 2025,0,0.0,0,0,0.0,0.0,am.com.mx
2025-10-10,Peru | Aciertala | 2025,1,0.075,0,0,0.0,-0.075,Outlook Web Non Inbox
2025-10-10,Peru | Aciertala | 2025,5,0.375,0,0,0.0,-0.375,Outlook Web Mobile
2025-10-10,Peru | Aciertala | 2025,26,1.95,0,0,0.0,-1.95,Outlook Web Desktop
2025-10-10,Peru | Aciertala | 2025,1,0.075,0,0,0.0,-0.075,Outlook PC Web Inbox
2025-10-10,Peru | Aciertala | 2025,1,0.075,0,0,0.0,-0.075,Outlook Mobile Web Inbox
2025-10-10,Peru | Aciertala | 2025,3,0.225,0,0,0.0,-0.225,Office Monarch Inbox Primary Desktop
2025-10-10,Peru | Aciertala | 2025,19,1.425,0,0,0.0,-1.425,Office Monarch Inbox Desktop
2025-10-10,Peru | Aciertala | 2025,1,0.075,0,0,0.0,-0.075,Microsoft Start Gallery Interstitial
2025-10-10,Peru | Aciertala | 2025,1,0.075,0,0,0.0,-0.075,Microsoft Start Article pages End of Article Block
2025-10-10,Peru | Aciertala | 2025,43,3.225,0,0,0.0,-3.225,Microsoft Start Android App
2025-10-10,Peru | Aciertala | 2025,2,0.15,0,0,0.0,-0.15,Microsoft Outlook Android App
2025-10-10,Peru | Aciertala | 2025,2,0.15,0,0,0.0,-0.15,MSN Video pages
2025-10-10,Peru | Aciertala | 2025,7,0.525,0,0,0.0,-0.525,MSN New Tab River Cards
2025-10-10,Peru | Aciertala | 2025,5,0.375,0,0,0.0,-0.375,MSN New Tab Infopane
2025-10-10,Peru | Aciertala | 2025,5,0.375,0,0,0.0,-0.375,MSN In-article
2025-10-10,Peru | Aciertala | 2025,1,0.075,0,0,0.0,-0.075,MSN Homepage River Cards
2025-10-10,Peru | Aciertala | 2025,1,0.075,0,0,0.0,-0.075,MSN Homepage Infopane
2025-10-10,Peru | Aciertala | 2025,1,0.075,0,0,0.0,-0.075,MSN Gallery pages Sidebar
2025-10-10,Peru | Aciertala | 2025,1,0.075,0,0,0.0,-0.075,MSN Gallery pages Double River Cards
2025-10-10,Peru | Aciertala | 2025,9,0.675,0,0,0.0,-0.675,MSN Gallery Interstitial
2025-10-10,Peru | Aciertala | 2025,1,0.075,0,0,0.0,-0.075,MSN Article pages River Cards
2025-10-10,Peru | Aciertala | 2025,2,0.15,0,0,0.0,-0.15,HUAWEI Browser - Android
2025-10-10,Peru | Aciertala | 2025,2,0.15,0,0,0.0,-0.15,HUAWEI Assistant∙TODAY - Android
2025-10-10,Peru | Aciertala_Casino | 2025,5,0.35,0,0,0.0,-0.35,trome.com
2025-10-10,Peru | Aciertala_Casino | 2025,2,0.14,0,0,0.0,-0.14,redmas.com.co
2025-10-10,Peru | Aciertala_Casino | 2025,1,0.07,0,0,0.0,-0.07,redgol.cl
2025-10-10,Peru | Aciertala_Casino | 2025,1,0.07,0,0,0.0,-0.07,peru21.pe
2025-10-10,Peru | Aciertala_Casino | 2025,1,0.07,0,0,0.0,-0.07,latinus.us
2025-10-10,Peru | Aciertala_Casino | 2025,4,0.28,0,0,0.0,-0.28,larazon.pe
2025-10-10,Peru | Aciertala_Casino | 2025,1,0.07,0,0,0.0,-0.07,lapaginamillonaria.com
2025-10-10,Peru | Aciertala_Casino | 2025,3,0.21,0,0,0.0,-0.21,elmen.pe
2025-10-10,Peru | Aciertala_Casino | 2025,1,0.07,0,0,0.0,-0.07,elle.mx
2025-10-10,Peru | Aciertala_Casino | 2025,12,0.84,0,0,0.0,-0.84,eleconomista.com.mx
2025-10-10,Peru | Aciertala_Casino | 2025,1,0.07,0,0,0.0,-0.07,diariolibree.com
2025-10-10,Peru | Aciertala_Casino | 2025,1,0.07,0,0,0.0,-0.07,diariocorreo.pe
2025-10-10,Peru | Aciertala_Casino | 2025,2,0.14,0,0,0.0,-0.14,depor.com
2025-10-10,Peru | Aciertala_Casino | 2025,1,0.07,0,0,0.0,-0.07,debate.com.mx
2025-10-10,Peru | Aciertala_Casino | 2025,1,0.07,0,0,0.0,-0.07,cronista.com
2025-10-10,Peru | Aciertala_Casino | 2025,1,0.07,0,0,0.0,-0.07,bitlyanews.com
2025-10-10,Peru | Aciertala_Casino | 2025,2,0.14,0,0,0.0,-0.14,antena2.com
2025-10-10,Peru | Aciertala_Casino | 2025,0,0.0,0,0,0.0,0.0,am.com.mx
2025-10-10,Peru | Aciertala_Casino | 2025,4,0.28,0,0,0.0,-0.28,Outlook Web Mobile
2025-10-10,Peru | Aciertala_Casino | 2025,1,0.07,0,0,0.0,-0.07,Outlook Web Mail
2025-10-10,Peru | Aciertala_Casino | 2025,24,1.68,0,0,0.0,-1.68,Outlook Web Desktop
2025-10-10,Peru | Aciertala_Casino | 2025,1,0.07,0,0,0.0,-0.07,Outlook PC Web Inbox
2025-10-10,Peru | Aciertala_Casino | 2025,1,0.07,0,0,0.0,-0.07,Outlook Mobile Web Inbox
2025-10-10,Peru | Aciertala_Casino | 2025,3,0.21,0,0,0.0,-0.21,Outlook App Lite Android Primary
2025-10-10,Peru | Aciertala_Casino | 2025,1,0.07,0,0,0.0,-0.07,Office Monarch Inbox Primary Desktop
2025-10-10,Peru | Aciertala_Casino | 2025,20,1.4,0,0,0.0,-1.4,Office Monarch Inbox Desktop
2025-10-10,Peru | Aciertala_Casino | 2025,1,0.07,0,0,0.0,-0.07,Microsoft Outlook IOS Native Inbox
2025-10-10,Peru | Aciertala_Casino | 2025,1,0.07,0,0,0.0,-0.07,Microsoft Outlook IOS Native
2025-10-10,Peru | Aciertala_Casino | 2025,2,0.14,0,0,0.0,-0.14,Microsoft Outlook Android App
2025-10-10,Peru | Aciertala_Casino | 2025,12,0.84,0,0,0.0,-0.84,HUAWEI Browser - Android
2025-10-10,Peru | Aciertala_Casino | 2025,28,1.96,0,0,0.0,-1.96,HUAWEI Assistant∙TODAY - Android
2025-10-10,Peru | Aciertala_Casino | 2025,7,0.49,0,0,0.0,-0.49,HUAWEI AI Search - Android
2025-10-11,EC_Ecuabet_Registros_Casino,2,0.18,0,0,0.0,-0.18,wuaze.com
2025-10-11,EC_Ecuabet_Registros_Casino,2,0.135,0,0,0.0,-0.135,w3diary.com
2025-10-11,EC_Ecuabet_Registros_Casino,1,0.085,0,0,0.0,-0.085,vivaensalud.net
2025-10-11,EC_Ecuabet_Registros_Casino,4,0.138,0,0,0.0,-0.138,viralymedio.com
2025-10-11,EC_Ecuabet_Registros_Casino,4,0.096,0,0,0.0,-0.096,viralsalud.club
2025-10-11,EC_Ecuabet_Registros_Casino,1,0.08,0,0,0.0,-0.08,viralinkx.com
2025-10-11,EC_Ecuabet_Registros_Casino,2,0.048,0,0,0.0,-0.048,viraliking.com
2025-10-11,EC_Ecuabet_Registros_Casino,3,0.255,0,0,0.0,-0.255,viralesenred.com
2025-10-11,EC_Ecuabet_Registros_Casino,5,0.44,0,0,0.0,-0.44,very-amazing.com
2025-10-11,EC_Ecuabet_Registros_Casino,2,0.165,0,0,0.0,-0.165,verboruto.online
2025-10-11,EC_Ecuabet_Registros_Casino,5,0.45,0,0,0.0,-0.45,verblackclover.com
2025-10-11,EC_Ecuabet_Registros_Casino,1,0.085,0,0,0.0,-0.085,vanidades.com
2025-10-11,EC_Ecuabet_Registros_Casino,5,0.405,0,0,0.0,-0.405,uoxcom.com
2025-10-11,EC_Ecuabet_Registros_Casino,16,1.375,0,1,0.0,-1.375,unisalia.com
2025-10-11,EC_Ecuabet_Registros_Casino,1,0.09,0,0,0.0,-0.09,unepageinteressante.com
2025-10-11,EC_Ecuabet_Registros_Casino,4,0.325,0,0,0.0,-0.325,tusitioviral.com
2025-10-11,EC_Ecuabet_Registros_Casino,1,0.09,0,0,0.0,-0.09,todosobreremedios.com
2025-10-11,EC_Ecuabet_Registros_Casino,1,0.085,0,0,0.0,-0.085,todonathy.com
2025-10-11,EC_Ecuabet_Registros_Casino,4,0.315,0,0,0.0,-0.315,tipssalud.online
2025-10-11,EC_Ecuabet_Registros_Casino,1,0.075,0,0,0.0,-0.075,tickvirales.com
2025-10-11,EC_Ecuabet_Registros_Casino,1,0.09,0,0,0.0,-0.09,terra.com.mx
2025-10-11,EC_Ecuabet_Registros_Casino,1,0.08,0,0,0.0,-0.08,tejemagia.com
2025-10-11,EC_Ecuabet_Registros_Casino,1,0.09,0,0,0.0,-0.09,taybanha04.top
2025-10-11,EC_Ecuabet_Registros_Casino,7,0.6,0,0,0.0,-0.6,taybanha03.top
2025-10-11,EC_Ecuabet_Registros_Casino,3,0.24,0,0,0.0,-0.24,taybanha02.top
2025-10-11,EC_Ecuabet_Registros_Casino,2,0.18,0,0,0.0,-0.18,taybanha01.top
2025-10-11,EC_Ecuabet_Registros_Casino,1,0.085,0,0,0.0,-0.085,superlike.com
2025-10-11,EC_Ecuabet_Registros_Casino,95,3.795,0,0,0.0,-3.795,squidapp.co
2025-10-11,EC_Ecuabet_Registros_Casino,1,0.08,0,0,0.0,-0.08,spain-recipes.top
2025-10-11,EC_Ecuabet_Registros_Casino,1,0.085,0,0,0.0,-0.085,soylunatube.blogspot.com
2025-10-11,EC_Ecuabet_Registros_Casino,1,0.09,0,0,0.0,-0.09,soloparati.online
2025-10-11,EC_Ecuabet_Registros_Casino,2,0.15,0,0,0.0,-0.15,skynovels.net
2025-10-11,EC_Ecuabet_Registros_Casino,4,0.345,0,0,0.0,-0.345,sevolvioviral.online
2025-10-11,EC_Ecuabet_Registros_Casino,7,0.545,0,0,0.0,-0.545,saludnaturales.xyz
2025-10-11,EC_Ecuabet_Registros_Casino,1,0.09,0,0,0.0,-0.09,saludinfinitatop.com
2025-10-11,EC_Ecuabet_Registros_Casino,1,0.09,0,0,0.0,-0.09,saludactua.online
2025-10-11,EC_Ecuabet_Registros_Casino,10,1.105,0,0,0.0,-1.105,saludablefree.com
2025-10-11,EC_Ecuabet_Registros_Casino,2,0.165,0,0,0.0,-0.165,saboryconsejo.info
2025-10-11,EC_Ecuabet_Registros_Casino,6,0.495,0,1,0.0,-0.495,rts.com.ec
2025-10-11,EC_Ecuabet_Registros_Casino,5,0.42,0,0,0.0,-0.42,remedioscasero.info
2025-10-11,EC_Ecuabet_Registros_Casino,13,1.1,0,0,0.0,-1.1,remedionatural.xyz
2025-10-11,EC_Ecuabet_Registros_Casino,1,0.085,0,0,0.0,-0.085,remdviral.com
2025-10-11,EC_Ecuabet_Registros_Casino,1,0.08,0,0,0.0,-0.08,recipes-sp.com
2025-10-11,EC_Ecuabet_Registros_Casino,1,0.024,0,0,0.0,-0.024,recetasnatural.xyz
2025-10-11,EC_Ecuabet_Registros_Casino,1,0.09,0,0,0.0,-0.09,recetas-es.top
2025-10-11,EC_Ecuabet_Registros_Casino,2,0.16,0,0,0.0,-0.16,rdiarios.com
2025-10-11,EC_Ecuabet_Registros_Casino,7,0.615,0,0,0.0,-0.615,puravida194.blogspot.com
2025-10-11,EC_Ecuabet_Registros_Casino,1,0.085,0,0,0.0,-0.085,prensalibre.com
2025-10-11,EC_Ecuabet_Registros_Casino,1,0.085,0,0,0.0,-0.085,planetacrochet.com
2025-10-11,EC_Ecuabet_Registros_Casino,1,0.085,0,0,0.0,-0.085,olipam.com
2025-10-11,EC_Ecuabet_Registros_Casino,3,0.1075,0,0,0.0,-0.1075,olarviral.com
2025-10-11,EC_Ecuabet_Registros_Casino,12,1.01,0,0,0.0,-1.01,nutricionysaludd.com
2025-10-11,EC_Ecuabet_Registros_Casino,1,0.085,0,0,0.0,-0.085,novelasmas.com
2025-10-11,EC_Ecuabet_Registros_Casino,1,0.085,0,0,0.0,-0.085,novelas24h.com
2025-10-11,EC_Ecuabet_Registros_Casino,2,0.165,0,0,0.0,-0.165,novelaplay.com
2025-10-11,EC_Ecuabet_Registros_Casino,175,4.5075,0,1,0.0,-4.5075,noticiassalud.net
2025-10-11,EC_Ecuabet_Registros_Casino,1,0.09,0,0,0.0,-0.09,noticiasnewsleon.blogspot.com
2025-10-11,EC_Ecuabet_Registros_Casino,4,0.34,0,0,0.0,-0.34,noticiasdiariasnews.com
2025-10-11,EC_Ecuabet_Registros_Casino,53,4.33,0,0,0.0,-4.33,noticiasdehoyy.net
2025-10-11,EC_Ecuabet_Registros_Casino,2,0.042,0,0,0.0,-0.042,noticiaomg.com
2025-10-11,EC_Ecuabet_Registros_Casino,2,0.175,0,0,0.0,-0.175,noticenter.lat
2025-10-11,EC_Ecuabet_Registros_Casino,1,0.09,0,0,0.0,-0.09,newsdailymedia.com
2025-10-11,EC_Ecuabet_Registros_Casino,8,0.6,0,0,0.0,-0.6,newnoti.com
2025-10-11,EC_Ecuabet_Registros_Casino,9,0.745,0,0,0.0,-0.745,natureview.net
2025-10-11,EC_Ecuabet_Registros_Casino,1,0.027,0,0,0.0,-0.027,mundosaludable.us
2025-10-11,EC_Ecuabet_Registros_Casino,1,0.09,0,0,0.0,-0.09,mivida1ro.com
2025-10-11,EC_Ecuabet_Registros_Casino,3,0.25,0,0,0.0,-0.25,meencantaelchocolate.com
2025-10-11,EC_Ecuabet_Registros_Casino,6,0.485,0,0,0.0,-0.485,me-encantas.com
2025-10-11,EC_Ecuabet_Registros_Casino,1,0.09,0,0,0.0,-0.09,lomasrelevante.top
2025-10-11,EC_Ecuabet_Registros_Casino,6,0.53,0,0,0.0,-0.53,latinluchas.com
2025-10-11,EC_Ecuabet_Registros_Casino,1,0.09,0,0,0.0,-0.09,latinchats.net
2025-10-11,EC_Ecuabet_Registros_Casino,2,0.165,0,0,0.0,-0.165,larepublica.ec
2025-10-11,EC_Ecuabet_Registros_Casino,6,0.51,0,0,0.0,-0.51,lanoticia1ro.com
2025-10-11,EC_Ecuabet_Registros_Casino,58,4.94,0,0,0.0,-4.94,jetrapic.com
2025-10-11,EC_Ecuabet_Registros_Casino,1,0.085,0,0,0.0,-0.085,inspiracionviva.blog
2025-10-11,EC_Ecuabet_Registros_Casino,40,1.0185,0,0,0.0,-1.0185,infotime.co
2025-10-11,EC_Ecuabet_Registros_Casino,19,1.545,0,0,0.0,-1.545,informan2.us
2025-10-11,EC_Ecuabet_Registros_Casino,8,0.1935,0,0,0.0,-0.1935,hubvirales.com
2025-10-11,EC_Ecuabet_Registros_Casino,1,0.09,0,0,0.0,-0.09,heraldodemexico.com.mx
2025-10-11,EC_Ecuabet_Registros_Casino,1,0.085,0,0,0.0,-0.085,globoviral.com
2025-10-11,EC_Ecuabet_Registros_Casino,1,0.063,0,0,0.0,-0.063,fullnoticiasplus.blogspot.com
2025-10-11,EC_Ecuabet_Registros_Casino,4,0.099,0,0,0.0,-0.099,franciscosaludable.com
2025-10-11,EC_Ecuabet_Registros_Casino,10,0.84,0,0,0.0,-0.84,fotise.com
2025-10-11,EC_Ecuabet_Registros_Casino,5,0.435,0,0,0.0,-0.435,feji.io
2025-10-11,EC_Ecuabet_Registros_Casino,7,0.2725,0,0,0.0,-0.2725,fbclic.com
2025-10-11,EC_Ecuabet_Registros_Casino,4,0.105,0,0,0.0,-0.105,famososyvirales.com
2025-10-11,EC_Ecuabet_Registros_Casino,1,0.05,0,0,0.0,-0.05,expansion.mx
2025-10-11,EC_Ecuabet_Registros_Casino,1,0.085,0,0,0.0,-0.085,estatura.de
2025-10-11,EC_Ecuabet_Registros_Casino,2,0.175,0,0,0.0,-0.175,eluniversal.com
2025-10-11,EC_Ecuabet_Registros_Casino,1,0.09,0,0,0.0,-0.09,elquindiano.com
2025-10-11,EC_Ecuabet_Registros_Casino,1,0.085,0,0,0.0,-0.085,elcomercio.pe
2025-10-11,EC_Ecuabet_Registros_Casino,2,0.0495,0,0,0.0,-0.0495,ecuadornoticias.com
2025-10-11,EC_Ecuabet_Registros_Casino,2,0.16,0,0,0.0,-0.16,eacar.xyz
2025-10-11,EC_Ecuabet_Registros_Casino,1,0.09,0,0,0.0,-0.09,drbarbaraoneill1602.blogspot.com
2025-10-11,EC_Ecuabet_Registros_Casino,3,0.26,0,0,0.0,-0.26,dionisio.com.ar
2025-10-11,EC_Ecuabet_Registros_Casino,1,0.075,0,0,0.0,-0.075,detodounpocoyunpocodetodo1986.blogspot.com
2025-10-11,EC_Ecuabet_Registros_Casino,3,0.245,0,0,0.0,-0.245,decoracion-hogar.com
2025-10-11,EC_Ecuabet_Registros_Casino,4,0.102,0,0,0.0,-0.102,datosdetuinteres.com
2025-10-11,EC_Ecuabet_Registros_Casino,1,0.08,0,0,0.0,-0.08,danruilo.com
2025-10-11,EC_Ecuabet_Registros_Casino,1,0.08,0,0,0.0,-0.08,cyclesandstories.com
2025-10-11,EC_Ecuabet_Registros_Casino,1,0.085,0,0,0.0,-0.085,culturacolectiva.com
2025-10-11,EC_Ecuabet_Registros_Casino,1,0.085,0,0,0.0,-0.085,culinaryrecipes.top
2025-10-11,EC_Ecuabet_Registros_Casino,28,2.375,0,0,0.0,-2.375,cronista.com
2025-10-11,EC_Ecuabet_Registros_Casino,2,0.175,0,0,0.0,-0.175,cieloaventura.xyz
2025-10-11,EC_Ecuabet_Registros_Casino,1,0.075,0,0,0.0,-0.075,chidolatino.com
2025-10-11,EC_Ecuabet_Registros_Casino,2,0.085,0,0,0.0,-0.085,chainityai.com
2025-10-11,EC_Ecuabet_Registros_Casino,1,0.09,0,0,0.0,-0.09,bricolajeenelhogar.com
2025-10-11,EC_Ecuabet_Registros_Casino,5,0.415,0,0,0.0,-0.415,borutoanime.online
2025-10-11,EC_Ecuabet_Registros_Casino,1,0.198,0,0,0.0,-0.198,bolavip.com
2025-10-11,EC_Ecuabet_Registros_Casino,3,0.22,0,0,0.0,-0.22,bloghogar.net
2025-10-11,EC_Ecuabet_Registros_Casino,2,0.0825,0,0,0.0,-0.0825,bionotis.xyz
2025-10-11,EC_Ecuabet_Registros_Casino,16,1.92,0,0,0.0,-1.92,antena2.com
2025-10-11,EC_Ecuabet_Registros_Casino,1,0.085,0,0,0.0,-0.085,animefenix2.tv
2025-10-11,EC_Ecuabet_Registros_Casino,2,0.165,0,0,0.0,-0.165,alertastrending.online
2025-10-11,EC_Ecuabet_Registros_Casino,1,0.085,0,0,0.0,-0.085,albertonews.com
2025-10-11,EC_Ecuabet_Registros_Casino,1,0.09,0,0,0.0,-0.09,agronegocios.co
2025-10-11,EC_Ecuabet_Registros_Casino,1,0.08,0,0,0.0,-0.08,adqva.com
2025-10-11,EC_Ecuabet_Registros_Casino,5,0.287,0,0,0.0,-0.287,actualizadas.com
2025-10-11,EC_Ecuabet_Registros_Casino,1,0.075,0,0,0.0,-0.075,acentofinal.xyz
2025-10-11,EC_Ecuabet_Registros_Casino,4,0.345,0,0,0.0,-0.345,3notiactualidad.blogspot.com
2025-10-11,EC_Ecuabet_Registros_Deportivas,2,0.17,0,0,0.0,-0.17,wuaze.com
2025-10-11,EC_Ecuabet_Registros_Deportivas,7,0.295,0,0,0.0,-0.295,viralymedio.com
2025-10-11,EC_Ecuabet_Registros_Deportivas,2,0.048,0,0,0.0,-0.048,viraliking.com
2025-10-11,EC_Ecuabet_Registros_Deportivas,1,0.05,0,0,0.0,-0.05,very-amazing.com
2025-10-11,EC_Ecuabet_Registros_Deportivas,2,0.17,0,0,0.0,-0.17,verboruto.online
2025-10-11,EC_Ecuabet_Registros_Deportivas,1,0.08,0,0,0.0,-0.08,topnewstodayismy.blogspot.com
2025-10-11,EC_Ecuabet_Registros_Deportivas,2,0.17,0,0,0.0,-0.17,tipssalud.online
2025-10-11,EC_Ecuabet_Registros_Deportivas,1,0.085,0,0,0.0,-0.085,taybanha03.top
2025-10-11,EC_Ecuabet_Registros_Deportivas,2,0.16,0,0,0.0,-0.16,taybanha02.top
2025-10-11,EC_Ecuabet_Registros_Deportivas,1,0.08,0,0,0.0,-0.08,taybanha01.top
2025-10-11,EC_Ecuabet_Registros_Deportivas,11,0.88,0,0,0.0,-0.88,squidapp.co
2025-10-11,EC_Ecuabet_Registros_Deportivas,1,0.085,0,0,0.0,-0.085,spain-recipes.top
2025-10-11,EC_Ecuabet_Registros_Deportivas,1,0.08,0,0,0.0,-0.08,soloparati.online
2025-10-11,EC_Ecuabet_Registros_Deportivas,2,0.17,0,0,0.0,-0.17,saludactua.online
2025-10-11,EC_Ecuabet_Registros_Deportivas,1,0.08,0,0,0.0,-0.08,saludablefree.com
2025-10-11,EC_Ecuabet_Registros_Deportivas,1,0.08,0,0,0.0,-0.08,saboryconsejo.info
2025-10-11,EC_Ecuabet_Registros_Deportivas,3,0.245,0,0,0.0,-0.245,remedioscasero.info
2025-10-11,EC_Ecuabet_Registros_Deportivas,1,0.08,0,0,0.0,-0.08,remedionatural.xyz
2025-10-11,EC_Ecuabet_Registros_Deportivas,36,1.46,0,0,0.0,-1.46,redmas.com.co
2025-10-11,EC_Ecuabet_Registros_Deportivas,4,0.335,0,0,0.0,-0.335,recetasnatural.xyz
2025-10-11,EC_Ecuabet_Registros_Deportivas,1,0.08,0,0,0.0,-0.08,rdiarios.com
2025-10-11,EC_Ecuabet_Registros_Deportivas,1,0.085,0,0,0.0,-0.085,puravida194.blogspot.com
2025-10-11,EC_Ecuabet_Registros_Deportivas,2,0.17,0,0,0.0,-0.17,prensalibre.com
2025-10-11,EC_Ecuabet_Registros_Deportivas,1,0.05,0,0,0.0,-0.05,pinnens.com
2025-10-11,EC_Ecuabet_Registros_Deportivas,2,0.165,0,0,0.0,-0.165,olipam.com
2025-10-11,EC_Ecuabet_Registros_Deportivas,1,0.085,0,0,0.0,-0.085,nutricionysaludd.com
2025-10-11,EC_Ecuabet_Registros_Deportivas,1,0.08,0,0,0.0,-0.08,noticiasdiariasnews.com
2025-10-11,EC_Ecuabet_Registros_Deportivas,14,1.01,0,0,0.0,-1.01,noticiasdehoyy.net
2025-10-11,EC_Ecuabet_Registros_Deportivas,1,0.04,0,0,0.0,-0.04,noticiasamaris.com
2025-10-11,EC_Ecuabet_Registros_Deportivas,13,1.06,0,0,0.0,-1.06,noticiaomg.com
2025-10-11,EC_Ecuabet_Registros_Deportivas,2,0.165,0,0,0.0,-0.165,notasuperinteresantes.blogspot.com
2025-10-11,EC_Ecuabet_Registros_Deportivas,1,0.0255,0,0,0.0,-0.0255,natureview.net
2025-10-11,EC_Ecuabet_Registros_Deportivas,2,0.165,0,0,0.0,-0.165,mundosaludable.us
2025-10-11,EC_Ecuabet_Registros_Deportivas,5,0.405,0,0,0.0,-0.405,mivida1ro.com
2025-10-11,EC_Ecuabet_Registros_Deportivas,1,0.085,0,0,0.0,-0.085,milagrosasalud.com
2025-10-11,EC_Ecuabet_Registros_Deportivas,1,0.085,0,0,0.0,-0.085,mhonividente.xyz
2025-10-11,EC_Ecuabet_Registros_Deportivas,2,0.165,0,0,0.0,-0.165,me-encantas.com
2025-10-11,EC_Ecuabet_Registros_Deportivas,2,0.16,0,0,0.0,-0.16,masajesmexico.mx
2025-10-11,EC_Ecuabet_Registros_Deportivas,8,0.63,0,0,0.0,-0.63,latinluchas.com
2025-10-11,EC_Ecuabet_Registros_Deportivas,3,0.215,0,0,0.0,-0.215,latinchats.org
2025-10-11,EC_Ecuabet_Registros_Deportivas,5,0.385,0,0,0.0,-0.385,latinchats.net
2025-10-11,EC_Ecuabet_Registros_Deportivas,1,0.08,0,0,0.0,-0.08,lanoticiahoy.xyz
2025-10-11,EC_Ecuabet_Registros_Deportivas,4,0.32,0,0,0.0,-0.32,jetrapic.com
2025-10-11,EC_Ecuabet_Registros_Deportivas,32,0.798,0,0,0.0,-0.798,interesantetop.top
2025-10-11,EC_Ecuabet_Registros_Deportivas,8,0.2025,0,0,0.0,-0.2025,infotime.co
2025-10-11,EC_Ecuabet_Registros_Deportivas,7,0.59,0,0,0.0,-0.59,informan2.us
2025-10-11,EC_Ecuabet_Registros_Deportivas,9,0.745,0,0,0.0,-0.745,fullnoticiasplus.blogspot.com
2025-10-11,EC_Ecuabet_Registros_Deportivas,5,0.41,0,0,0.0,-0.41,franciscosaludable.com
2025-10-11,EC_Ecuabet_Registros_Deportivas,1,0.08,0,0,0.0,-0.08,foxnewhub.com
2025-10-11,EC_Ecuabet_Registros_Deportivas,6,0.51,0,0,0.0,-0.51,fotise.com
2025-10-11,EC_Ecuabet_Registros_Deportivas,0,0.0,0,0,0.0,0.0,flux-studio.site
2025-10-11,EC_Ecuabet_Registros_Deportivas,1,0.085,0,0,0.0,-0.085,feji.io
2025-10-11,EC_Ecuabet_Registros_Deportivas,4,0.1675,0,0,0.0,-0.1675,fbviral.com
2025-10-11,EC_Ecuabet_Registros_Deportivas,6,0.291,0,0,0.0,-0.291,famososyvirales.com
2025-10-11,EC_Ecuabet_Registros_Deportivas,1,0.085,0,0,0.0,-0.085,expansion.mx
2025-10-11,EC_Ecuabet_Registros_Deportivas,1,0.085,0,0,0.0,-0.085,eluniversal.com
2025-10-11,EC_Ecuabet_Registros_Deportivas,1,0.085,0,0,0.0,-0.085,elfarandi.com
2025-10-11,EC_Ecuabet_Registros_Deportivas,1,0.08,0,0,0.0,-0.08,elcomercio.pe
2025-10-11,EC_Ecuabet_Registros_Deportivas,3,0.24,0,0,0.0,-0.24,dionisio.com.ar
2025-10-11,EC_Ecuabet_Registros_Deportivas,2,0.16,0,0,0.0,-0.16,diariolibree.com
2025-10-11,EC_Ecuabet_Registros_Deportivas,3,0.24,0,0,0.0,-0.24,datosdetuinteres.com
2025-10-11,EC_Ecuabet_Registros_Deportivas,1,0.08,0,0,0.0,-0.08,cieloaventura.xyz
2025-10-11,EC_Ecuabet_Registros_Deportivas,1,0.08,0,0,0.0,-0.08,borutoanime.online
2025-10-11,EC_Ecuabet_Registros_Deportivas,1,0.16,0,0,0.0,-0.16,bolavip.com
2025-10-11,EC_Ecuabet_Registros_Deportivas,1,0.08,0,0,0.0,-0.08,bloghogar.net
2025-10-11,EC_Ecuabet_Registros_Deportivas,8,0.665,0,0,0.0,-0.665,bionotis.xyz
2025-10-11,EC_Ecuabet_Registros_Deportivas,3,0.24,0,0,0.0,-0.24,benefimundo.com
2025-10-11,EC_Ecuabet_Registros_Deportivas,1,0.085,0,0,0.0,-0.085,atv.pe
2025-10-11,EC_Ecuabet_Registros_Deportivas,2,0.192,0,0,0.0,-0.192,adqva.com
2025-10-11,EC_Ecuabet_Registros_Deportivas,2,0.048,0,0,0.0,-0.048,Xiaomi Browser Newsfeed
2025-10-11,Peru | Aciertala | 2025,2,0.15,0,0,0.0,-0.15,trome.com
2025-10-11,Peru | Aciertala | 2025,3,0.225,0,0,0.0,-0.225,redmas.com.co
2025-10-11,Peru | Aciertala | 2025,1,0.075,0,0,0.0,-0.075,lared.cl
2025-10-11,Peru | Aciertala | 2025,5,0.375,0,0,0.0,-0.375,larazon.pe
2025-10-11,Peru | Aciertala | 2025,1,0.075,0,0,0.0,-0.075,laprensa.hn
2025-10-11,Peru | Aciertala | 2025,0,0.0,0,0,0.0,0.0,guatevision.com
2025-10-11,Peru | Aciertala | 2025,1,0.075,0,0,0.0,-0.075,expansion.mx
2025-10-11,Peru | Aciertala | 2025,1,0.075,0,0,0.0,-0.075,elmen.pe
2025-10-11,Peru | Aciertala | 2025,8,0.6,0,0,0.0,-0.6,eleconomista.com.mx
2025-10-11,Peru | Aciertala | 2025,3,0.225,0,0,0.0,-0.225,diariocorreo.pe
2025-10-11,Peru | Aciertala | 2025,0,0.0,0,0,0.0,0.0,am.com.mx
2025-10-11,Peru | Aciertala | 2025,8,0.6,0,0,0.0,-0.6,Outlook Web Mobile
2025-10-11,Peru | Aciertala | 2025,26,1.95,0,0,0.0,-1.95,Outlook Web Desktop
2025-10-11,Peru | Aciertala | 2025,1,0.075,0,0,0.0,-0.075,Office Monarch Inbox Primary Desktop
2025-10-11,Peru | Aciertala | 2025,10,0.75,0,0,0.0,-0.75,Office Monarch Inbox Desktop
2025-10-11,Peru | Aciertala | 2025,1,0.075,0,0,0.0,-0.075,Microsoft Start iOS App
2025-10-11,Peru | Aciertala | 2025,73,5.475,0,0,0.0,-5.475,Microsoft Start Android App
2025-10-11,Peru | Aciertala | 2025,2,0.15,0,0,0.0,-0.15,Microsoft Outlook Android App
2025-10-11,Peru | Aciertala | 2025,1,0.075,0,0,0.0,-0.075,MSN Video pages
2025-10-11,Peru | Aciertala | 2025,1,0.075,0,0,0.0,-0.075,MSN New Tab Infopane
2025-10-11,Peru | Aciertala | 2025,5,0.375,0,0,0.0,-0.375,MSN In-article
2025-10-11,Peru | Aciertala | 2025,5,0.375,0,0,0.0,-0.375,MSN Gallery Interstitial
2025-10-11,Peru | Aciertala | 2025,3,0.225,0,0,0.0,-0.225,HUAWEI Browser - Android
2025-10-11,Peru | Aciertala | 2025,1,0.075,0,0,0.0,-0.075,HUAWEI Assistant∙TODAY - Android
2025-10-11,Peru | Aciertala | 2025,3,0.225,0,0,0.0,-0.225,HUAWEI AI Search - Android
2025-10-11,Peru | Aciertala_Casino | 2025,5,0.35,0,0,0.0,-0.35,trome.com
2025-10-11,Peru | Aciertala_Casino | 2025,3,0.21,0,0,0.0,-0.21,redmas.com.co
2025-10-11,Peru | Aciertala_Casino | 2025,1,0.07,0,0,0.0,-0.07,peru21.pe
2025-10-11,Peru | Aciertala_Casino | 2025,4,0.28,0,0,0.0,-0.28,lared.cl
2025-10-11,Peru | Aciertala_Casino | 2025,11,0.77,0,0,0.0,-0.77,larazon.pe
2025-10-11,Peru | Aciertala_Casino | 2025,2,0.14,0,0,0.0,-0.14,guatevision.com
2025-10-11,Peru | Aciertala_Casino | 2025,2,0.14,0,0,0.0,-0.14,elmen.pe
2025-10-11,Peru | Aciertala_Casino | 2025,2,0.14,0,0,0.0,-0.14,elle.mx
2025-10-11,Peru | Aciertala_Casino | 2025,16,1.12,0,0,0.0,-1.12,eleconomista.com.mx
2025-10-11,Peru | Aciertala_Casino | 2025,3,0.21,0,0,0.0,-0.21,diariocorreo.pe
2025-10-11,Peru | Aciertala_Casino | 2025,1,0.07,0,0,0.0,-0.07,depor.com
2025-10-11,Peru | Aciertala_Casino | 2025,0,0.0,0,0,0.0,0.0,am.com.mx
2025-10-11,Peru | Aciertala_Casino | 2025,6,0.42,0,0,0.0,-0.42,Outlook Web Mobile
2025-10-11,Peru | Aciertala_Casino | 2025,14,0.98,0,1,0.0,-0.98,Outlook Web Desktop
2025-10-11,Peru | Aciertala_Casino | 2025,2,0.14,0,0,0.0,-0.14,Outlook Mobile Web Inbox
2025-10-11,Peru | Aciertala_Casino | 2025,1,0.07,0,0,0.0,-0.07,Outlook App Inbox
2025-10-11,Peru | Aciertala_Casino | 2025,10,0.7,0,0,0.0,-0.7,Office Monarch Inbox Desktop
2025-10-11,Peru | Aciertala_Casino | 2025,1,0.07,0,0,0.0,-0.07,Microsoft Outlook IOS Native
2025-10-11,Peru | Aciertala_Casino | 2025,2,0.14,0,0,0.0,-0.14,HUAWEI Weather - Android
2025-10-11,Peru | Aciertala_Casino | 2025,9,0.63,0,0,0.0,-0.63,HUAWEI Browser - Android
2025-10-11,Peru | Aciertala_Casino | 2025,42,2.94,0,0,0.0,-2.94,HUAWEI Assistant∙TODAY - Android
2025-10-11,Peru | Aciertala_Casino | 2025,7,0.49,0,0,0.0,-0.49,HUAWEI AI Search - Android
2025-10-12,EC_Ecuabet_Registros_Casino,1,0.08,0,0,0.0,-0.08,w3diary.com
2025-10-12,EC_Ecuabet_Registros_Casino,1,0.09,0,0,0.0,-0.09,vivaensalud.net
2025-10-12,EC_Ecuabet_Registros_Casino,4,0.132,0,0,0.0,-0.132,viralymedio.com
2025-10-12,EC_Ecuabet_Registros_Casino,3,0.0705,0,0,0.0,-0.0705,viralsalud.club
2025-10-12,EC_Ecuabet_Registros_Casino,4,0.33,0,0,0.0,-0.33,viralinkx.com
2025-10-12,EC_Ecuabet_Registros_Casino,2,0.0495,0,0,0.0,-0.0495,viraliking.com
2025-10-12,EC_Ecuabet_Registros_Casino,6,0.515,0,0,0.0,-0.515,viralesenred.com
2025-10-12,EC_Ecuabet_Registros_Casino,2,0.165,0,0,0.0,-0.165,very-amazing.com
2025-10-12,EC_Ecuabet_Registros_Casino,1,0.08,0,0,0.0,-0.08,verboruto.online
2025-10-12,EC_Ecuabet_Registros_Casino,2,0.18,0,0,0.0,-0.18,verblackclover.com
2025-10-12,EC_Ecuabet_Registros_Casino,1,0.085,0,0,0.0,-0.085,vanidades.com
2025-10-12,EC_Ecuabet_Registros_Casino,1,0.075,0,0,0.0,-0.075,uoxcom.com
2025-10-12,EC_Ecuabet_Registros_Casino,7,0.555,0,0,0.0,-0.555,unisalia.com
2025-10-12,EC_Ecuabet_Registros_Casino,1,0.08,0,0,0.0,-0.08,tvn-2.com
2025-10-12,EC_Ecuabet_Registros_Casino,1,0.085,0,0,0.0,-0.085,tvc.com.ec
2025-10-12,EC_Ecuabet_Registros_Casino,4,0.35,0,0,0.0,-0.35,tusitioviral.com
2025-10-12,EC_Ecuabet_Registros_Casino,1,0.08,0,0,0.0,-0.08,tuscrucigramas.com
2025-10-12,EC_Ecuabet_Registros_Casino,1,0.085,0,0,0.0,-0.085,trome.com
2025-10-12,EC_Ecuabet_Registros_Casino,1,0.075,0,0,0.0,-0.075,tourloy.com
2025-10-12,EC_Ecuabet_Registros_Casino,2,0.17,0,0,0.0,-0.17,todosobreremedios.com
2025-10-12,EC_Ecuabet_Registros_Casino,1,0.075,0,0,0.0,-0.075,terra.com.mx
2025-10-12,EC_Ecuabet_Registros_Casino,2,0.17,0,0,0.0,-0.17,tejemagia.com
2025-10-12,EC_Ecuabet_Registros_Casino,4,0.355,0,0,0.0,-0.355,taybanha04.top
2025-10-12,EC_Ecuabet_Registros_Casino,4,0.36,0,0,0.0,-0.36,taybanha03.top
2025-10-12,EC_Ecuabet_Registros_Casino,4,0.345,0,0,0.0,-0.345,taybanha02.top
2025-10-12,EC_Ecuabet_Registros_Casino,80,3.145,0,0,0.0,-3.145,squidapp.co
2025-10-12,EC_Ecuabet_Registros_Casino,4,0.35,0,0,0.0,-0.35,soloparati.online
2025-10-12,EC_Ecuabet_Registros_Casino,1,0.085,0,0,0.0,-0.085,skynovels.net
2025-10-12,EC_Ecuabet_Registros_Casino,13,1.155,0,0,0.0,-1.155,saludnaturales.xyz
2025-10-12,EC_Ecuabet_Registros_Casino,5,0.44,0,0,0.0,-0.44,saludactua.online
2025-10-12,EC_Ecuabet_Registros_Casino,5,0.5525,0,0,0.0,-0.5525,saludablefree.com
2025-10-12,EC_Ecuabet_Registros_Casino,5,0.445,0,0,0.0,-0.445,saboryconsejo.info
2025-10-12,EC_Ecuabet_Registros_Casino,4,0.335,0,0,0.0,-0.335,rts.com.ec
2025-10-12,EC_Ecuabet_Registros_Casino,3,0.25,0,0,0.0,-0.25,remediossaludables.com
2025-10-12,EC_Ecuabet_Registros_Casino,1,0.085,0,0,0.0,-0.085,remediosmas.online
2025-10-12,EC_Ecuabet_Registros_Casino,8,0.655,0,0,0.0,-0.655,remedioscasero.info
2025-10-12,EC_Ecuabet_Registros_Casino,11,0.97,0,0,0.0,-0.97,remedionatural.xyz
2025-10-12,EC_Ecuabet_Registros_Casino,2,0.165,0,0,0.0,-0.165,recipes-sp.com
2025-10-12,EC_Ecuabet_Registros_Casino,1,0.085,0,0,0.0,-0.085,recetasenlared.com
2025-10-12,EC_Ecuabet_Registros_Casino,1,0.08,0,0,0.0,-0.08,recetas-es.top
2025-10-12,EC_Ecuabet_Registros_Casino,1,0.085,0,0,0.0,-0.085,puroscaseros.xyz
2025-10-12,EC_Ecuabet_Registros_Casino,6,0.525,0,0,0.0,-0.525,puravida194.blogspot.com
2025-10-12,EC_Ecuabet_Registros_Casino,3,0.265,0,0,0.0,-0.265,pulzo.com
2025-10-12,EC_Ecuabet_Registros_Casino,1,0.075,0,0,0.0,-0.075,playboy.com.mx
2025-10-12,EC_Ecuabet_Registros_Casino,1,0.085,0,0,0.0,-0.085,pinnens.com
2025-10-12,EC_Ecuabet_Registros_Casino,4,0.155,0,0,0.0,-0.155,olarviral.com
2025-10-12,EC_Ecuabet_Registros_Casino,10,0.81,0,0,0.0,-0.81,nutricionysaludd.com
2025-10-12,EC_Ecuabet_Registros_Casino,1,0.08,0,0,0.0,-0.08,nutricionvitae.com
2025-10-12,EC_Ecuabet_Registros_Casino,1,0.08,0,0,0.0,-0.08,novelas24h.com
2025-10-12,EC_Ecuabet_Registros_Casino,2,0.17,0,0,0.0,-0.17,novelaplay.com
2025-10-12,EC_Ecuabet_Registros_Casino,4,0.335,0,0,0.0,-0.335,notistv.com
2025-10-12,EC_Ecuabet_Registros_Casino,1,0.05,0,0,0.0,-0.05,notiiflash.com
2025-10-12,EC_Ecuabet_Registros_Casino,2,0.175,0,0,0.0,-0.175,noticlub.top
2025-10-12,EC_Ecuabet_Registros_Casino,244,6.252,0,0,0.0,-6.252,noticiassalud.net
2025-10-12,EC_Ecuabet_Registros_Casino,3,0.265,0,0,0.0,-0.265,noticiasdiariasnews.com
2025-10-12,EC_Ecuabet_Registros_Casino,1,0.09,0,0,0.0,-0.09,noticiasdeultimahoradgg.blogspot.com
2025-10-12,EC_Ecuabet_Registros_Casino,98,8.035,0,0,0.0,-8.035,noticiasdehoyy.net
2025-10-12,EC_Ecuabet_Registros_Casino,2,0.051,0,0,0.0,-0.051,noticiaomg.com
2025-10-12,EC_Ecuabet_Registros_Casino,1,0.0255,0,0,0.0,-0.0255,notasuperinteresantes.blogspot.com
2025-10-12,EC_Ecuabet_Registros_Casino,2,0.165,0,0,0.0,-0.165,newnoti.com
2025-10-12,EC_Ecuabet_Registros_Casino,13,1.07,0,1,0.0,-1.07,natureview.net
2025-10-12,EC_Ecuabet_Registros_Casino,1,0.09,0,0,0.0,-0.09,milagrosasalud.com
2025-10-12,EC_Ecuabet_Registros_Casino,4,0.1775,0,0,0.0,-0.1775,mhonividente.xyz
2025-10-12,EC_Ecuabet_Registros_Casino,1,0.08,0,0,0.0,-0.08,meencantaelchocolate.com
2025-10-12,EC_Ecuabet_Registros_Casino,6,0.46,0,0,0.0,-0.46,me-encantas.com
2025-10-12,EC_Ecuabet_Registros_Casino,1,0.08,0,0,0.0,-0.08,levelup.com
2025-10-12,EC_Ecuabet_Registros_Casino,3,0.26,0,0,0.0,-0.26,larepublica.ec
2025-10-12,EC_Ecuabet_Registros_Casino,6,0.49,0,0,0.0,-0.49,lanoticia1ro.com
2025-10-12,EC_Ecuabet_Registros_Casino,1,0.085,0,0,0.0,-0.085,labrujula24.com
2025-10-12,EC_Ecuabet_Registros_Casino,48,4.02,0,0,0.0,-4.02,jetrapic.com
2025-10-12,EC_Ecuabet_Registros_Casino,21,0.5295,0,0,0.0,-0.5295,infotime.co
2025-10-12,EC_Ecuabet_Registros_Casino,4,0.31,0,0,0.0,-0.31,informan2.us
2025-10-12,EC_Ecuabet_Registros_Casino,1,0.085,0,0,0.0,-0.085,ideasmanualidades.xyz
2025-10-12,EC_Ecuabet_Registros_Casino,2,0.051,0,0,0.0,-0.051,hubvirales.com
2025-10-12,EC_Ecuabet_Registros_Casino,1,0.063,0,0,0.0,-0.063,fullnoticiasplus.blogspot.com
2025-10-12,EC_Ecuabet_Registros_Casino,1,0.0225,0,0,0.0,-0.0225,franciscosaludable.com
2025-10-12,EC_Ecuabet_Registros_Casino,6,0.525,0,0,0.0,-0.525,fotise.com
2025-10-12,EC_Ecuabet_Registros_Casino,1,0.085,0,0,0.0,-0.085,flux-studio.site
2025-10-12,EC_Ecuabet_Registros_Casino,1,0.075,0,0,0.0,-0.075,feji.io
2025-10-12,EC_Ecuabet_Registros_Casino,3,0.0645,0,0,0.0,-0.0645,fbviral.com
2025-10-12,EC_Ecuabet_Registros_Casino,4,0.1625,0,0,0.0,-0.1625,fbclic.com
2025-10-12,EC_Ecuabet_Registros_Casino,3,0.078,0,0,0.0,-0.078,famososyvirales.com
2025-10-12,EC_Ecuabet_Registros_Casino,7,0.58,0,0,0.0,-0.58,expansion.mx
2025-10-12,EC_Ecuabet_Registros_Casino,2,0.17,0,0,0.0,-0.17,excelsior.com.mx
2025-10-12,EC_Ecuabet_Registros_Casino,1,0.09,0,0,0.0,-0.09,eluniversal.com
2025-10-12,EC_Ecuabet_Registros_Casino,4,0.325,0,0,0.0,-0.325,elrincondefafa.com
2025-10-12,EC_Ecuabet_Registros_Casino,5,0.375,0,0,0.0,-0.375,elmen.pe
2025-10-12,EC_Ecuabet_Registros_Casino,1,0.08,0,0,0.0,-0.08,eleconomista.com.mx
2025-10-12,EC_Ecuabet_Registros_Casino,3,0.265,0,0,0.0,-0.265,eacar.xyz
2025-10-12,EC_Ecuabet_Registros_Casino,4,0.36,0,0,0.0,-0.36,dionisio.com.ar
2025-10-12,EC_Ecuabet_Registros_Casino,1,0.085,0,0,0.0,-0.085,detodounpocoyunpocodetodo1986.blogspot.com
2025-10-12,EC_Ecuabet_Registros_Casino,7,0.162,0,0,0.0,-0.162,datosdetuinteres.com
2025-10-12,EC_Ecuabet_Registros_Casino,1,0.09,0,0,0.0,-0.09,culturacolectiva.com
2025-10-12,EC_Ecuabet_Registros_Casino,31,2.71,0,0,0.0,-2.71,cronista.com
2025-10-12,EC_Ecuabet_Registros_Casino,1,0.085,0,0,0.0,-0.085,cieloaventura.xyz
2025-10-12,EC_Ecuabet_Registros_Casino,3,0.125,0,0,0.0,-0.125,chainityai.com
2025-10-12,EC_Ecuabet_Registros_Casino,1,0.08,0,0,0.0,-0.08,celoscienta.com
2025-10-12,EC_Ecuabet_Registros_Casino,1,0.08,0,0,0.0,-0.08,canal26.com
2025-10-12,EC_Ecuabet_Registros_Casino,4,0.32,0,0,0.0,-0.32,borutoanime.online
2025-10-12,EC_Ecuabet_Registros_Casino,7,1.32,0,0,0.0,-1.32,bolavip.com
2025-10-12,EC_Ecuabet_Registros_Casino,1,0.09,0,0,0.0,-0.09,bloghogar.net
2025-10-12,EC_Ecuabet_Registros_Casino,3,0.11,0,0,0.0,-0.11,bionotis.xyz
2025-10-12,EC_Ecuabet_Registros_Casino,1,0.075,0,0,0.0,-0.075,bienestaravisos.net
2025-10-12,EC_Ecuabet_Registros_Casino,7,0.8775,0,0,0.0,-0.8775,antena2.com
2025-10-12,EC_Ecuabet_Registros_Casino,4,0.33,0,0,0.0,-0.33,ametalurgia.com
2025-10-12,EC_Ecuabet_Registros_Casino,1,0.09,0,0,0.0,-0.09,adqva.com
2025-10-12,EC_Ecuabet_Registros_Casino,20,1.1305,0,0,0.0,-1.1305,actualizadas.com
2025-10-12,EC_Ecuabet_Registros_Casino,2,0.16,0,0,0.0,-0.16,acentofinal.xyz
2025-10-12,EC_Ecuabet_Registros_Casino,3,0.245,0,1,0.0,-0.245,3notiactualidad.blogspot.com
2025-10-12,EC_Ecuabet_Registros_Deportivas,1,0.085,0,0,0.0,-0.085,w3diary.com
2025-10-12,EC_Ecuabet_Registros_Deportivas,2,0.165,0,0,0.0,-0.165,vivaensalud.net
2025-10-12,EC_Ecuabet_Registros_Deportivas,9,0.38,0,0,0.0,-0.38,viralymedio.com
2025-10-12,EC_Ecuabet_Registros_Deportivas,2,0.17,0,0,0.0,-0.17,viralesenred.com
2025-10-12,EC_Ecuabet_Registros_Deportivas,1,0.085,0,0,0.0,-0.085,vidaconsalud.info
2025-10-12,EC_Ecuabet_Registros_Deportivas,3,0.25,0,0,0.0,-0.25,very-amazing.com
2025-10-12,EC_Ecuabet_Registros_Deportivas,1,0.085,0,0,0.0,-0.085,verboruto.online
2025-10-12,EC_Ecuabet_Registros_Deportivas,3,0.245,0,0,0.0,-0.245,uoxcom.com
2025-10-12,EC_Ecuabet_Registros_Deportivas,1,0.05,0,0,0.0,-0.05,todonathy.com
2025-10-12,EC_Ecuabet_Registros_Deportivas,1,0.08,0,0,0.0,-0.08,tejemagia.com
2025-10-12,EC_Ecuabet_Registros_Deportivas,1,0.08,0,0,0.0,-0.08,taybanha03.top
2025-10-12,EC_Ecuabet_Registros_Deportivas,1,0.08,0,0,0.0,-0.08,taybanha01.top
2025-10-12,EC_Ecuabet_Registros_Deportivas,1,0.085,0,0,0.0,-0.085,tarjetasdebuenosdias.net
2025-10-12,EC_Ecuabet_Registros_Deportivas,23,1.84,0,0,0.0,-1.84,squidapp.co
2025-10-12,EC_Ecuabet_Registros_Deportivas,3,0.245,0,0,0.0,-0.245,soloparati.online
2025-10-12,EC_Ecuabet_Registros_Deportivas,1,0.08,0,0,0.0,-0.08,skynovels.net
2025-10-12,EC_Ecuabet_Registros_Deportivas,2,0.165,0,0,0.0,-0.165,saludremedios.site
2025-10-12,EC_Ecuabet_Registros_Deportivas,2,0.17,0,0,0.0,-0.17,saludactua.online
2025-10-12,EC_Ecuabet_Registros_Deportivas,6,0.5,0,0,0.0,-0.5,saboryconsejo.info
2025-10-12,EC_Ecuabet_Registros_Deportivas,1,0.085,0,0,0.0,-0.085,rts.com.ec
2025-10-12,EC_Ecuabet_Registros_Deportivas,2,0.16,0,0,0.0,-0.16,remediossaludables.com
2025-10-12,EC_Ecuabet_Registros_Deportivas,1,0.085,0,0,0.0,-0.085,remediosmas.online
2025-10-12,EC_Ecuabet_Registros_Deportivas,2,0.165,0,0,0.0,-0.165,remedioscasero.info
2025-10-12,EC_Ecuabet_Registros_Deportivas,2,0.17,0,0,0.0,-0.17,remedionatural.xyz
2025-10-12,EC_Ecuabet_Registros_Deportivas,18,0.7525,0,0,0.0,-0.7525,redmas.com.co
2025-10-12,EC_Ecuabet_Registros_Deportivas,1,0.08,0,0,0.0,-0.08,recipes-sp.com
2025-10-12,EC_Ecuabet_Registros_Deportivas,1,0.085,0,0,0.0,-0.085,quever.news
2025-10-12,EC_Ecuabet_Registros_Deportivas,3,0.25,0,0,0.0,-0.25,olarviral.com
2025-10-12,EC_Ecuabet_Registros_Deportivas,2,0.17,0,0,0.0,-0.17,nutricionysaludd.com
2025-10-12,EC_Ecuabet_Registros_Deportivas,1,0.08,0,0,0.0,-0.08,notiiflash.com
2025-10-12,EC_Ecuabet_Registros_Deportivas,3,0.25,0,0,0.0,-0.25,noticiasdiariasnews.com
2025-10-12,EC_Ecuabet_Registros_Deportivas,23,1.6,0,0,0.0,-1.6,noticiasdehoyy.net
2025-10-12,EC_Ecuabet_Registros_Deportivas,10,0.815,0,0,0.0,-0.815,noticiaomg.com
2025-10-12,EC_Ecuabet_Registros_Deportivas,1,0.08,0,0,0.0,-0.08,notasuperinteresantes.blogspot.com
2025-10-12,EC_Ecuabet_Registros_Deportivas,3,0.245,0,0,0.0,-0.245,mundosaludable.us
2025-10-12,EC_Ecuabet_Registros_Deportivas,4,0.33,0,0,0.0,-0.33,me-encantas.com
2025-10-12,EC_Ecuabet_Registros_Deportivas,1,0.05,0,0,0.0,-0.05,latinluchas.com
2025-10-12,EC_Ecuabet_Registros_Deportivas,10,0.735,0,0,0.0,-0.735,latinchats.org
2025-10-12,EC_Ecuabet_Registros_Deportivas,3,0.25,0,0,0.0,-0.25,latinchats.net
2025-10-12,EC_Ecuabet_Registros_Deportivas,5,0.4,0,0,0.0,-0.4,jetrapic.com
2025-10-12,EC_Ecuabet_Registros_Deportivas,26,0.6405,0,0,0.0,-0.6405,interesantetop.top
2025-10-12,EC_Ecuabet_Registros_Deportivas,38,0.954,0,0,0.0,-0.954,infotime.co
2025-10-12,EC_Ecuabet_Registros_Deportivas,4,0.33,0,0,0.0,-0.33,informan2.us
2025-10-12,EC_Ecuabet_Registros_Deportivas,18,1.465,0,0,0.0,-1.465,fullnoticiasplus.blogspot.com
2025-10-12,EC_Ecuabet_Registros_Deportivas,2,0.17,0,0,0.0,-0.17,franciscosaludable.com
2025-10-12,EC_Ecuabet_Registros_Deportivas,4,0.34,0,0,0.0,-0.34,fotise.com
2025-10-12,EC_Ecuabet_Registros_Deportivas,5,0.4,0,0,0.0,-0.4,flux-studio.site
2025-10-12,EC_Ecuabet_Registros_Deportivas,5,0.21,0,0,0.0,-0.21,fbviral.com
2025-10-12,EC_Ecuabet_Registros_Deportivas,17,0.831,0,0,0.0,-0.831,famososyvirales.com
2025-10-12,EC_Ecuabet_Registros_Deportivas,1,0.085,0,0,0.0,-0.085,elmen.pe
2025-10-12,EC_Ecuabet_Registros_Deportivas,1,0.08,0,0,0.0,-0.08,elfarandi.com
2025-10-12,EC_Ecuabet_Registros_Deportivas,1,0.085,0,0,0.0,-0.085,elespectador.com
2025-10-12,EC_Ecuabet_Registros_Deportivas,1,0.08,0,0,0.0,-0.08,ecuadornoticias.com
2025-10-12,EC_Ecuabet_Registros_Deportivas,1,0.08,0,0,0.0,-0.08,datosdetuinteres.com
2025-10-12,EC_Ecuabet_Registros_Deportivas,1,0.085,0,0,0.0,-0.085,daiminoticiasfull.online
2025-10-12,EC_Ecuabet_Registros_Deportivas,3,0.18,0,0,0.0,-0.18,chainityai.com
2025-10-12,EC_Ecuabet_Registros_Deportivas,1,0.08,0,0,0.0,-0.08,celoscienta.com
2025-10-12,EC_Ecuabet_Registros_Deportivas,2,0.16,0,0,0.0,-0.16,borutoanime.online
2025-10-12,EC_Ecuabet_Registros_Deportivas,1,0.16,0,0,0.0,-0.16,bolavip.com
2025-10-12,EC_Ecuabet_Registros_Deportivas,1,0.085,0,0,0.0,-0.085,bitlyanews.com
2025-10-12,EC_Ecuabet_Registros_Deportivas,14,1.16,0,0,0.0,-1.16,bionotis.xyz
2025-10-12,EC_Ecuabet_Registros_Deportivas,2,0.17,0,0,0.0,-0.17,bienestaravisos.net
2025-10-12,EC_Ecuabet_Registros_Deportivas,1,0.08,0,0,0.0,-0.08,animeuno.com
2025-10-12,EC_Ecuabet_Registros_Deportivas,2,0.08,0,0,0.0,-0.08,actualizadas.com
2025-10-12,EC_Ecuabet_Registros_Deportivas,4,0.096,0,0,0.0,-0.096,Xiaomi Browser Newsfeed
2025-10-12,Peru | Aciertala | 2025,9,0.675,0,0,0.0,-0.675,trome.com
2025-10-12,Peru | Aciertala | 2025,1,0.075,0,0,0.0,-0.075,terra.com.mx
2025-10-12,Peru | Aciertala | 2025,1,0.075,0,0,0.0,-0.075,ojo.pe
2025-10-12,Peru | Aciertala | 2025,1,0.075,0,0,0.0,-0.075,lared.cl
2025-10-12,Peru | Aciertala | 2025,7,0.525,0,0,0.0,-0.525,larazon.pe
2025-10-12,Peru | Aciertala | 2025,3,0.225,0,0,0.0,-0.225,guatevision.com
2025-10-12,Peru | Aciertala | 2025,2,0.15,0,0,0.0,-0.15,expansion.mx
2025-10-12,Peru | Aciertala | 2025,18,1.35,0,0,0.0,-1.35,elmen.pe
2025-10-12,Peru | Aciertala | 2025,7,0.525,0,0,0.0,-0.525,eleconomista.com.mx
2025-10-12,Peru | Aciertala | 2025,4,0.3,0,0,0.0,-0.3,diariocorreo.pe
2025-10-12,Peru | Aciertala | 2025,0,0.0,0,0,0.0,0.0,am.com.mx
2025-10-12,Peru | Aciertala | 2025,7,0.525,0,0,0.0,-0.525,Outlook Web Mobile
2025-10-12,Peru | Aciertala | 2025,2,0.15,0,0,0.0,-0.15,Outlook Web Mail
2025-10-12,Peru | Aciertala | 2025,10,0.75,0,0,0.0,-0.75,Outlook Web Desktop
2025-10-12,Peru | Aciertala | 2025,1,0.075,0,0,0.0,-0.075,Outlook Mobile Web Inbox
2025-10-12,Peru | Aciertala | 2025,7,0.525,0,0,0.0,-0.525,Office Monarch Inbox Desktop
2025-10-12,Peru | Aciertala | 2025,1,0.075,0,0,0.0,-0.075,Microsoft Start iOS App
2025-10-12,Peru | Aciertala | 2025,62,4.65,0,0,0.0,-4.65,Microsoft Start Android App
2025-10-12,Peru | Aciertala | 2025,4,0.3,0,0,0.0,-0.3,Microsoft Outlook Android App
2025-10-12,Peru | Aciertala | 2025,1,0.075,0,0,0.0,-0.075,MSN New Tab River Cards
2025-10-12,Peru | Aciertala | 2025,4,0.3,0,0,0.0,-0.3,MSN In-article
2025-10-12,Peru | Aciertala | 2025,3,0.225,0,0,0.0,-0.225,MSN Homepage River Cards
2025-10-12,Peru | Aciertala | 2025,3,0.225,0,0,0.0,-0.225,MSN Gallery Interstitial
2025-10-12,Peru | Aciertala | 2025,1,0.075,0,0,0.0,-0.075,MSN Article pages River Cards
2025-10-12,Peru | Aciertala | 2025,2,0.15,0,0,0.0,-0.15,HUAWEI Assistant∙TODAY - Android
2025-10-12,Peru | Aciertala | 2025,1,0.075,0,0,0.0,-0.075,HUAWEI AI Search - Android
2025-10-12,Peru | Aciertala_Casino | 2025,2,0.14,0,0,0.0,-0.14,terra.com.mx
2025-10-12,Peru | Aciertala_Casino | 2025,4,0.28,0,0,0.0,-0.28,redmas.com.co
2025-10-12,Peru | Aciertala_Casino | 2025,0,0.0,0,0,0.0,0.0,prensalibre.com
2025-10-12,Peru | Aciertala_Casino | 2025,1,0.07,0,0,0.0,-0.07,lared.cl
2025-10-12,Peru | Aciertala_Casino | 2025,19,1.33,0,0,0.0,-1.33,larazon.pe
2025-10-12,Peru | Aciertala_Casino | 2025,4,0.28,0,0,0.0,-0.28,guatevision.com
2025-10-12,Peru | Aciertala_Casino | 2025,24,1.68,0,0,0.0,-1.68,elmen.pe
2025-10-12,Peru | Aciertala_Casino | 2025,2,0.14,0,0,0.0,-0.14,elle.mx
2025-10-12,Peru | Aciertala_Casino | 2025,15,1.05,0,0,0.0,-1.05,eleconomista.com.mx
2025-10-12,Peru | Aciertala_Casino | 2025,3,0.21,0,0,0.0,-0.21,diariocorreo.pe
2025-10-12,Peru | Aciertala_Casino | 2025,3,0.21,0,0,0.0,-0.21,depor.com
2025-10-12,Peru | Aciertala_Casino | 2025,0,0.0,0,0,0.0,0.0,am.com.mx
2025-10-12,Peru | Aciertala_Casino | 2025,3,0.21,0,0,0.0,-0.21,Outlook Web Desktop
2025-10-12,Peru | Aciertala_Casino | 2025,1,0.07,0,0,0.0,-0.07,Outlook Mobile Web Inbox
2025-10-12,Peru | Aciertala_Casino | 2025,1,0.07,0,0,0.0,-0.07,Office Monarch Inbox Primary Desktop
2025-10-12,Peru | Aciertala_Casino | 2025,3,0.21,0,0,0.0,-0.21,Office Monarch Inbox Desktop
2025-10-12,Peru | Aciertala_Casino | 2025,10,0.7,0,0,0.0,-0.7,HUAWEI Browser - Android
2025-10-12,Peru | Aciertala_Casino | 2025,36,2.52,0,0,0.0,-2.52,HUAWEI Assistant∙TODAY - Android
2025-10-12,Peru | Aciertala_Casino | 2025,12,0.84,0,0,0.0,-0.84,HUAWEI AI Search - Android
2025-10-13,EC_Ecuabet_Registros_Casino,1,0.085,0,0,0.0,-0.085,wuaze.com
2025-10-13,EC_Ecuabet_Registros_Casino,4,0.34,0,0,0.0,-0.34,w3diary.com
2025-10-13,EC_Ecuabet_Registros_Casino,1,0.08,0,0,0.0,-0.08,vivaensalud.net
2025-10-13,EC_Ecuabet_Registros_Casino,7,0.228,0,0,0.0,-0.228,viralymedio.com
2025-10-13,EC_Ecuabet_Registros_Casino,1,0.085,0,0,0.0,-0.085,viralsalud.com
2025-10-13,EC_Ecuabet_Registros_Casino,6,0.1395,0,0,0.0,-0.1395,viralsalud.club
2025-10-13,EC_Ecuabet_Registros_Casino,16,1.34,0,0,0.0,-1.34,viralinkx.com
2025-10-13,EC_Ecuabet_Registros_Casino,2,0.051,0,0,0.0,-0.051,viraliking.com
2025-10-13,EC_Ecuabet_Registros_Casino,3,0.26,0,0,0.0,-0.26,viralesenred.com
2025-10-13,EC_Ecuabet_Registros_Casino,8,0.695,0,0,0.0,-0.695,very-amazing.com
2025-10-13,EC_Ecuabet_Registros_Casino,1,0.09,0,0,0.0,-0.09,verblackclover.com
2025-10-13,EC_Ecuabet_Registros_Casino,2,0.16,0,0,0.0,-0.16,uoxcom.com
2025-10-13,EC_Ecuabet_Registros_Casino,5,0.35,0,0,0.0,-0.35,unisalia.com
2025-10-13,EC_Ecuabet_Registros_Casino,1,0.08,0,0,0.0,-0.08,ultimashoras.com
2025-10-13,EC_Ecuabet_Registros_Casino,1,0.05,0,0,0.0,-0.05,tvn-2.com
2025-10-13,EC_Ecuabet_Registros_Casino,3,0.25,0,0,0.0,-0.25,tvc.com.ec
2025-10-13,EC_Ecuabet_Registros_Casino,9,0.77,0,0,0.0,-0.77,tusitioviral.com
2025-10-13,EC_Ecuabet_Registros_Casino,1,0.08,0,0,0.0,-0.08,todosobreremedios.com
2025-10-13,EC_Ecuabet_Registros_Casino,2,0.18,0,0,0.0,-0.18,terra.com.mx
2025-10-13,EC_Ecuabet_Registros_Casino,1,0.08,0,0,0.0,-0.08,telemedellin.tv
2025-10-13,EC_Ecuabet_Registros_Casino,1,0.09,0,0,0.0,-0.09,taybanha04.top
2025-10-13,EC_Ecuabet_Registros_Casino,3,0.27,0,0,0.0,-0.27,taybanha03.top
2025-10-13,EC_Ecuabet_Registros_Casino,5,0.41,0,0,0.0,-0.41,taybanha02.top
2025-10-13,EC_Ecuabet_Registros_Casino,1,0.085,0,0,0.0,-0.085,taybanha01.top
2025-10-13,EC_Ecuabet_Registros_Casino,1,0.09,0,0,0.0,-0.09,superstaruknew.blogspot.com
2025-10-13,EC_Ecuabet_Registros_Casino,5,0.205,0,0,0.0,-0.205,squidapp.co
2025-10-13,EC_Ecuabet_Registros_Casino,5,0.445,0,0,0.0,-0.445,soloparati.online
2025-10-13,EC_Ecuabet_Registros_Casino,1,0.075,0,0,0.0,-0.075,skynovels.net
2025-10-13,EC_Ecuabet_Registros_Casino,2,0.17,0,1,0.0,-0.17,semanadeempleos.com
2025-10-13,EC_Ecuabet_Registros_Casino,6,0.53,0,0,0.0,-0.53,saludnaturales.xyz
2025-10-13,EC_Ecuabet_Registros_Casino,4,0.325,0,0,0.0,-0.325,saludactua.online
2025-10-13,EC_Ecuabet_Registros_Casino,9,1.0335,0,0,0.0,-1.0335,saludablefree.com
2025-10-13,EC_Ecuabet_Registros_Casino,1,0.085,0,0,0.0,-0.085,saboryconsejo.info
2025-10-13,EC_Ecuabet_Registros_Casino,22,1.87,0,1,0.0,-1.87,rts.com.ec
2025-10-13,EC_Ecuabet_Registros_Casino,1,0.075,0,0,0.0,-0.075,remediossaludables.com
2025-10-13,EC_Ecuabet_Registros_Casino,2,0.175,0,0,0.0,-0.175,remedioscasero.info
2025-10-13,EC_Ecuabet_Registros_Casino,6,0.53,0,0,0.0,-0.53,remedionatural.xyz
2025-10-13,EC_Ecuabet_Registros_Casino,1,0.08,0,0,0.0,-0.08,recetasdulces.org
2025-10-13,EC_Ecuabet_Registros_Casino,1,0.08,0,0,0.0,-0.08,recetas-es.top
2025-10-13,EC_Ecuabet_Registros_Casino,1,0.075,0,0,0.0,-0.075,quien.com
2025-10-13,EC_Ecuabet_Registros_Casino,1,0.09,0,0,0.0,-0.09,puroscaseros.xyz
2025-10-13,EC_Ecuabet_Registros_Casino,5,0.44,0,0,0.0,-0.44,puravida194.blogspot.com
2025-10-13,EC_Ecuabet_Registros_Casino,2,0.175,0,0,0.0,-0.175,pulzo.com
2025-10-13,EC_Ecuabet_Registros_Casino,1,0.085,0,0,0.0,-0.085,playboy.com.mx
2025-10-13,EC_Ecuabet_Registros_Casino,1,0.09,0,0,0.0,-0.09,pinnens.com
2025-10-13,EC_Ecuabet_Registros_Casino,3,0.24,0,0,0.0,-0.24,papertoday24.com
2025-10-13,EC_Ecuabet_Registros_Casino,1,0.09,0,0,0.0,-0.09,openiu.com
2025-10-13,EC_Ecuabet_Registros_Casino,1,0.08,0,0,0.0,-0.08,olipam.com
2025-10-13,EC_Ecuabet_Registros_Casino,7,0.265,0,0,0.0,-0.265,olarviral.com
2025-10-13,EC_Ecuabet_Registros_Casino,15,1.19,0,0,0.0,-1.19,nutricionysaludd.com
2025-10-13,EC_Ecuabet_Registros_Casino,3,0.255,0,0,0.0,-0.255,novelasmas.com
2025-10-13,EC_Ecuabet_Registros_Casino,3,0.265,0,0,0.0,-0.265,novelas24h.com
2025-10-13,EC_Ecuabet_Registros_Casino,5,0.42,0,0,0.0,-0.42,novelaplay.com
2025-10-13,EC_Ecuabet_Registros_Casino,1,0.075,0,0,0.0,-0.075,notistv.com
2025-10-13,EC_Ecuabet_Registros_Casino,2,0.0625,0,0,0.0,-0.0625,notisdiarias.com
2025-10-13,EC_Ecuabet_Registros_Casino,2,0.175,0,0,0.0,-0.175,notiiflash.com
2025-10-13,EC_Ecuabet_Registros_Casino,2,0.165,0,0,0.0,-0.165,notidiaria.com
2025-10-13,EC_Ecuabet_Registros_Casino,2,0.17,0,0,0.0,-0.17,noticlub.top
2025-10-13,EC_Ecuabet_Registros_Casino,227,5.706,0,2,0.0,-5.706,noticiassalud.net
2025-10-13,EC_Ecuabet_Registros_Casino,1,0.075,0,0,0.0,-0.075,noticiasrcn.com
2025-10-13,EC_Ecuabet_Registros_Casino,9,0.735,0,0,0.0,-0.735,noticiasdiariasnews.com
2025-10-13,EC_Ecuabet_Registros_Casino,26,2.19,0,0,0.0,-2.19,noticiasdehoyy.net
2025-10-13,EC_Ecuabet_Registros_Casino,3,0.075,0,0,0.0,-0.075,noticiaomg.com
2025-10-13,EC_Ecuabet_Registros_Casino,1,0.09,0,0,0.0,-0.09,noticiaalminuto.com
2025-10-13,EC_Ecuabet_Registros_Casino,1,0.024,0,0,0.0,-0.024,notasuperinteresantes.blogspot.com
2025-10-13,EC_Ecuabet_Registros_Casino,3,0.225,0,0,0.0,-0.225,newnoti.com
2025-10-13,EC_Ecuabet_Registros_Casino,14,1.145,0,0,0.0,-1.145,natureview.net
2025-10-13,EC_Ecuabet_Registros_Casino,1,0.027,0,0,0.0,-0.027,mundosaludable.us
2025-10-13,EC_Ecuabet_Registros_Casino,1,0.085,0,0,0.0,-0.085,monoschino2.com
2025-10-13,EC_Ecuabet_Registros_Casino,2,0.165,0,0,0.0,-0.165,mitrucoscaseros.com
2025-10-13,EC_Ecuabet_Registros_Casino,3,0.26,0,0,0.0,-0.26,milagrosasalud.com
2025-10-13,EC_Ecuabet_Registros_Casino,2,0.165,0,0,0.0,-0.165,meencantaelchocolate.com
2025-10-13,EC_Ecuabet_Registros_Casino,1,0.085,0,0,0.0,-0.085,me-encantas.com
2025-10-13,EC_Ecuabet_Registros_Casino,1,0.075,0,0,0.0,-0.075,marthadebayle.com
2025-10-13,EC_Ecuabet_Registros_Casino,1,0.09,0,0,0.0,-0.09,latinluchas.com
2025-10-13,EC_Ecuabet_Registros_Casino,2,0.135,0,0,0.0,-0.135,larepublica.ec
2025-10-13,EC_Ecuabet_Registros_Casino,1,0.075,0,0,0.0,-0.075,lanoticia1ro.com
2025-10-13,EC_Ecuabet_Registros_Casino,1,0.085,0,0,0.0,-0.085,lamega.com.co
2025-10-13,EC_Ecuabet_Registros_Casino,2,0.155,0,0,0.0,-0.155,lafm.com.co
2025-10-13,EC_Ecuabet_Registros_Casino,1,0.085,0,0,0.0,-0.085,juegosfriv-2020.com
2025-10-13,EC_Ecuabet_Registros_Casino,1,0.09,0,0,0.0,-0.09,jubna.com
2025-10-13,EC_Ecuabet_Registros_Casino,29,2.53,0,0,0.0,-2.53,jetrapic.com
2025-10-13,EC_Ecuabet_Registros_Casino,31,0.789,0,0,0.0,-0.789,infotime.co
2025-10-13,EC_Ecuabet_Registros_Casino,5,0.375,0,0,0.0,-0.375,informan2.us
2025-10-13,EC_Ecuabet_Registros_Casino,1,0.05,0,0,0.0,-0.05,imagenesdemonosdeluto.com
2025-10-13,EC_Ecuabet_Registros_Casino,2,0.048,0,0,0.0,-0.048,hubvirales.com
2025-10-13,EC_Ecuabet_Registros_Casino,1,0.0225,0,0,0.0,-0.0225,franciscosaludable.com
2025-10-13,EC_Ecuabet_Registros_Casino,1,0.085,0,0,0.0,-0.085,fotise.com
2025-10-13,EC_Ecuabet_Registros_Casino,1,0.09,0,0,0.0,-0.09,feji.io
2025-10-13,EC_Ecuabet_Registros_Casino,2,0.0525,0,0,0.0,-0.0525,fbviral.com
2025-10-13,EC_Ecuabet_Registros_Casino,4,0.155,0,0,0.0,-0.155,fbclic.com
2025-10-13,EC_Ecuabet_Registros_Casino,2,0.17,0,0,0.0,-0.17,expansion.mx
2025-10-13,EC_Ecuabet_Registros_Casino,3,0.245,0,0,0.0,-0.245,enteratenoticiasda.blogspot.com
2025-10-13,EC_Ecuabet_Registros_Casino,9,0.795,0,0,0.0,-0.795,elrincondefafa.com
2025-10-13,EC_Ecuabet_Registros_Casino,1,0.09,0,0,0.0,-0.09,elnacional.com
2025-10-13,EC_Ecuabet_Registros_Casino,2,0.17,0,0,0.0,-0.17,elmen.pe
2025-10-13,EC_Ecuabet_Registros_Casino,1,0.075,0,0,0.0,-0.075,elle.mx
2025-10-13,EC_Ecuabet_Registros_Casino,1,0.09,0,0,0.0,-0.09,elfarandi.com
2025-10-13,EC_Ecuabet_Registros_Casino,1,0.085,0,0,0.0,-0.085,elcomercio.pe
2025-10-13,EC_Ecuabet_Registros_Casino,1,0.027,0,0,0.0,-0.027,ecuadornoticias.com
2025-10-13,EC_Ecuabet_Registros_Casino,1,0.075,0,0,0.0,-0.075,eacar.xyz
2025-10-13,EC_Ecuabet_Registros_Casino,1,0.08,0,0,0.0,-0.08,drbarbaraoneill1602.blogspot.com
2025-10-13,EC_Ecuabet_Registros_Casino,1,0.09,0,0,0.0,-0.09,dionisio.com.ar
2025-10-13,EC_Ecuabet_Registros_Casino,1,0.085,0,0,0.0,-0.085,diariolibree.com
2025-10-13,EC_Ecuabet_Registros_Casino,2,0.16,0,0,0.0,-0.16,detodounpocoyunpocodetodo1986.blogspot.com
2025-10-13,EC_Ecuabet_Registros_Casino,5,0.129,0,0,0.0,-0.129,datosdetuinteres.com
2025-10-13,EC_Ecuabet_Registros_Casino,2,0.17,0,1,0.0,-0.17,culturacolectiva.com
2025-10-13,EC_Ecuabet_Registros_Casino,34,2.925,0,0,0.0,-2.925,cronista.com
2025-10-13,EC_Ecuabet_Registros_Casino,3,0.125,0,0,0.0,-0.125,chainityai.com
2025-10-13,EC_Ecuabet_Registros_Casino,1,0.09,0,0,0.0,-0.09,canal26.com
2025-10-13,EC_Ecuabet_Registros_Casino,1,0.085,0,0,0.0,-0.085,borutoanime.online
2025-10-13,EC_Ecuabet_Registros_Casino,3,0.572,0,0,0.0,-0.572,bolavip.com
2025-10-13,EC_Ecuabet_Registros_Casino,1,0.09,0,0,0.0,-0.09,bloghogar.net
2025-10-13,EC_Ecuabet_Registros_Casino,8,0.335,0,0,0.0,-0.335,bionotis.xyz
2025-10-13,EC_Ecuabet_Registros_Casino,1,0.085,0,0,0.0,-0.085,bienvenidoalhogar3.com
2025-10-13,EC_Ecuabet_Registros_Casino,3,0.375,0,0,0.0,-0.375,antena2.com
2025-10-13,EC_Ecuabet_Registros_Casino,1,0.08,0,0,0.0,-0.08,animefenix2.tv
2025-10-13,EC_Ecuabet_Registros_Casino,1,0.09,0,0,0.0,-0.09,albertonews.com
2025-10-13,EC_Ecuabet_Registros_Casino,1,0.08,0,0,0.0,-0.08,adqva.com
2025-10-13,EC_Ecuabet_Registros_Casino,13,0.749,0,0,0.0,-0.749,actualizadas.com
2025-10-13,EC_Ecuabet_Registros_Casino,72,5.37,0,0,0.0,-5.37,Xiaomi Opera Browser Newsfeed
2025-10-13,EC_Ecuabet_Registros_Deportivas,1,0.085,0,0,0.0,-0.085,w3diary.com
2025-10-13,EC_Ecuabet_Registros_Deportivas,5,0.205,0,0,0.0,-0.205,viralymedio.com
2025-10-13,EC_Ecuabet_Registros_Deportivas,1,0.08,0,0,0.0,-0.08,viralinkx.com
2025-10-13,EC_Ecuabet_Registros_Deportivas,1,0.024,0,0,0.0,-0.024,viraliking.com
2025-10-13,EC_Ecuabet_Registros_Deportivas,4,0.335,0,0,0.0,-0.335,very-amazing.com
2025-10-13,EC_Ecuabet_Registros_Deportivas,1,0.08,0,0,0.0,-0.08,verboruto.online
2025-10-13,EC_Ecuabet_Registros_Deportivas,1,0.085,0,0,0.0,-0.085,tuscrucigramas.com
2025-10-13,EC_Ecuabet_Registros_Deportivas,1,0.085,0,0,0.0,-0.085,todosobreremedios.com
2025-10-13,EC_Ecuabet_Registros_Deportivas,2,0.17,0,0,0.0,-0.17,tipssalud.online
2025-10-13,EC_Ecuabet_Registros_Deportivas,1,0.08,0,0,0.0,-0.08,terra.com.mx
2025-10-13,EC_Ecuabet_Registros_Deportivas,1,0.085,0,0,0.0,-0.085,taybanha03.top
2025-10-13,EC_Ecuabet_Registros_Deportivas,1,0.085,0,0,0.0,-0.085,taybanha01.top
2025-10-13,EC_Ecuabet_Registros_Deportivas,1,0.08,0,0,0.0,-0.08,squidapp.co
2025-10-13,EC_Ecuabet_Registros_Deportivas,2,0.17,0,0,0.0,-0.17,soloparati.online
2025-10-13,EC_Ecuabet_Registros_Deportivas,0,0.0,0,0,0.0,0.0,saludremedios.site
2025-10-13,EC_Ecuabet_Registros_Deportivas,1,0.085,0,0,0.0,-0.085,saludactua.online
2025-10-13,EC_Ecuabet_Registros_Deportivas,3,0.24,0,0,0.0,-0.24,saboryconsejo.info
2025-10-13,EC_Ecuabet_Registros_Deportivas,2,0.17,0,0,0.0,-0.17,rts.com.ec
2025-10-13,EC_Ecuabet_Registros_Deportivas,1,0.085,0,0,0.0,-0.085,remedioscasero.info
2025-10-13,EC_Ecuabet_Registros_Deportivas,3,0.245,0,0,0.0,-0.245,remedionatural.xyz
2025-10-13,EC_Ecuabet_Registros_Deportivas,33,1.3425,0,0,0.0,-1.3425,redmas.com.co
2025-10-13,EC_Ecuabet_Registros_Deportivas,1,0.08,0,0,0.0,-0.08,recetasnatural.xyz
2025-10-13,EC_Ecuabet_Registros_Deportivas,1,0.08,0,0,0.0,-0.08,puroscaseros.xyz
2025-10-13,EC_Ecuabet_Registros_Deportivas,1,0.08,0,0,0.0,-0.08,puravida194.blogspot.com
2025-10-13,EC_Ecuabet_Registros_Deportivas,2,0.16,0,0,0.0,-0.16,olarviral.com
2025-10-13,EC_Ecuabet_Registros_Deportivas,1,0.085,0,0,0.0,-0.085,nutricionysaludd.com
2025-10-13,EC_Ecuabet_Registros_Deportivas,1,0.085,0,0,0.0,-0.085,novelasmas.com
2025-10-13,EC_Ecuabet_Registros_Deportivas,5,0.375,0,0,0.0,-0.375,notisdiarias.com
2025-10-13,EC_Ecuabet_Registros_Deportivas,1,0.08,0,0,0.0,-0.08,noticlub.top
2025-10-13,EC_Ecuabet_Registros_Deportivas,8,0.6,0,0,0.0,-0.6,noticiasdehoyy.net
2025-10-13,EC_Ecuabet_Registros_Deportivas,7,0.2825,0,0,0.0,-0.2825,noticiasamaris.com
2025-10-13,EC_Ecuabet_Registros_Deportivas,10,0.82,0,0,0.0,-0.82,noticiaomg.com
2025-10-13,EC_Ecuabet_Registros_Deportivas,1,0.08,0,0,0.0,-0.08,milagrosasalud.com
2025-10-13,EC_Ecuabet_Registros_Deportivas,3,0.245,0,0,0.0,-0.245,mhonividente.xyz
2025-10-13,EC_Ecuabet_Registros_Deportivas,1,0.05,0,0,0.0,-0.05,meencantaelchocolate.com
2025-10-13,EC_Ecuabet_Registros_Deportivas,1,0.085,0,0,0.0,-0.085,losmocanos.com
2025-10-13,EC_Ecuabet_Registros_Deportivas,2,0.17,0,0,0.0,-0.17,latinchats.org
2025-10-13,EC_Ecuabet_Registros_Deportivas,6,0.39,0,0,0.0,-0.39,latinchats.net
2025-10-13,EC_Ecuabet_Registros_Deportivas,1,0.08,0,0,0.0,-0.08,jetrapic.com
2025-10-13,EC_Ecuabet_Registros_Deportivas,29,0.723,0,0,0.0,-0.723,interesantetop.top
2025-10-13,EC_Ecuabet_Registros_Deportivas,23,0.5775,0,0,0.0,-0.5775,infotime.co
2025-10-13,EC_Ecuabet_Registros_Deportivas,4,0.34,0,0,0.0,-0.34,informan2.us
2025-10-13,EC_Ecuabet_Registros_Deportivas,2,0.165,0,0,0.0,-0.165,franciscosaludable.com
2025-10-13,EC_Ecuabet_Registros_Deportivas,5,0.385,0,0,0.0,-0.385,fotise.com
2025-10-13,EC_Ecuabet_Registros_Deportivas,1,0.08,0,0,0.0,-0.08,flux-studio.site
2025-10-13,EC_Ecuabet_Registros_Deportivas,9,0.375,0,0,0.0,-0.375,fbviral.com
2025-10-13,EC_Ecuabet_Registros_Deportivas,6,0.291,0,0,0.0,-0.291,famososyvirales.com
2025-10-13,EC_Ecuabet_Registros_Deportivas,2,0.17,0,0,0.0,-0.17,elrincondefafa.com
2025-10-13,EC_Ecuabet_Registros_Deportivas,2,0.17,0,0,0.0,-0.17,elmen.pe
2025-10-13,EC_Ecuabet_Registros_Deportivas,1,0.08,0,0,0.0,-0.08,elcomercio.pe
2025-10-13,EC_Ecuabet_Registros_Deportivas,1,0.08,0,0,0.0,-0.08,eacar.xyz
2025-10-13,EC_Ecuabet_Registros_Deportivas,1,0.085,0,0,0.0,-0.085,dionisio.com.ar
2025-10-13,EC_Ecuabet_Registros_Deportivas,1,0.085,0,0,0.0,-0.085,diez.hn
2025-10-13,EC_Ecuabet_Registros_Deportivas,1,0.08,0,0,0.0,-0.08,diarionatural.life
2025-10-13,EC_Ecuabet_Registros_Deportivas,3,0.24,0,0,0.0,-0.24,datosdetuinteres.com
2025-10-13,EC_Ecuabet_Registros_Deportivas,1,0.08,0,0,0.0,-0.08,chainityai.com
2025-10-13,EC_Ecuabet_Registros_Deportivas,1,0.17,0,0,0.0,-0.17,bolavip.com
2025-10-13,EC_Ecuabet_Registros_Deportivas,1,0.085,0,0,0.0,-0.085,bitlysdowssl-aws.com
2025-10-13,EC_Ecuabet_Registros_Deportivas,9,0.745,0,0,0.0,-0.745,bionotis.xyz
2025-10-13,EC_Ecuabet_Registros_Deportivas,1,0.08,0,0,0.0,-0.08,bienvenidoalhogar3.com
2025-10-13,EC_Ecuabet_Registros_Deportivas,1,0.08,0,0,0.0,-0.08,benefimundo.com
2025-10-13,EC_Ecuabet_Registros_Deportivas,1,0.08,0,0,0.0,-0.08,ametalurgia.com
2025-10-13,EC_Ecuabet_Registros_Deportivas,2,0.192,0,0,0.0,-0.192,adqva.com
2025-10-13,EC_Ecuabet_Registros_Deportivas,16,1.28,0,0,0.0,-1.28,Xiaomi Opera Browser Newsfeed
2025-10-13,EC_Ecuabet_Registros_Deportivas,9,0.216,0,0,0.0,-0.216,Xiaomi Browser Newsfeed
2025-10-13,EC_Ecuabet_Registros_Deportivas_Push,9,0.45,0,0,0.0,-0.45,MGID
2025-10-13,EC_Ecuabet_Registros_Deportivas_Push,455,22.75,0,0,0.0,-22.75,Clickpush MGID
2025-10-13,EC_Ecuabet_Registros_Deportivas_Push,531,26.55,0,0,0.0,-26.55,ClickPush Premium
2025-10-13,Peru | Aciertala | 2025,2,0.15,0,0,0.0,-0.15,trome.com
2025-10-13,Peru | Aciertala | 2025,2,0.15,0,0,0.0,-0.15,redmas.com.co
2025-10-13,Peru | Aciertala | 2025,1,0.075,0,0,0.0,-0.075,record.com.mx
2025-10-13,Peru | Aciertala | 2025,10,0.75,0,0,0.0,-0.75,larazon.pe
2025-10-13,Peru | Aciertala | 2025,0,0.0,0,0,0.0,0.0,guatevision.com
2025-10-13,Peru | Aciertala | 2025,1,0.075,0,0,0.0,-0.075,elnacional.com
2025-10-13,Peru | Aciertala | 2025,16,1.2,0,0,0.0,-1.2,elmen.pe
2025-10-13,Peru | Aciertala | 2025,2,0.15,0,0,0.0,-0.15,eleconomista.com.mx
2025-10-13,Peru | Aciertala | 2025,1,0.075,0,0,0.0,-0.075,diez.hn
2025-10-13,Peru | Aciertala | 2025,3,0.225,0,0,0.0,-0.225,diariocorreo.pe
2025-10-13,Peru | Aciertala | 2025,3,0.225,0,0,0.0,-0.225,depor.com
2025-10-13,Peru | Aciertala | 2025,0,0.0,0,0,0.0,0.0,am.com.mx
2025-10-13,Peru | Aciertala | 2025,7,0.525,0,0,0.0,-0.525,Outlook Web Mobile
2025-10-13,Peru | Aciertala | 2025,1,0.075,0,0,0.0,-0.075,Outlook Web Mail
2025-10-13,Peru | Aciertala | 2025,28,2.1,0,1,0.0,-2.1,Outlook Web Desktop
2025-10-13,Peru | Aciertala | 2025,2,0.15,0,0,0.0,-0.15,Outlook PC Web Inbox
2025-10-13,Peru | Aciertala | 2025,2,0.15,0,0,0.0,-0.15,Outlook Mobile Web Inbox
2025-10-13,Peru | Aciertala | 2025,1,0.075,0,0,0.0,-0.075,Office Monarch Inbox Primary Desktop
2025-10-13,Peru | Aciertala | 2025,14,1.05,0,0,0.0,-1.05,Office Monarch Inbox Desktop
2025-10-13,Peru | Aciertala | 2025,40,3.0,0,0,0.0,-3.0,Microsoft Start Android App
2025-10-13,Peru | Aciertala | 2025,2,0.15,0,0,0.0,-0.15,Microsoft Outlook IOS Native Inbox
2025-10-13,Peru | Aciertala | 2025,2,0.15,0,0,0.0,-0.15,Microsoft Outlook Android App
2025-10-13,Peru | Aciertala | 2025,1,0.075,0,0,0.0,-0.075,MSN New Tab River Cards
2025-10-13,Peru | Aciertala | 2025,1,0.075,0,0,0.0,-0.075,MSN Homepage River Cards
2025-10-13,Peru | Aciertala | 2025,1,0.075,0,0,0.0,-0.075,MSN Homepage Infopane
2025-10-13,Peru | Aciertala | 2025,1,0.075,0,0,0.0,-0.075,MSN Gallery pages River Cards
2025-10-13,Peru | Aciertala | 2025,9,0.675,0,0,0.0,-0.675,MSN Gallery Interstitial
2025-10-13,Peru | Aciertala | 2025,1,0.075,0,0,0.0,-0.075,MSN Article pages End of Article Block
2025-10-13,Peru | Aciertala | 2025,1,0.075,0,0,0.0,-0.075,HUAWEI Weather - Android
2025-10-13,Peru | Aciertala | 2025,2,0.15,0,0,0.0,-0.15,HUAWEI Browser - Android
2025-10-13,Peru | Aciertala | 2025,4,0.3,0,0,0.0,-0.3,HUAWEI Assistant∙TODAY - Android
2025-10-13,Peru | Aciertala | 2025,3,0.225,0,0,0.0,-0.225,HUAWEI AI Search - Android
2025-10-13,Peru | Aciertala_Casino | 2025,2,0.14,0,0,0.0,-0.14,trome.com
2025-10-13,Peru | Aciertala_Casino | 2025,2,0.14,0,0,0.0,-0.14,redmas.com.co
2025-10-13,Peru | Aciertala_Casino | 2025,1,0.07,0,0,0.0,-0.07,lared.cl
2025-10-13,Peru | Aciertala_Casino | 2025,13,0.91,0,0,0.0,-0.91,larazon.pe
2025-10-13,Peru | Aciertala_Casino | 2025,0,0.0,0,0,0.0,0.0,guatevision.com
2025-10-13,Peru | Aciertala_Casino | 2025,37,2.59,0,0,0.0,-2.59,elmen.pe
2025-10-13,Peru | Aciertala_Casino | 2025,1,0.07,0,0,0.0,-0.07,elle.mx
2025-10-13,Peru | Aciertala_Casino | 2025,10,0.7,0,0,0.0,-0.7,eleconomista.com.mx
2025-10-13,Peru | Aciertala_Casino | 2025,1,0.07,0,0,0.0,-0.07,efectococuyo.com
2025-10-13,Peru | Aciertala_Casino | 2025,4,0.28,0,0,0.0,-0.28,diariocorreo.pe
2025-10-13,Peru | Aciertala_Casino | 2025,1,0.07,0,0,0.0,-0.07,depor.com
2025-10-13,Peru | Aciertala_Casino | 2025,1,0.07,0,0,0.0,-0.07,am.com.mx
2025-10-13,Peru | Aciertala_Casino | 2025,5,0.35,0,0,0.0,-0.35,Outlook Web Mobile
2025-10-13,Peru | Aciertala_Casino | 2025,21,1.47,0,0,0.0,-1.47,Outlook Web Desktop
2025-10-13,Peru | Aciertala_Casino | 2025,1,0.07,0,0,0.0,-0.07,Outlook Mobile Web Inbox
2025-10-13,Peru | Aciertala_Casino | 2025,1,0.07,0,0,0.0,-0.07,Outlook App Lite Android Other
2025-10-13,Peru | Aciertala_Casino | 2025,11,0.77,0,0,0.0,-0.77,Office Monarch Inbox Desktop
2025-10-13,Peru | Aciertala_Casino | 2025,1,0.07,0,0,0.0,-0.07,HUAWEI Weather - Android
2025-10-13,Peru | Aciertala_Casino | 2025,1,0.07,0,0,0.0,-0.07,HUAWEI Browser - Android
2025-10-13,Peru | Aciertala_Casino | 2025,26,1.82,0,0,0.0,-1.82,HUAWEI Assistant∙TODAY - Android
2025-10-13,Peru | Aciertala_Casino | 2025,5,0.35,0,0,0.0,-0.35,HUAWEI AI Search - Android
2025-10-14,EC_Ecuabet_Registros_Casino,4,0.33,0,0,0.0,-0.33,wuaze.com
2025-10-14,EC_Ecuabet_Registros_Casino,3,0.255,0,0,0.0,-0.255,w3diary.com
2025-10-14,EC_Ecuabet_Registros_Casino,2,0.165,0,0,0.0,-0.165,vivaensalud.net
2025-10-14,EC_Ecuabet_Registros_Casino,9,0.278,0,0,0.0,-0.278,viralymedio.com
2025-10-14,EC_Ecuabet_Registros_Casino,5,0.123,0,0,0.0,-0.123,viralsalud.club
2025-10-14,EC_Ecuabet_Registros_Casino,1,0.09,0,0,0.0,-0.09,viralonline.click
2025-10-14,EC_Ecuabet_Registros_Casino,4,0.355,0,0,0.0,-0.355,viralinkx.com
2025-10-14,EC_Ecuabet_Registros_Casino,5,0.1975,0,0,0.0,-0.1975,viraliking.com
2025-10-14,EC_Ecuabet_Registros_Casino,7,0.6,0,0,0.0,-0.6,very-amazing.com
2025-10-14,EC_Ecuabet_Registros_Casino,1,0.075,0,0,0.0,-0.075,verblackclover.com
2025-10-14,EC_Ecuabet_Registros_Casino,2,0.175,0,0,0.0,-0.175,vanidades.com
2025-10-14,EC_Ecuabet_Registros_Casino,5,0.41,0,0,0.0,-0.41,unisalia.com
2025-10-14,EC_Ecuabet_Registros_Casino,1,0.07,0,0,0.0,-0.07,unepageinteressante.com
2025-10-14,EC_Ecuabet_Registros_Casino,2,0.17,0,0,0.0,-0.17,tvc.com.ec
2025-10-14,EC_Ecuabet_Registros_Casino,2,0.15,0,0,0.0,-0.15,tusitioviral.com
2025-10-14,EC_Ecuabet_Registros_Casino,2,0.155,0,0,0.0,-0.155,trabajosseguro.com
2025-10-14,EC_Ecuabet_Registros_Casino,2,0.155,0,1,0.0,-0.155,todoenlared.net
2025-10-14,EC_Ecuabet_Registros_Casino,2,0.175,0,0,0.0,-0.175,tipssalud.online
2025-10-14,EC_Ecuabet_Registros_Casino,2,0.16,0,0,0.0,-0.16,tejemagia.com
2025-10-14,EC_Ecuabet_Registros_Casino,5,0.37,0,0,0.0,-0.37,taybanha03.top
2025-10-14,EC_Ecuabet_Registros_Casino,7,0.57,0,0,0.0,-0.57,taybanha02.top
2025-10-14,EC_Ecuabet_Registros_Casino,1,0.085,0,0,0.0,-0.085,taybanha01.top
2025-10-14,EC_Ecuabet_Registros_Casino,1,0.085,0,0,0.0,-0.085,tarreo.com
2025-10-14,EC_Ecuabet_Registros_Casino,1,0.07,0,0,0.0,-0.07,soylunatube.blogspot.com
2025-10-14,EC_Ecuabet_Registros_Casino,8,0.69,0,0,0.0,-0.69,soloparati.online
2025-10-14,EC_Ecuabet_Registros_Casino,3,0.265,0,0,0.0,-0.265,saludyconsejosparati.com
2025-10-14,EC_Ecuabet_Registros_Casino,1,0.085,0,0,0.0,-0.085,saludnoti.com
2025-10-14,EC_Ecuabet_Registros_Casino,12,0.955,0,0,0.0,-0.955,saludnaturales.xyz
2025-10-14,EC_Ecuabet_Registros_Casino,1,0.09,0,0,0.0,-0.09,saludinfinitatop.com
2025-10-14,EC_Ecuabet_Registros_Casino,11,0.935,0,0,0.0,-0.935,saludconfiables.online
2025-10-14,EC_Ecuabet_Registros_Casino,2,0.175,0,0,0.0,-0.175,saludactua.online
2025-10-14,EC_Ecuabet_Registros_Casino,16,1.7355,0,0,0.0,-1.7355,saludablefree.com
2025-10-14,EC_Ecuabet_Registros_Casino,2,0.15,0,0,0.0,-0.15,saboryconsejo.info
2025-10-14,EC_Ecuabet_Registros_Casino,39,4.2055,0,1,0.0,-4.2055,rts.com.ec
2025-10-14,EC_Ecuabet_Registros_Casino,5,0.39,0,0,0.0,-0.39,remedioscasero.info
2025-10-14,EC_Ecuabet_Registros_Casino,24,2.035,0,0,0.0,-2.035,remedionatural.xyz
2025-10-14,EC_Ecuabet_Registros_Casino,4,0.29,0,0,0.0,-0.29,recetashogar.xyz
2025-10-14,EC_Ecuabet_Registros_Casino,2,0.18,0,0,0.0,-0.18,recetasenlared.com
2025-10-14,EC_Ecuabet_Registros_Casino,1,0.09,0,0,0.0,-0.09,recetas-es.top
2025-10-14,EC_Ecuabet_Registros_Casino,1,0.085,0,0,0.0,-0.085,quien.com
2025-10-14,EC_Ecuabet_Registros_Casino,3,0.24,0,0,0.0,-0.24,puroscaseros.xyz
2025-10-14,EC_Ecuabet_Registros_Casino,3,0.235,0,0,0.0,-0.235,puravida194.blogspot.com
2025-10-14,EC_Ecuabet_Registros_Casino,3,0.23,0,0,0.0,-0.23,pulzo.com
2025-10-14,EC_Ecuabet_Registros_Casino,1,0.09,0,0,0.0,-0.09,prensalibre.com
2025-10-14,EC_Ecuabet_Registros_Casino,1,0.085,0,0,0.0,-0.085,playboy.com.mx
2025-10-14,EC_Ecuabet_Registros_Casino,1,0.09,0,0,0.0,-0.09,pinnens.com
2025-10-14,EC_Ecuabet_Registros_Casino,5,0.1875,0,0,0.0,-0.1875,olarviral.com
2025-10-14,EC_Ecuabet_Registros_Casino,21,2.1875,0,0,0.0,-2.1875,nutricionysaludd.com
2025-10-14,EC_Ecuabet_Registros_Casino,1,0.07,0,0,0.0,-0.07,novelas24h.com
2025-10-14,EC_Ecuabet_Registros_Casino,5,0.44,0,0,0.0,-0.44,notistv.com
2025-10-14,EC_Ecuabet_Registros_Casino,1,0.075,0,0,0.0,-0.075,notimundoparati.top
2025-10-14,EC_Ecuabet_Registros_Casino,3,0.22,0,0,0.0,-0.22,notiiflash.com
2025-10-14,EC_Ecuabet_Registros_Casino,259,10.8775,0,0,0.0,-10.8775,noticiassalud.net
2025-10-14,EC_Ecuabet_Registros_Casino,15,1.165,0,0,0.0,-1.165,noticiasdiariasnews.com
2025-10-14,EC_Ecuabet_Registros_Casino,1,0.05,0,0,0.0,-0.05,noticiasdeprimera.com
2025-10-14,EC_Ecuabet_Registros_Casino,11,0.42,0,0,0.0,-0.42,noticiasdehoyy.net
2025-10-14,EC_Ecuabet_Registros_Casino,5,0.129,0,0,0.0,-0.129,noticiaomg.com
2025-10-14,EC_Ecuabet_Registros_Casino,2,0.048,0,0,0.0,-0.048,notasuperinteresantes.blogspot.com
2025-10-14,EC_Ecuabet_Registros_Casino,2,0.07,0,0,0.0,-0.07,newnoti.com
2025-10-14,EC_Ecuabet_Registros_Casino,6,0.505,0,0,0.0,-0.505,natureview.net
2025-10-14,EC_Ecuabet_Registros_Casino,1,0.07,0,0,0.0,-0.07,mitrucoscaseros.com
2025-10-14,EC_Ecuabet_Registros_Casino,2,0.14,0,0,0.0,-0.14,misimagenesdeluto.com
2025-10-14,EC_Ecuabet_Registros_Casino,3,0.235,0,0,0.0,-0.235,milagrosasalud.com
2025-10-14,EC_Ecuabet_Registros_Casino,1,0.025,0,0,0.0,-0.025,mhonividente.xyz
2025-10-14,EC_Ecuabet_Registros_Casino,1,0.09,0,0,0.0,-0.09,meencantaelchocolate.com
2025-10-14,EC_Ecuabet_Registros_Casino,8,0.635,0,0,0.0,-0.635,me-encantas.com
2025-10-14,EC_Ecuabet_Registros_Casino,1,0.085,0,0,0.0,-0.085,masnatural.info
2025-10-14,EC_Ecuabet_Registros_Casino,1,0.09,0,0,0.0,-0.09,masajesmexico.mx
2025-10-14,EC_Ecuabet_Registros_Casino,1,0.075,0,0,0.0,-0.075,latinus.us
2025-10-14,EC_Ecuabet_Registros_Casino,1,0.09,0,0,0.0,-0.09,larepublica.ec
2025-10-14,EC_Ecuabet_Registros_Casino,1,0.085,0,0,0.0,-0.085,lafm.com.co
2025-10-14,EC_Ecuabet_Registros_Casino,1,0.085,0,0,0.0,-0.085,juegosfriv2019.com
2025-10-14,EC_Ecuabet_Registros_Casino,1,0.085,0,0,0.0,-0.085,juegosfriv-2020.com
2025-10-14,EC_Ecuabet_Registros_Casino,1,0.09,0,0,0.0,-0.09,johanshal.com
2025-10-14,EC_Ecuabet_Registros_Casino,50,4.32,0,0,0.0,-4.32,jetrapic.com
2025-10-14,EC_Ecuabet_Registros_Casino,1,0.075,0,0,0.0,-0.075,invdes.com.mx
2025-10-14,EC_Ecuabet_Registros_Casino,58,1.929,0,0,0.0,-1.929,infotime.co
2025-10-14,EC_Ecuabet_Registros_Casino,41,3.23,0,0,0.0,-3.23,informan2.us
2025-10-14,EC_Ecuabet_Registros_Casino,1,0.085,0,0,0.0,-0.085,ideasmanualidades.xyz
2025-10-14,EC_Ecuabet_Registros_Casino,9,0.2235,0,0,0.0,-0.2235,hubvirales.com
2025-10-14,EC_Ecuabet_Registros_Casino,1,0.085,0,0,0.0,-0.085,herramientas-online.com
2025-10-14,EC_Ecuabet_Registros_Casino,3,0.1855,0,0,0.0,-0.1855,fullnoticiasplus.blogspot.com
2025-10-14,EC_Ecuabet_Registros_Casino,1,0.027,0,0,0.0,-0.027,franciscosaludable.com
2025-10-14,EC_Ecuabet_Registros_Casino,1,0.075,0,0,0.0,-0.075,fotise.com
2025-10-14,EC_Ecuabet_Registros_Casino,1,0.085,0,0,0.0,-0.085,feji.io
2025-10-14,EC_Ecuabet_Registros_Casino,2,0.051,0,0,0.0,-0.051,fbviral.com
2025-10-14,EC_Ecuabet_Registros_Casino,4,0.165,0,0,0.0,-0.165,fbclic.com
2025-10-14,EC_Ecuabet_Registros_Casino,2,0.048,0,0,0.0,-0.048,famososyvirales.com
2025-10-14,EC_Ecuabet_Registros_Casino,3,0.225,0,0,0.0,-0.225,expansion.mx
2025-10-14,EC_Ecuabet_Registros_Casino,1,0.085,0,0,0.0,-0.085,excelsior.com.mx
2025-10-14,EC_Ecuabet_Registros_Casino,6,0.515,0,0,0.0,-0.515,elrincondefafa.com
2025-10-14,EC_Ecuabet_Registros_Casino,1,0.085,0,0,0.0,-0.085,elnacional.com
2025-10-14,EC_Ecuabet_Registros_Casino,1,0.075,0,0,0.0,-0.075,elespectador.com
2025-10-14,EC_Ecuabet_Registros_Casino,9,0.77,0,0,0.0,-0.77,elcomercio.pe
2025-10-14,EC_Ecuabet_Registros_Casino,1,0.09,0,0,0.0,-0.09,ecoosfera.com
2025-10-14,EC_Ecuabet_Registros_Casino,1,0.07,0,0,0.0,-0.07,eacar.xyz
2025-10-14,EC_Ecuabet_Registros_Casino,1,0.085,0,0,0.0,-0.085,diferencias.xyz
2025-10-14,EC_Ecuabet_Registros_Casino,2,0.155,0,0,0.0,-0.155,detodounpocoyunpocodetodo1986.blogspot.com
2025-10-14,EC_Ecuabet_Registros_Casino,3,0.063,0,0,0.0,-0.063,datosdetuinteres.com
2025-10-14,EC_Ecuabet_Registros_Casino,1,0.09,0,0,0.0,-0.09,cyclesandstories.com
2025-10-14,EC_Ecuabet_Registros_Casino,1,0.075,0,0,0.0,-0.075,curiosidadesvirales.com
2025-10-14,EC_Ecuabet_Registros_Casino,1,0.085,0,0,0.0,-0.085,culinaryrecipes.top
2025-10-14,EC_Ecuabet_Registros_Casino,18,0.765,0,0,0.0,-0.765,cronista.com
2025-10-14,EC_Ecuabet_Registros_Casino,1,0.09,0,0,0.0,-0.09,cieloaventura.xyz
2025-10-14,EC_Ecuabet_Registros_Casino,1,0.045,0,0,0.0,-0.045,chainityai.com
2025-10-14,EC_Ecuabet_Registros_Casino,1,0.085,0,0,0.0,-0.085,buscaloaqui.site
2025-10-14,EC_Ecuabet_Registros_Casino,4,0.33,0,0,0.0,-0.33,borutoanime.online
2025-10-14,EC_Ecuabet_Registros_Casino,6,1.078,0,0,0.0,-1.078,bolavip.com
2025-10-14,EC_Ecuabet_Registros_Casino,1,0.085,0,0,0.0,-0.085,bloghogar.net
2025-10-14,EC_Ecuabet_Registros_Casino,3,0.12,0,0,0.0,-0.12,bionotis.xyz
2025-10-14,EC_Ecuabet_Registros_Casino,1,0.09,0,0,0.0,-0.09,bienvenidoalhogar3.com
2025-10-14,EC_Ecuabet_Registros_Casino,1,0.085,0,0,0.0,-0.085,azerothqva.com
2025-10-14,EC_Ecuabet_Registros_Casino,3,0.225,0,0,0.0,-0.225,antena2.com
2025-10-14,EC_Ecuabet_Registros_Casino,1,0.09,0,0,0.0,-0.09,anime-4k.com
2025-10-14,EC_Ecuabet_Registros_Casino,2,0.165,0,0,0.0,-0.165,ametalurgia.com
2025-10-14,EC_Ecuabet_Registros_Casino,1,0.09,0,0,0.0,-0.09,alertatolima.com
2025-10-14,EC_Ecuabet_Registros_Casino,4,0.315,0,0,0.0,-0.315,adqva.com
2025-10-14,EC_Ecuabet_Registros_Casino,13,0.94,0,0,0.0,-0.94,actualizadas.com
2025-10-14,EC_Ecuabet_Registros_Casino,75,5.585,0,0,0.0,-5.585,Xiaomi Opera Browser Newsfeed
2025-10-14,EC_Ecuabet_Registros_Casino,1,0.09,0,0,0.0,-0.09,Outlook App Lite Android Primary
2025-10-14,EC_Ecuabet_Registros_Deportivas,3,0.12,0,0,0.0,-0.12,viralymedio.com
2025-10-14,EC_Ecuabet_Registros_Deportivas,2,0.16,0,0,0.0,-0.16,viralinkx.com
2025-10-14,EC_Ecuabet_Registros_Deportivas,4,0.26,0,0,0.0,-0.26,very-amazing.com
2025-10-14,EC_Ecuabet_Registros_Deportivas,4,0.32,0,0,0.0,-0.32,taybanha03.top
2025-10-14,EC_Ecuabet_Registros_Deportivas,3,0.24,0,0,0.0,-0.24,taybanha02.top
2025-10-14,EC_Ecuabet_Registros_Deportivas,2,0.16,0,0,0.0,-0.16,taybanha01.top
2025-10-14,EC_Ecuabet_Registros_Deportivas,2,0.13,0,0,0.0,-0.13,soloparati.online
2025-10-14,EC_Ecuabet_Registros_Deportivas,1,0.08,0,0,0.0,-0.08,saludconfiables.online
2025-10-14,EC_Ecuabet_Registros_Deportivas,1,0.08,0,0,0.0,-0.08,saludactua.online
2025-10-14,EC_Ecuabet_Registros_Deportivas,1,0.05,0,0,0.0,-0.05,saludablefree.com
2025-10-14,EC_Ecuabet_Registros_Deportivas,2,0.16,0,0,0.0,-0.16,rts.com.ec
2025-10-14,EC_Ecuabet_Registros_Deportivas,5,0.37,0,0,0.0,-0.37,remedioscasero.info
2025-10-14,EC_Ecuabet_Registros_Deportivas,2,0.165,0,0,0.0,-0.165,remedionatural.xyz
2025-10-14,EC_Ecuabet_Registros_Deportivas,73,2.4875,0,0,0.0,-2.4875,redmas.com.co
2025-10-14,EC_Ecuabet_Registros_Deportivas,1,0.08,0,0,0.0,-0.08,recetasnatural.xyz
2025-10-14,EC_Ecuabet_Registros_Deportivas,1,0.08,0,0,0.0,-0.08,recetashogar.xyz
2025-10-14,EC_Ecuabet_Registros_Deportivas,1,0.08,0,0,0.0,-0.08,quever.news
2025-10-14,EC_Ecuabet_Registros_Deportivas,1,0.08,0,0,0.0,-0.08,pulzo.com
2025-10-14,EC_Ecuabet_Registros_Deportivas,1,0.08,0,0,0.0,-0.08,pinnens.com
2025-10-14,EC_Ecuabet_Registros_Deportivas,1,0.08,0,0,0.0,-0.08,openiu.com
2025-10-14,EC_Ecuabet_Registros_Deportivas,3,0.24,0,1,0.0,-0.24,olarviral.com
2025-10-14,EC_Ecuabet_Registros_Deportivas,1,0.08,0,0,0.0,-0.08,novelaplay.com
2025-10-14,EC_Ecuabet_Registros_Deportivas,4,0.26,0,0,0.0,-0.26,notisdiarias.com
2025-10-14,EC_Ecuabet_Registros_Deportivas,4,0.32,0,0,0.0,-0.32,noticiasdiariasnews.com
2025-10-14,EC_Ecuabet_Registros_Deportivas,13,1.01,0,0,0.0,-1.01,noticiasdehoyy.net
2025-10-14,EC_Ecuabet_Registros_Deportivas,5,0.2,0,0,0.0,-0.2,noticiasamaris.com
2025-10-14,EC_Ecuabet_Registros_Deportivas,7,0.41,0,0,0.0,-0.41,noticiaomg.com
2025-10-14,EC_Ecuabet_Registros_Deportivas,1,0.08,0,0,0.0,-0.08,notasuperinteresantes.blogspot.com
2025-10-14,EC_Ecuabet_Registros_Deportivas,5,0.4,0,0,0.0,-0.4,newnoti.com
2025-10-14,EC_Ecuabet_Registros_Deportivas,1,0.08,0,0,0.0,-0.08,milagrosasalud.com
2025-10-14,EC_Ecuabet_Registros_Deportivas,2,0.1,0,0,0.0,-0.1,mhonividente.xyz
2025-10-14,EC_Ecuabet_Registros_Deportivas,2,0.165,0,0,0.0,-0.165,meencantaelchocolate.com
2025-10-14,EC_Ecuabet_Registros_Deportivas,2,0.16,0,0,0.0,-0.16,me-encantas.com
2025-10-14,EC_Ecuabet_Registros_Deportivas,2,0.13,0,0,0.0,-0.13,latinchats.org
2025-10-14,EC_Ecuabet_Registros_Deportivas,4,0.23,0,0,0.0,-0.23,latinchats.net
2025-10-14,EC_Ecuabet_Registros_Deportivas,1,0.08,0,0,0.0,-0.08,larepublica.ec
2025-10-14,EC_Ecuabet_Registros_Deportivas,1,0.08,0,0,0.0,-0.08,lafm.com.co
2025-10-14,EC_Ecuabet_Registros_Deportivas,5,0.4,0,0,0.0,-0.4,jetrapic.com
2025-10-14,EC_Ecuabet_Registros_Deportivas,3,0.0765,0,0,0.0,-0.0765,infotime.co
2025-10-14,EC_Ecuabet_Registros_Deportivas,5,0.34,0,0,0.0,-0.34,informan2.us
2025-10-14,EC_Ecuabet_Registros_Deportivas,1,0.08,0,0,0.0,-0.08,globoviral.com
2025-10-14,EC_Ecuabet_Registros_Deportivas,8,0.58,0,0,0.0,-0.58,fullnoticiasplus.blogspot.com
2025-10-14,EC_Ecuabet_Registros_Deportivas,7,0.56,0,0,0.0,-0.56,franciscosaludable.com
2025-10-14,EC_Ecuabet_Registros_Deportivas,4,0.26,0,0,0.0,-0.26,fotise.com
2025-10-14,EC_Ecuabet_Registros_Deportivas,1,0.08,0,0,0.0,-0.08,feji.io
2025-10-14,EC_Ecuabet_Registros_Deportivas,5,0.185,0,0,0.0,-0.185,fbviral.com
2025-10-14,EC_Ecuabet_Registros_Deportivas,8,0.387,0,0,0.0,-0.387,famososyvirales.com
2025-10-14,EC_Ecuabet_Registros_Deportivas,1,0.08,0,0,0.0,-0.08,elcomercio.pe
2025-10-14,EC_Ecuabet_Registros_Deportivas,1,0.05,0,0,0.0,-0.05,ecuadornoticias.com
2025-10-14,EC_Ecuabet_Registros_Deportivas,1,0.05,0,0,0.0,-0.05,datosdetuinteres.com
2025-10-14,EC_Ecuabet_Registros_Deportivas,4,0.16,0,0,0.0,-0.16,cronista.com
2025-10-14,EC_Ecuabet_Registros_Deportivas,1,0.08,0,0,0.0,-0.08,canal26.com
2025-10-14,EC_Ecuabet_Registros_Deportivas,2,0.16,0,0,0.0,-0.16,borutoanime.online
2025-10-14,EC_Ecuabet_Registros_Deportivas,4,0.64,0,0,0.0,-0.64,bolavip.com
2025-10-14,EC_Ecuabet_Registros_Deportivas,4,0.26,0,0,0.0,-0.26,bionotis.xyz
2025-10-14,EC_Ecuabet_Registros_Deportivas,1,0.08,0,0,0.0,-0.08,benefimundo.com
2025-10-14,EC_Ecuabet_Registros_Deportivas,1,0.05,0,0,0.0,-0.05,animefenix2.tv
2025-10-14,EC_Ecuabet_Registros_Deportivas,1,0.08,0,0,0.0,-0.08,ametalurgia.com
2025-10-14,EC_Ecuabet_Registros_Deportivas,3,0.304,0,0,0.0,-0.304,adqva.com
2025-10-14,EC_Ecuabet_Registros_Deportivas,1,0.04,0,0,0.0,-0.04,actualizadas.com
2025-10-14,EC_Ecuabet_Registros_Deportivas,15,1.2,0,0,0.0,-1.2,Xiaomi Opera Browser Newsfeed
2025-10-14,EC_Ecuabet_Registros_Deportivas,3,0.072,0,0,0.0,-0.072,Xiaomi Browser Newsfeed
2025-10-14,EC_Ecuabet_Registros_Deportivas_Push,3,0.15,0,0,0.0,-0.15,MGID
2025-10-14,EC_Ecuabet_Registros_Deportivas_Push,723,36.15,0,0,0.0,-36.15,Clickpush MGID
2025-10-14,EC_Ecuabet_Registros_Deportivas_Push,476,23.8,0,0,0.0,-23.8,ClickPush Premium
2025-10-14,Peru | Aciertala | 2025,13,0.975,0,0,0.0,-0.975,trome.com
2025-10-14,Peru | Aciertala | 2025,1,0.075,0,0,0.0,-0.075,terra.com.mx
2025-10-14,Peru | Aciertala | 2025,1,0.075,0,0,0.0,-0.075,terra.com.co
2025-10-14,Peru | Aciertala | 2025,1,0.075,0,0,0.0,-0.075,noticiasaldiayalahora.co
2025-10-14,Peru | Aciertala | 2025,0,0.0,0,0,0.0,0.0,lared.cl
2025-10-14,Peru | Aciertala | 2025,7,0.525,0,0,0.0,-0.525,larazon.pe
2025-10-14,Peru | Aciertala | 2025,22,1.65,0,0,0.0,-1.65,elmen.pe
2025-10-14,Peru | Aciertala | 2025,0,0.0,0,0,0.0,0.0,eleconomista.com.mx
2025-10-14,Peru | Aciertala | 2025,6,0.45,0,0,0.0,-0.45,diariocorreo.pe
2025-10-14,Peru | Aciertala | 2025,2,0.15,0,0,0.0,-0.15,depor.com
2025-10-14,Peru | Aciertala | 2025,1,0.075,0,0,0.0,-0.075,canal26.com
2025-10-14,Peru | Aciertala | 2025,1,0.075,0,0,0.0,-0.075,atv.pe
2025-10-14,Peru | Aciertala | 2025,1,0.075,0,0,0.0,-0.075,antena2.com
2025-10-14,Peru | Aciertala | 2025,0,0.0,0,0,0.0,0.0,am.com.mx
2025-10-14,Peru | Aciertala | 2025,1,0.075,0,0,0.0,-0.075,Outlook Web Non Inbox
2025-10-14,Peru | Aciertala | 2025,4,0.3,0,0,0.0,-0.3,Outlook Web Mobile
2025-10-14,Peru | Aciertala | 2025,4,0.3,0,0,0.0,-0.3,Outlook Web Mail
2025-10-14,Peru | Aciertala | 2025,15,1.125,0,0,0.0,-1.125,Outlook Web Desktop
2025-10-14,Peru | Aciertala | 2025,1,0.075,0,0,0.0,-0.075,Outlook Mobile Web Inbox
2025-10-14,Peru | Aciertala | 2025,1,0.075,0,0,0.0,-0.075,Office Monarch Inbox Primary Desktop
2025-10-14,Peru | Aciertala | 2025,12,0.9,0,0,0.0,-0.9,Office Monarch Inbox Desktop
2025-10-14,Peru | Aciertala | 2025,2,0.15,0,0,0.0,-0.15,Microsoft Start iOS App
2025-10-14,Peru | Aciertala | 2025,54,4.05,0,0,0.0,-4.05,Microsoft Start Android App
2025-10-14,Peru | Aciertala | 2025,1,0.075,0,0,0.0,-0.075,Microsoft Outlook IOS Native
2025-10-14,Peru | Aciertala | 2025,5,0.375,0,0,0.0,-0.375,Microsoft Outlook Android App
2025-10-14,Peru | Aciertala | 2025,1,0.075,0,0,0.0,-0.075,MSN Video pages
2025-10-14,Peru | Aciertala | 2025,1,0.075,0,0,0.0,-0.075,MSN In-article
2025-10-14,Peru | Aciertala | 2025,4,0.3,0,0,0.0,-0.3,MSN Gallery Interstitial
2025-10-14,Peru | Aciertala | 2025,1,0.075,0,0,0.0,-0.075,MSN Article pages End of Article Block
2025-10-14,Peru | Aciertala | 2025,1,0.075,0,0,0.0,-0.075,HUAWEI Browser - Android
2025-10-14,Peru | Aciertala_Casino | 2025,7,0.49,0,0,0.0,-0.49,trome.com
2025-10-14,Peru | Aciertala_Casino | 2025,1,0.07,0,0,0.0,-0.07,terra.com.mx
2025-10-14,Peru | Aciertala_Casino | 2025,1,0.07,0,0,0.0,-0.07,prensalibre.com
2025-10-14,Peru | Aciertala_Casino | 2025,1,0.07,0,0,0.0,-0.07,peru21.pe
2025-10-14,Peru | Aciertala_Casino | 2025,0,0.0,0,0,0.0,0.0,lared.cl
2025-10-14,Peru | Aciertala_Casino | 2025,13,0.91,0,0,0.0,-0.91,larazon.pe
2025-10-14,Peru | Aciertala_Casino | 2025,1,0.07,0,0,0.0,-0.07,guatevision.com
2025-10-14,Peru | Aciertala_Casino | 2025,26,1.82,0,0,0.0,-1.82,elmen.pe
2025-10-14,Peru | Aciertala_Casino | 2025,1,0.07,0,0,0.0,-0.07,elle.mx
2025-10-14,Peru | Aciertala_Casino | 2025,0,0.0,0,0,0.0,0.0,eleconomista.com.mx
2025-10-14,Peru | Aciertala_Casino | 2025,6,0.42,0,0,0.0,-0.42,diariocorreo.pe
2025-10-14,Peru | Aciertala_Casino | 2025,1,0.07,0,0,0.0,-0.07,depor.com
2025-10-14,Peru | Aciertala_Casino | 2025,1,0.07,0,0,0.0,-0.07,canal26.com
2025-10-14,Peru | Aciertala_Casino | 2025,1,0.07,0,0,0.0,-0.07,bitlysdowssl-aws.com
2025-10-14,Peru | Aciertala_Casino | 2025,0,0.0,0,0,0.0,0.0,am.com.mx
2025-10-14,Peru | Aciertala_Casino | 2025,5,0.35,0,0,0.0,-0.35,Outlook Web Mobile
2025-10-14,Peru | Aciertala_Casino | 2025,31,2.17,0,0,0.0,-2.17,Outlook Web Desktop
2025-10-14,Peru | Aciertala_Casino | 2025,1,0.07,0,0,0.0,-0.07,Outlook PC Web Inbox
2025-10-14,Peru | Aciertala_Casino | 2025,1,0.07,0,0,0.0,-0.07,Outlook Mobile Web Inbox
2025-10-14,Peru | Aciertala_Casino | 2025,9,0.63,0,0,0.0,-0.63,Office Monarch Inbox Desktop
2025-10-14,Peru | Aciertala_Casino | 2025,1,0.07,0,0,0.0,-0.07,Microsoft Outlook IOS Native Inbox
2025-10-14,Peru | Aciertala_Casino | 2025,2,0.14,0,0,0.0,-0.14,Microsoft Outlook IOS Native
2025-10-14,Peru | Aciertala_Casino | 2025,0,0.0,0,0,0.0,0.0,MSN New Tab River Cards
2025-10-14,Peru | Aciertala_Casino | 2025,5,0.35,0,0,0.0,-0.35,HUAWEI Weather - Android
2025-10-14,Peru | Aciertala_Casino | 2025,8,0.56,0,0,0.0,-0.56,HUAWEI Browser - Android
2025-10-14,Peru | Aciertala_Casino | 2025,20,1.4,0,0,0.0,-1.4,HUAWEI Assistant∙TODAY - Android
2025-10-14,Peru | Aciertala_Casino | 2025,2,0.14,0,0,0.0,-0.14,HUAWEI AI Search - Android
2025-10-15,EC_Ecuabet_Registros_Casino,3,0.23,0,0,0.0,-0.23,w3diary.com
2025-10-15,EC_Ecuabet_Registros_Casino,3,0.24,0,0,0.0,-0.24,vivaensalud.net
2025-10-15,EC_Ecuabet_Registros_Casino,11,0.326,0,0,0.0,-0.326,viralymedio.com
2025-10-15,EC_Ecuabet_Registros_Casino,3,0.069,0,0,0.0,-0.069,viralsalud.club
2025-10-15,EC_Ecuabet_Registros_Casino,6,0.475,0,0,0.0,-0.475,viralinkx.com
2025-10-15,EC_Ecuabet_Registros_Casino,7,0.3025,0,0,0.0,-0.3025,viraliking.com
2025-10-15,EC_Ecuabet_Registros_Casino,3,0.26,0,0,0.0,-0.26,viralesenred.com
2025-10-15,EC_Ecuabet_Registros_Casino,4,0.34,0,0,0.0,-0.34,very-amazing.com
2025-10-15,EC_Ecuabet_Registros_Casino,2,0.16,0,0,0.0,-0.16,verboruto.online
2025-10-15,EC_Ecuabet_Registros_Casino,3,0.255,0,0,0.0,-0.255,verblackclover.com
2025-10-15,EC_Ecuabet_Registros_Casino,2,0.17,0,0,0.0,-0.17,uoxcom.com
2025-10-15,EC_Ecuabet_Registros_Casino,11,0.93,0,0,0.0,-0.93,unisalia.com
2025-10-15,EC_Ecuabet_Registros_Casino,1,0.09,0,0,0.0,-0.09,unepageinteressante.com
2025-10-15,EC_Ecuabet_Registros_Casino,1,0.085,0,0,0.0,-0.085,tvn-2.com
2025-10-15,EC_Ecuabet_Registros_Casino,3,0.26,0,0,0.0,-0.26,tvc.com.ec
2025-10-15,EC_Ecuabet_Registros_Casino,4,0.295,0,0,0.0,-0.295,tusitioviral.com
2025-10-15,EC_Ecuabet_Registros_Casino,3,0.255,0,0,0.0,-0.255,tunota.com
2025-10-15,EC_Ecuabet_Registros_Casino,3,0.25,0,0,0.0,-0.25,todosobreremedios.com
2025-10-15,EC_Ecuabet_Registros_Casino,1,0.09,0,0,0.0,-0.09,todonathy.com
2025-10-15,EC_Ecuabet_Registros_Casino,1,0.085,0,0,0.0,-0.085,todoenlared.net
2025-10-15,EC_Ecuabet_Registros_Casino,2,0.165,0,0,0.0,-0.165,tipssalud.online
2025-10-15,EC_Ecuabet_Registros_Casino,1,0.07,0,0,0.0,-0.07,thecookguides.com
2025-10-15,EC_Ecuabet_Registros_Casino,1,0.085,0,0,0.0,-0.085,taybanha03.top
2025-10-15,EC_Ecuabet_Registros_Casino,5,0.395,0,0,0.0,-0.395,taybanha02.top
2025-10-15,EC_Ecuabet_Registros_Casino,3,0.25,0,0,0.0,-0.25,taybanha01.top
2025-10-15,EC_Ecuabet_Registros_Casino,1,0.05,0,0,0.0,-0.05,spain-recipes.top
2025-10-15,EC_Ecuabet_Registros_Casino,8,0.685,0,0,0.0,-0.685,soloparati.online
2025-10-15,EC_Ecuabet_Registros_Casino,3,0.24,0,0,0.0,-0.24,skynovels.net
2025-10-15,EC_Ecuabet_Registros_Casino,1,0.09,0,0,0.0,-0.09,saludyconsejosparati.com
2025-10-15,EC_Ecuabet_Registros_Casino,11,0.88,0,0,0.0,-0.88,saludnaturales.xyz
2025-10-15,EC_Ecuabet_Registros_Casino,20,1.785,0,0,0.0,-1.785,saludconfiables.online
2025-10-15,EC_Ecuabet_Registros_Casino,2,0.16,0,1,0.0,-0.16,saludactua.online
2025-10-15,EC_Ecuabet_Registros_Casino,21,2.2945,0,0,0.0,-2.2945,saludablefree.com
2025-10-15,EC_Ecuabet_Registros_Casino,16,1.7485,0,0,0.0,-1.7485,rts.com.ec
2025-10-15,EC_Ecuabet_Registros_Casino,0,0.0,0,0,0.0,0.0,reposteras.com
2025-10-15,EC_Ecuabet_Registros_Casino,5,0.445,0,0,0.0,-0.445,remedioscasero.info
2025-10-15,EC_Ecuabet_Registros_Casino,1,0.09,0,0,0.0,-0.09,remediosaqui.com
2025-10-15,EC_Ecuabet_Registros_Casino,21,1.75,0,0,0.0,-1.75,remedionatural.xyz
2025-10-15,EC_Ecuabet_Registros_Casino,1,0.0225,0,0,0.0,-0.0225,recetasnatural.xyz
2025-10-15,EC_Ecuabet_Registros_Casino,2,0.135,0,0,0.0,-0.135,recetashogar.xyz
2025-10-15,EC_Ecuabet_Registros_Casino,3,0.21,0,0,0.0,-0.21,quien.com
2025-10-15,EC_Ecuabet_Registros_Casino,3,0.255,0,0,0.0,-0.255,puravida194.blogspot.com
2025-10-15,EC_Ecuabet_Registros_Casino,1,0.085,0,0,0.0,-0.085,prensalibre.com
2025-10-15,EC_Ecuabet_Registros_Casino,1,0.085,0,0,0.0,-0.085,playboy.com.mx
2025-10-15,EC_Ecuabet_Registros_Casino,1,0.05,0,0,0.0,-0.05,olipam.com
2025-10-15,EC_Ecuabet_Registros_Casino,7,0.285,0,0,0.0,-0.285,olarviral.com
2025-10-15,EC_Ecuabet_Registros_Casino,2,0.16,0,0,0.0,-0.16,ok-salud.com
2025-10-15,EC_Ecuabet_Registros_Casino,5,0.5925,0,0,0.0,-0.5925,nutricionysaludd.com
2025-10-15,EC_Ecuabet_Registros_Casino,1,0.09,0,0,0.0,-0.09,nutricionvitae.com
2025-10-15,EC_Ecuabet_Registros_Casino,2,0.155,0,0,0.0,-0.155,novelasmas.com
2025-10-15,EC_Ecuabet_Registros_Casino,4,0.29,0,0,0.0,-0.29,notistv.com
2025-10-15,EC_Ecuabet_Registros_Casino,1,0.0425,0,0,0.0,-0.0425,notisdiarias.com
2025-10-15,EC_Ecuabet_Registros_Casino,1,0.075,0,0,0.0,-0.075,notisalud712.blogspot.com
2025-10-15,EC_Ecuabet_Registros_Casino,2,0.155,0,0,0.0,-0.155,notimundoparati.top
2025-10-15,EC_Ecuabet_Registros_Casino,5,0.44,0,0,0.0,-0.44,notiiflash.com
2025-10-15,EC_Ecuabet_Registros_Casino,1,0.09,0,0,0.0,-0.09,noticlub.top
2025-10-15,EC_Ecuabet_Registros_Casino,286,12.305,0,0,0.0,-12.305,noticiassalud.net
2025-10-15,EC_Ecuabet_Registros_Casino,1,0.085,0,0,0.0,-0.085,noticiasrcn.com
2025-10-15,EC_Ecuabet_Registros_Casino,21,1.775,0,1,0.0,-1.775,noticiasdiariasnews.com
2025-10-15,EC_Ecuabet_Registros_Casino,1,0.085,0,0,0.0,-0.085,noticiasdeultimahoradgg.blogspot.com
2025-10-15,EC_Ecuabet_Registros_Casino,6,0.21,0,0,0.0,-0.21,noticiasdehoyy.net
2025-10-15,EC_Ecuabet_Registros_Casino,8,0.2055,0,0,0.0,-0.2055,noticiaomg.com
2025-10-15,EC_Ecuabet_Registros_Casino,3,0.265,0,0,0.0,-0.265,noticenter.lat
2025-10-15,EC_Ecuabet_Registros_Casino,4,0.14,0,0,0.0,-0.14,newnoti.com
2025-10-15,EC_Ecuabet_Registros_Casino,7,0.525,0,0,0.0,-0.525,natureview.net
2025-10-15,EC_Ecuabet_Registros_Casino,5,0.43,0,0,0.0,-0.43,mivida1ro.com
2025-10-15,EC_Ecuabet_Registros_Casino,2,0.16,0,0,0.0,-0.16,mitrucoscaseros.com
2025-10-15,EC_Ecuabet_Registros_Casino,3,0.235,0,0,0.0,-0.235,milagrosasalud.com
2025-10-15,EC_Ecuabet_Registros_Casino,1,0.075,0,0,0.0,-0.075,meencantaelchocolate.com
2025-10-15,EC_Ecuabet_Registros_Casino,1,0.085,0,0,0.0,-0.085,mediatiko.com
2025-10-15,EC_Ecuabet_Registros_Casino,12,0.965,0,0,0.0,-0.965,me-encantas.com
2025-10-15,EC_Ecuabet_Registros_Casino,1,0.075,0,0,0.0,-0.075,latinluchas.com
2025-10-15,EC_Ecuabet_Registros_Casino,3,0.245,0,0,0.0,-0.245,larepublica.ec
2025-10-15,EC_Ecuabet_Registros_Casino,1,0.09,0,0,0.0,-0.09,laprensani.com
2025-10-15,EC_Ecuabet_Registros_Casino,2,0.18,0,0,0.0,-0.18,laprensa.hn
2025-10-15,EC_Ecuabet_Registros_Casino,1,0.075,0,0,0.0,-0.075,lanoticiahoy.xyz
2025-10-15,EC_Ecuabet_Registros_Casino,1,0.09,0,0,0.0,-0.09,labuenainfo.com
2025-10-15,EC_Ecuabet_Registros_Casino,1,0.085,0,0,0.0,-0.085,juegosfriv2019.com
2025-10-15,EC_Ecuabet_Registros_Casino,41,3.47,0,0,0.0,-3.47,jetrapic.com
2025-10-15,EC_Ecuabet_Registros_Casino,102,3.372,0,0,0.0,-3.372,infotime.co
2025-10-15,EC_Ecuabet_Registros_Casino,25,1.93,0,0,0.0,-1.93,informan2.us
2025-10-15,EC_Ecuabet_Registros_Casino,1,0.09,0,0,0.0,-0.09,imagenescool.com
2025-10-15,EC_Ecuabet_Registros_Casino,9,0.2085,0,0,0.0,-0.2085,hubvirales.com
2025-10-15,EC_Ecuabet_Registros_Casino,2,0.17,0,0,0.0,-0.17,herramientas-online.com
2025-10-15,EC_Ecuabet_Registros_Casino,10,0.574,0,0,0.0,-0.574,fullnoticiasplus.blogspot.com
2025-10-15,EC_Ecuabet_Registros_Casino,1,0.0225,0,0,0.0,-0.0225,franciscosaludable.com
2025-10-15,EC_Ecuabet_Registros_Casino,1,0.09,0,0,0.0,-0.09,foxnewhub.com
2025-10-15,EC_Ecuabet_Registros_Casino,6,0.5,0,0,0.0,-0.5,fotise.com
2025-10-15,EC_Ecuabet_Registros_Casino,1,0.085,0,0,0.0,-0.085,flux-studio.site
2025-10-15,EC_Ecuabet_Registros_Casino,4,0.17,0,0,0.0,-0.17,fbclic.com
2025-10-15,EC_Ecuabet_Registros_Casino,2,0.048,0,0,0.0,-0.048,famososyvirales.com
2025-10-15,EC_Ecuabet_Registros_Casino,1,0.085,0,0,0.0,-0.085,expansion.mx
2025-10-15,EC_Ecuabet_Registros_Casino,1,0.085,0,0,0.0,-0.085,elnacional.com
2025-10-15,EC_Ecuabet_Registros_Casino,3,0.245,0,0,0.0,-0.245,elespectador.com
2025-10-15,EC_Ecuabet_Registros_Casino,10,0.84,0,0,0.0,-0.84,eacar.xyz
2025-10-15,EC_Ecuabet_Registros_Casino,2,0.14,0,0,0.0,-0.14,drole-info.com
2025-10-15,EC_Ecuabet_Registros_Casino,1,0.085,0,0,0.0,-0.085,donghualife.com
2025-10-15,EC_Ecuabet_Registros_Casino,1,0.085,0,0,0.0,-0.085,dionisio.com.ar
2025-10-15,EC_Ecuabet_Registros_Casino,1,0.09,0,0,0.0,-0.09,diez.hn
2025-10-15,EC_Ecuabet_Registros_Casino,2,0.14,0,0,0.0,-0.14,detodounpocoyunpocodetodo1986.blogspot.com
2025-10-15,EC_Ecuabet_Registros_Casino,1,0.027,0,0,0.0,-0.027,datosdetuinteres.com
2025-10-15,EC_Ecuabet_Registros_Casino,1,0.085,0,0,0.0,-0.085,culturacolectiva.com
2025-10-15,EC_Ecuabet_Registros_Casino,19,0.8075,0,0,0.0,-0.8075,cronista.com
2025-10-15,EC_Ecuabet_Registros_Casino,1,0.075,0,0,0.0,-0.075,conectasalud.com
2025-10-15,EC_Ecuabet_Registros_Casino,1,0.09,0,0,0.0,-0.09,cieloaventura.xyz
2025-10-15,EC_Ecuabet_Registros_Casino,1,0.0375,0,0,0.0,-0.0375,chainityai.com
2025-10-15,EC_Ecuabet_Registros_Casino,3,0.25,0,0,0.0,-0.25,canal26.com
2025-10-15,EC_Ecuabet_Registros_Casino,1,0.075,0,0,0.0,-0.075,borutoanime.online
2025-10-15,EC_Ecuabet_Registros_Casino,5,0.913,0,0,0.0,-0.913,bolavip.com
2025-10-15,EC_Ecuabet_Registros_Casino,2,0.17,0,0,0.0,-0.17,bloghogar.net
2025-10-15,EC_Ecuabet_Registros_Casino,7,0.2675,0,0,0.0,-0.2675,bionotis.xyz
2025-10-15,EC_Ecuabet_Registros_Casino,1,0.075,0,0,0.0,-0.075,biggirls.blog
2025-10-15,EC_Ecuabet_Registros_Casino,2,0.14,0,0,0.0,-0.14,bienvenidoalhogar3.com
2025-10-15,EC_Ecuabet_Registros_Casino,0,0.0,0,0,0.0,0.0,bienestarpurohoy.store
2025-10-15,EC_Ecuabet_Registros_Casino,3,0.255,0,0,0.0,-0.255,ametalurgia.com
2025-10-15,EC_Ecuabet_Registros_Casino,1,0.085,0,0,0.0,-0.085,alterener.com
2025-10-15,EC_Ecuabet_Registros_Casino,4,0.305,0,0,0.0,-0.305,adqva.com
2025-10-15,EC_Ecuabet_Registros_Casino,11,0.915,0,0,0.0,-0.915,actualizadas.com
2025-10-15,EC_Ecuabet_Registros_Casino,2,0.175,0,0,0.0,-0.175,acentofinal.xyz
2025-10-15,EC_Ecuabet_Registros_Casino,74,5.55,0,0,0.0,-5.55,Xiaomi Opera Browser Newsfeed
2025-10-15,EC_Ecuabet_Registros_Deportivas,1,0.08,0,0,0.0,-0.08,w3diary.com
2025-10-15,EC_Ecuabet_Registros_Deportivas,11,0.44,0,0,0.0,-0.44,viralymedio.com
2025-10-15,EC_Ecuabet_Registros_Deportivas,1,0.08,0,0,0.0,-0.08,viralinkx.com
2025-10-15,EC_Ecuabet_Registros_Deportivas,1,0.08,0,0,0.0,-0.08,viralesenred.com
2025-10-15,EC_Ecuabet_Registros_Deportivas,1,0.08,0,0,0.0,-0.08,very-amazing.com
2025-10-15,EC_Ecuabet_Registros_Deportivas,1,0.08,0,0,0.0,-0.08,verboruto.online
2025-10-15,EC_Ecuabet_Registros_Deportivas,1,0.05,0,0,0.0,-0.05,tipssalud.online
2025-10-15,EC_Ecuabet_Registros_Deportivas,1,0.08,0,0,0.0,-0.08,taybanha03.top
2025-10-15,EC_Ecuabet_Registros_Deportivas,4,0.32,0,0,0.0,-0.32,taybanha02.top
2025-10-15,EC_Ecuabet_Registros_Deportivas,2,0.1,0,0,0.0,-0.1,soloparati.online
2025-10-15,EC_Ecuabet_Registros_Deportivas,1,0.08,0,0,0.0,-0.08,seriesperu.com
2025-10-15,EC_Ecuabet_Registros_Deportivas,3,0.24,0,0,0.0,-0.24,remedioscasero.info
2025-10-15,EC_Ecuabet_Registros_Deportivas,2,0.16,0,0,0.0,-0.16,remedionatural.xyz
2025-10-15,EC_Ecuabet_Registros_Deportivas,42,1.515,0,0,0.0,-1.515,redmas.com.co
2025-10-15,EC_Ecuabet_Registros_Deportivas,2,0.16,0,0,0.0,-0.16,olarviral.com
2025-10-15,EC_Ecuabet_Registros_Deportivas,4,0.32,0,0,0.0,-0.32,notisdiarias.com
2025-10-15,EC_Ecuabet_Registros_Deportivas,10,0.68,0,0,0.0,-0.68,noticiasdehoyy.net
2025-10-15,EC_Ecuabet_Registros_Deportivas,5,0.2,0,0,0.0,-0.2,noticiasamaris.com
2025-10-15,EC_Ecuabet_Registros_Deportivas,16,1.19,0,0,0.0,-1.19,noticiaomg.com
2025-10-15,EC_Ecuabet_Registros_Deportivas,5,0.37,0,0,0.0,-0.37,newnoti.com
2025-10-15,EC_Ecuabet_Registros_Deportivas,1,0.08,0,0,0.0,-0.08,mundosaludable.us
2025-10-15,EC_Ecuabet_Registros_Deportivas,4,0.26,0,0,0.0,-0.26,mhonividente.xyz
2025-10-15,EC_Ecuabet_Registros_Deportivas,3,0.21,0,0,0.0,-0.21,me-encantas.com
2025-10-15,EC_Ecuabet_Registros_Deportivas,3,0.18,0,0,0.0,-0.18,latinchats.net
2025-10-15,EC_Ecuabet_Registros_Deportivas,1,0.08,0,0,0.0,-0.08,larepublica.ec
2025-10-15,EC_Ecuabet_Registros_Deportivas,1,0.08,0,0,0.0,-0.08,lafm.com.co
2025-10-15,EC_Ecuabet_Registros_Deportivas,4,0.32,0,0,0.0,-0.32,jetrapic.com
2025-10-15,EC_Ecuabet_Registros_Deportivas,4,0.29,0,0,0.0,-0.29,informan2.us
2025-10-15,EC_Ecuabet_Registros_Deportivas,13,0.98,0,0,0.0,-0.98,fullnoticiasplus.blogspot.com
2025-10-15,EC_Ecuabet_Registros_Deportivas,3,0.18,0,0,0.0,-0.18,franciscosaludable.com
2025-10-15,EC_Ecuabet_Registros_Deportivas,5,0.34,0,0,0.0,-0.34,fotise.com
2025-10-15,EC_Ecuabet_Registros_Deportivas,2,0.16,0,0,0.0,-0.16,flux-studio.site
2025-10-15,EC_Ecuabet_Registros_Deportivas,4,0.16,0,0,0.0,-0.16,fbviral.com
2025-10-15,EC_Ecuabet_Registros_Deportivas,8,0.384,0,0,0.0,-0.384,famososyvirales.com
2025-10-15,EC_Ecuabet_Registros_Deportivas,1,0.08,0,0,0.0,-0.08,expansion.mx
2025-10-15,EC_Ecuabet_Registros_Deportivas,1,0.08,0,0,0.0,-0.08,elrincondefafa.com
2025-10-15,EC_Ecuabet_Registros_Deportivas,1,0.05,0,0,0.0,-0.05,ecuadornoticias.com
2025-10-15,EC_Ecuabet_Registros_Deportivas,1,0.08,0,0,0.0,-0.08,dionisio.com.ar
2025-10-15,EC_Ecuabet_Registros_Deportivas,1,0.08,0,0,0.0,-0.08,datosdetuinteres.com
2025-10-15,EC_Ecuabet_Registros_Deportivas,3,0.12,0,0,0.0,-0.12,cronista.com
2025-10-15,EC_Ecuabet_Registros_Deportivas,2,0.1,0,0,0.0,-0.1,chainityai.com
2025-10-15,EC_Ecuabet_Registros_Deportivas,2,0.16,0,0,0.0,-0.16,canal26.com
2025-10-15,EC_Ecuabet_Registros_Deportivas,2,0.32,0,0,0.0,-0.32,bolavip.com
2025-10-15,EC_Ecuabet_Registros_Deportivas,9,0.57,0,0,0.0,-0.57,bionotis.xyz
2025-10-15,EC_Ecuabet_Registros_Deportivas,1,0.08,0,0,0.0,-0.08,benefimundo.com
2025-10-15,EC_Ecuabet_Registros_Deportivas,1,0.08,0,0,0.0,-0.08,ametalurgia.com
2025-10-15,EC_Ecuabet_Registros_Deportivas,2,0.208,0,0,0.0,-0.208,adqva.com
2025-10-15,EC_Ecuabet_Registros_Deportivas,9,0.72,0,0,0.0,-0.72,Xiaomi Opera Browser Newsfeed
2025-10-15,EC_Ecuabet_Registros_Deportivas,7,0.168,0,0,0.0,-0.168,Xiaomi Browser Newsfeed
2025-10-15,EC_Ecuabet_Registros_Deportivas_Push,1,0.05,0,0,0.0,-0.05,PushKeeper
2025-10-15,EC_Ecuabet_Registros_Deportivas_Push,123,6.15,0,0,0.0,-6.15,InhouseAd
2025-10-15,EC_Ecuabet_Registros_Deportivas_Push,6,0.3,0,0,0.0,-0.3,AdPicMedia
2025-10-15,Peru | Aciertala | 2025,11,0.825,0,0,0.0,-0.825,trome.com
2025-10-15,Peru | Aciertala | 2025,1,0.075,0,0,0.0,-0.075,redmas.com.co
2025-10-15,Peru | Aciertala | 2025,1,0.075,0,0,0.0,-0.075,rcnradio.com
2025-10-15,Peru | Aciertala | 2025,1,0.075,0,0,0.0,-0.075,levelup.com
2025-10-15,Peru | Aciertala | 2025,9,0.675,0,0,0.0,-0.675,larazon.pe
2025-10-15,Peru | Aciertala | 2025,0,0.0,0,0,0.0,0.0,guatevision.com
2025-10-15,Peru | Aciertala | 2025,3,0.225,0,0,0.0,-0.225,elmen.pe
2025-10-15,Peru | Aciertala | 2025,0,0.0,0,0,0.0,0.0,eleconomista.com.mx
2025-10-15,Peru | Aciertala | 2025,12,0.9,0,0,0.0,-0.9,diariocorreo.pe
2025-10-15,Peru | Aciertala | 2025,2,0.15,0,0,0.0,-0.15,depor.com
2025-10-15,Peru | Aciertala | 2025,1,0.075,0,0,0.0,-0.075,am.com.mx
2025-10-15,Peru | Aciertala | 2025,1,0.075,0,0,0.0,-0.075,Outlook Web Non Inbox
2025-10-15,Peru | Aciertala | 2025,6,0.45,0,0,0.0,-0.45,Outlook Web Mobile
2025-10-15,Peru | Aciertala | 2025,33,2.475,0,0,0.0,-2.475,Outlook Web Desktop
2025-10-15,Peru | Aciertala | 2025,2,0.15,0,0,0.0,-0.15,Outlook Mobile Web Inbox
2025-10-15,Peru | Aciertala | 2025,1,0.075,0,0,0.0,-0.075,Office Monarch Inbox Primary Desktop
2025-10-15,Peru | Aciertala | 2025,14,1.05,0,0,0.0,-1.05,Office Monarch Inbox Desktop
2025-10-15,Peru | Aciertala | 2025,38,2.85,0,0,0.0,-2.85,Microsoft Start Android App
2025-10-15,Peru | Aciertala | 2025,2,0.15,0,0,0.0,-0.15,Microsoft Outlook IOS Native Inbox
2025-10-15,Peru | Aciertala | 2025,1,0.075,0,0,0.0,-0.075,Microsoft Outlook IOS Native
2025-10-15,Peru | Aciertala | 2025,1,0.075,0,0,0.0,-0.075,Microsoft Outlook Android App
2025-10-15,Peru | Aciertala | 2025,2,0.15,0,0,0.0,-0.15,MSN New Tab Infopane
2025-10-15,Peru | Aciertala | 2025,1,0.075,0,0,0.0,-0.075,MSN In-article
2025-10-15,Peru | Aciertala | 2025,2,0.15,0,0,0.0,-0.15,MSN Homepage River Cards
2025-10-15,Peru | Aciertala | 2025,1,0.075,0,0,0.0,-0.075,MSN Gallery Interstitial
2025-10-15,Peru | Aciertala | 2025,1,0.075,0,0,0.0,-0.075,MSN Article pages River Cards
2025-10-15,Peru | Aciertala | 2025,1,0.075,0,0,0.0,-0.075,MSN Article pages End of Article Block
2025-10-15,Peru | Aciertala | 2025,5,0.375,0,0,0.0,-0.375,HUAWEI Browser - Android
2025-10-15,Peru | Aciertala | 2025,11,0.825,0,0,0.0,-0.825,HUAWEI Assistant∙TODAY - Android
2025-10-15,Peru | Aciertala_Casino | 2025,5,0.35,0,0,0.0,-0.35,trome.com
2025-10-15,Peru | Aciertala_Casino | 2025,1,0.07,0,0,0.0,-0.07,terra.com.mx
2025-10-15,Peru | Aciertala_Casino | 2025,1,0.07,0,0,0.0,-0.07,terra.com.co
2025-10-15,Peru | Aciertala_Casino | 2025,1,0.07,0,0,0.0,-0.07,soycarmin.com
2025-10-15,Peru | Aciertala_Casino | 2025,2,0.14,0,0,0.0,-0.14,redmas.com.co
2025-10-15,Peru | Aciertala_Casino | 2025,13,0.91,0,0,0.0,-0.91,larazon.pe
2025-10-15,Peru | Aciertala_Casino | 2025,0,0.0,0,0,0.0,0.0,guatevision.com
2025-10-15,Peru | Aciertala_Casino | 2025,10,0.7,0,0,0.0,-0.7,elmen.pe
2025-10-15,Peru | Aciertala_Casino | 2025,0,0.0,0,0,0.0,0.0,eleconomista.com.mx
2025-10-15,Peru | Aciertala_Casino | 2025,7,0.49,0,0,0.0,-0.49,diariocorreo.pe
2025-10-15,Peru | Aciertala_Casino | 2025,1,0.07,0,0,0.0,-0.07,debate.com.mx
2025-10-15,Peru | Aciertala_Casino | 2025,2,0.14,0,0,0.0,-0.14,cronista.com
2025-10-15,Peru | Aciertala_Casino | 2025,0,0.0,0,0,0.0,0.0,am.com.mx
2025-10-15,Peru | Aciertala_Casino | 2025,9,0.63,0,0,0.0,-0.63,Outlook Web Mobile
2025-10-15,Peru | Aciertala_Casino | 2025,40,2.8,0,0,0.0,-2.8,Outlook Web Desktop
2025-10-15,Peru | Aciertala_Casino | 2025,1,0.07,0,0,0.0,-0.07,Outlook PC Web Inbox
2025-10-15,Peru | Aciertala_Casino | 2025,2,0.14,0,0,0.0,-0.14,Outlook App Inbox
2025-10-15,Peru | Aciertala_Casino | 2025,31,2.17,0,0,0.0,-2.17,Office Monarch Inbox Desktop
2025-10-15,Peru | Aciertala_Casino | 2025,1,0.07,0,0,0.0,-0.07,Microsoft Outlook Android App
2025-10-15,Peru | Aciertala_Casino | 2025,1,0.07,0,0,0.0,-0.07,HUAWEI Weather - Android
2025-10-15,Peru | Aciertala_Casino | 2025,2,0.14,0,0,0.0,-0.14,HUAWEI Browser - Android
2025-10-15,Peru | Aciertala_Casino | 2025,16,1.12,0,0,0.0,-1.12,HUAWEI Assistant∙TODAY - Android
2025-10-16,EC_Ecuabet_Registros_Casino,4,0.34,0,0,0.0,-0.34,wuaze.com
2025-10-16,EC_Ecuabet_Registros_Casino,3,0.26,0,0,0.0,-0.26,w3diary.com
2025-10-16,EC_Ecuabet_Registros_Casino,3,0.225,0,0,0.0,-0.225,vivaensalud.net
2025-10-16,EC_Ecuabet_Registros_Casino,1,0.085,0,0,0.0,-0.085,vitanel.info
2025-10-16,EC_Ecuabet_Registros_Casino,5,0.156,0,0,0.0,-0.156,viralymedio.com
2025-10-16,EC_Ecuabet_Registros_Casino,5,0.1215,0,0,0.0,-0.1215,viralsalud.club
2025-10-16,EC_Ecuabet_Registros_Casino,1,0.09,0,0,0.0,-0.09,viralonline.click
2025-10-16,EC_Ecuabet_Registros_Casino,8,0.67,0,0,0.0,-0.67,viralinkx.com
2025-10-16,EC_Ecuabet_Registros_Casino,16,0.6925,0,0,0.0,-0.6925,viraliking.com
2025-10-16,EC_Ecuabet_Registros_Casino,6,0.51,0,0,0.0,-0.51,very-amazing.com
2025-10-16,EC_Ecuabet_Registros_Casino,1,0.07,0,0,0.0,-0.07,verboruto.online
2025-10-16,EC_Ecuabet_Registros_Casino,1,0.09,0,0,0.0,-0.09,vanidades.com
2025-10-16,EC_Ecuabet_Registros_Casino,3,0.245,0,0,0.0,-0.245,uoxcom.com
2025-10-16,EC_Ecuabet_Registros_Casino,5,0.425,0,0,0.0,-0.425,unisalia.com
2025-10-16,EC_Ecuabet_Registros_Casino,3,0.255,0,0,0.0,-0.255,tvc.com.ec
2025-10-16,EC_Ecuabet_Registros_Casino,3,0.25,0,0,0.0,-0.25,tusitioviral.com
2025-10-16,EC_Ecuabet_Registros_Casino,1,0.085,0,0,0.0,-0.085,tunota.com
2025-10-16,EC_Ecuabet_Registros_Casino,3,0.27,0,0,0.0,-0.27,todosobreremedios.com
2025-10-16,EC_Ecuabet_Registros_Casino,1,0.085,0,0,0.0,-0.085,terra.com.mx
2025-10-16,EC_Ecuabet_Registros_Casino,1,0.09,0,0,0.0,-0.09,terra.com
2025-10-16,EC_Ecuabet_Registros_Casino,1,0.07,0,0,0.0,-0.07,tejemagia.com
2025-10-16,EC_Ecuabet_Registros_Casino,1,0.09,0,0,0.0,-0.09,taybanha04.top
2025-10-16,EC_Ecuabet_Registros_Casino,16,1.315,0,0,0.0,-1.315,taybanha03.top
2025-10-16,EC_Ecuabet_Registros_Casino,5,0.37,0,0,0.0,-0.37,taybanha02.top
2025-10-16,EC_Ecuabet_Registros_Casino,6,0.51,0,0,0.0,-0.51,taybanha01.top
2025-10-16,EC_Ecuabet_Registros_Casino,3,0.24,0,1,0.0,-0.24,superlike.com
2025-10-16,EC_Ecuabet_Registros_Casino,1,0.09,0,0,0.0,-0.09,soycarmin.com
2025-10-16,EC_Ecuabet_Registros_Casino,1,0.085,0,0,0.0,-0.085,solountip.com
2025-10-16,EC_Ecuabet_Registros_Casino,17,1.45,0,0,0.0,-1.45,soloparati.online
2025-10-16,EC_Ecuabet_Registros_Casino,1,0.075,0,0,0.0,-0.075,skymangas.com
2025-10-16,EC_Ecuabet_Registros_Casino,1,0.09,0,0,0.0,-0.09,seriesperu.tv
2025-10-16,EC_Ecuabet_Registros_Casino,3,0.23,0,0,0.0,-0.23,saludyconsejosparati.com
2025-10-16,EC_Ecuabet_Registros_Casino,29,2.51,0,0,0.0,-2.51,saludnaturales.xyz
2025-10-16,EC_Ecuabet_Registros_Casino,1,0.085,0,0,0.0,-0.085,saludinfinitatop.com
2025-10-16,EC_Ecuabet_Registros_Casino,9,0.755,0,0,0.0,-0.755,saludconfiables.online
2025-10-16,EC_Ecuabet_Registros_Casino,3,0.24,0,0,0.0,-0.24,saludactua.online
2025-10-16,EC_Ecuabet_Registros_Casino,22,2.405,0,0,0.0,-2.405,saludablefree.com
2025-10-16,EC_Ecuabet_Registros_Casino,1,0.09,0,0,0.0,-0.09,saboryconsejo.info
2025-10-16,EC_Ecuabet_Registros_Casino,28,3.055,0,0,0.0,-3.055,rts.com.ec
2025-10-16,EC_Ecuabet_Registros_Casino,1,0.09,0,0,0.0,-0.09,reporteindigo.com
2025-10-16,EC_Ecuabet_Registros_Casino,1,0.09,0,0,0.0,-0.09,remediossaludables.com
2025-10-16,EC_Ecuabet_Registros_Casino,5,0.385,0,0,0.0,-0.385,remedioscasero.info
2025-10-16,EC_Ecuabet_Registros_Casino,21,1.755,0,0,0.0,-1.755,remedionatural.xyz
2025-10-16,EC_Ecuabet_Registros_Casino,1,0.027,0,0,0.0,-0.027,recetasnatural.xyz
2025-10-16,EC_Ecuabet_Registros_Casino,5,0.43,0,0,0.0,-0.43,recetashogar.xyz
2025-10-16,EC_Ecuabet_Registros_Casino,1,0.075,0,0,0.0,-0.075,recetas-es.top
2025-10-16,EC_Ecuabet_Registros_Casino,3,0.245,0,0,0.0,-0.245,quien.com
2025-10-16,EC_Ecuabet_Registros_Casino,2,0.18,0,0,0.0,-0.18,puravida194.blogspot.com
2025-10-16,EC_Ecuabet_Registros_Casino,1,0.075,0,0,0.0,-0.075,pulzo.com
2025-10-16,EC_Ecuabet_Registros_Casino,1,0.07,0,0,0.0,-0.07,primetime1.su
2025-10-16,EC_Ecuabet_Registros_Casino,3,0.26,0,0,0.0,-0.26,prensalibre.com
2025-10-16,EC_Ecuabet_Registros_Casino,1,0.075,0,0,0.0,-0.075,pinnens.com
2025-10-16,EC_Ecuabet_Registros_Casino,3,0.245,0,0,0.0,-0.245,openiu.com
2025-10-16,EC_Ecuabet_Registros_Casino,3,0.235,0,0,0.0,-0.235,olipam.com
2025-10-16,EC_Ecuabet_Registros_Casino,16,0.61,0,0,0.0,-0.61,olarviral.com
2025-10-16,EC_Ecuabet_Registros_Casino,2,0.145,0,0,0.0,-0.145,ok-salud.com
2025-10-16,EC_Ecuabet_Registros_Casino,8,0.9675,0,0,0.0,-0.9675,nutricionysaludd.com
2025-10-16,EC_Ecuabet_Registros_Casino,1,0.085,0,0,0.0,-0.085,nutricionvitae.com
2025-10-16,EC_Ecuabet_Registros_Casino,1,0.075,0,0,0.0,-0.075,novelas24h.com
2025-10-16,EC_Ecuabet_Registros_Casino,4,0.33,0,0,0.0,-0.33,novelaplay.com
2025-10-16,EC_Ecuabet_Registros_Casino,1,0.085,0,0,0.0,-0.085,notistv.com
2025-10-16,EC_Ecuabet_Registros_Casino,2,0.08,0,0,0.0,-0.08,notisdiarias.com
2025-10-16,EC_Ecuabet_Registros_Casino,7,0.585,0,0,0.0,-0.585,notiiflash.com
2025-10-16,EC_Ecuabet_Registros_Casino,1,0.09,0,0,0.0,-0.09,noticlub.top
2025-10-16,EC_Ecuabet_Registros_Casino,1,0.09,0,0,0.0,-0.09,noticiasviralesenred.blogspot.com
2025-10-16,EC_Ecuabet_Registros_Casino,275,11.99,0,1,0.0,-11.99,noticiassalud.net
2025-10-16,EC_Ecuabet_Registros_Casino,16,1.33,0,1,0.0,-1.33,noticiasdiariasnews.com
2025-10-16,EC_Ecuabet_Registros_Casino,2,0.17,0,0,0.0,-0.17,noticiasdeultimahoradgg.blogspot.com
2025-10-16,EC_Ecuabet_Registros_Casino,16,0.5925,0,0,0.0,-0.5925,noticiasdehoyy.net
2025-10-16,EC_Ecuabet_Registros_Casino,7,0.159,0,0,0.0,-0.159,noticiaomg.com
2025-10-16,EC_Ecuabet_Registros_Casino,1,0.085,0,0,0.0,-0.085,noticiaalminuto.com
2025-10-16,EC_Ecuabet_Registros_Casino,6,0.5,0,0,0.0,-0.5,noticenter.lat
2025-10-16,EC_Ecuabet_Registros_Casino,2,0.0435,0,0,0.0,-0.0435,notasuperinteresantes.blogspot.com
2025-10-16,EC_Ecuabet_Registros_Casino,17,0.615,0,0,0.0,-0.615,newnoti.com
2025-10-16,EC_Ecuabet_Registros_Casino,15,1.25,0,0,0.0,-1.25,natureview.net
2025-10-16,EC_Ecuabet_Registros_Casino,10,0.875,0,0,0.0,-0.875,mivida1ro.com
2025-10-16,EC_Ecuabet_Registros_Casino,3,0.27,0,0,0.0,-0.27,milagrosasalud.com
2025-10-16,EC_Ecuabet_Registros_Casino,1,0.045,0,0,0.0,-0.045,mhonividente.xyz
2025-10-16,EC_Ecuabet_Registros_Casino,2,0.17,0,0,0.0,-0.17,meencantaelchocolate.com
2025-10-16,EC_Ecuabet_Registros_Casino,2,0.175,0,0,0.0,-0.175,me-encantas.com
2025-10-16,EC_Ecuabet_Registros_Casino,1,0.085,0,0,0.0,-0.085,masnatural.info
2025-10-16,EC_Ecuabet_Registros_Casino,3,0.26,0,0,0.0,-0.26,larepublica.ec
2025-10-16,EC_Ecuabet_Registros_Casino,7,0.53,0,0,0.0,-0.53,laprensa.hn
2025-10-16,EC_Ecuabet_Registros_Casino,1,0.085,0,0,0.0,-0.085,lanoticiahoy.xyz
2025-10-16,EC_Ecuabet_Registros_Casino,1,0.05,0,0,0.0,-0.05,lamega.com.co
2025-10-16,EC_Ecuabet_Registros_Casino,2,0.16,0,0,0.0,-0.16,lafm.com.co
2025-10-16,EC_Ecuabet_Registros_Casino,1,0.07,0,0,0.0,-0.07,jremedios.top
2025-10-16,EC_Ecuabet_Registros_Casino,36,3.17,0,0,0.0,-3.17,jetrapic.com
2025-10-16,EC_Ecuabet_Registros_Casino,1,0.075,0,0,0.0,-0.075,invdes.com.mx
2025-10-16,EC_Ecuabet_Registros_Casino,1,0.09,0,0,0.0,-0.09,interesantenews.com
2025-10-16,EC_Ecuabet_Registros_Casino,113,3.852,0,0,0.0,-3.852,infotime.co
2025-10-16,EC_Ecuabet_Registros_Casino,27,2.2,0,0,0.0,-2.2,informan2.us
2025-10-16,EC_Ecuabet_Registros_Casino,1,0.09,0,0,0.0,-0.09,ideasmanualidades.xyz
2025-10-16,EC_Ecuabet_Registros_Casino,13,0.336,0,0,0.0,-0.336,hubvirales.com
2025-10-16,EC_Ecuabet_Registros_Casino,9,0.553,0,0,0.0,-0.553,fullnoticiasplus.blogspot.com
2025-10-16,EC_Ecuabet_Registros_Casino,1,0.0225,0,0,0.0,-0.0225,franciscosaludable.com
2025-10-16,EC_Ecuabet_Registros_Casino,3,0.245,0,0,0.0,-0.245,fotise.com
2025-10-16,EC_Ecuabet_Registros_Casino,2,0.0495,0,0,0.0,-0.0495,fbviral.com
2025-10-16,EC_Ecuabet_Registros_Casino,4,0.17,0,0,0.0,-0.17,fbclic.com
2025-10-16,EC_Ecuabet_Registros_Casino,1,0.027,0,0,0.0,-0.027,famososyvirales.com
2025-10-16,EC_Ecuabet_Registros_Casino,1,0.09,0,0,0.0,-0.09,expansion.mx
2025-10-16,EC_Ecuabet_Registros_Casino,3,0.245,0,0,0.0,-0.245,excelsior.com.mx
2025-10-16,EC_Ecuabet_Registros_Casino,1,0.085,0,0,0.0,-0.085,elrincondefafa.com
2025-10-16,EC_Ecuabet_Registros_Casino,5,0.39,0,0,0.0,-0.39,elimparcial.com
2025-10-16,EC_Ecuabet_Registros_Casino,5,0.42,0,0,0.0,-0.42,elespectador.com
2025-10-16,EC_Ecuabet_Registros_Casino,1,0.0375,0,0,0.0,-0.0375,ecuadornoticias.com
2025-10-16,EC_Ecuabet_Registros_Casino,7,0.565,0,0,0.0,-0.565,eacar.xyz
2025-10-16,EC_Ecuabet_Registros_Casino,6,0.465,0,0,0.0,-0.465,diez.hn
2025-10-16,EC_Ecuabet_Registros_Casino,1,0.07,0,0,0.0,-0.07,detodounpocoyunpocodetodo1986.blogspot.com
2025-10-16,EC_Ecuabet_Registros_Casino,1,0.09,0,0,0.0,-0.09,deremedios.info
2025-10-16,EC_Ecuabet_Registros_Casino,2,0.045,0,0,0.0,-0.045,datosdetuinteres.com
2025-10-16,EC_Ecuabet_Registros_Casino,2,0.155,0,0,0.0,-0.155,curiosidadesvirales.com
2025-10-16,EC_Ecuabet_Registros_Casino,3,0.26,0,0,0.0,-0.26,culturacolectiva.com
2025-10-16,EC_Ecuabet_Registros_Casino,19,0.8075,0,0,0.0,-0.8075,cronista.com
2025-10-16,EC_Ecuabet_Registros_Casino,1,0.09,0,0,0.0,-0.09,consallud.com
2025-10-16,EC_Ecuabet_Registros_Casino,1,0.085,0,0,0.0,-0.085,candelaestereo.com
2025-10-16,EC_Ecuabet_Registros_Casino,4,0.325,0,0,0.0,-0.325,canal26.com
2025-10-16,EC_Ecuabet_Registros_Casino,2,0.17,0,0,0.0,-0.17,borutoanime.online
2025-10-16,EC_Ecuabet_Registros_Casino,3,0.572,0,1,0.0,-0.572,bolavip.com
2025-10-16,EC_Ecuabet_Registros_Casino,1,0.09,0,0,0.0,-0.09,bloghogar.net
2025-10-16,EC_Ecuabet_Registros_Casino,1,0.09,0,0,0.0,-0.09,bitlyanews.com
2025-10-16,EC_Ecuabet_Registros_Casino,7,0.2575,0,0,0.0,-0.2575,bionotis.xyz
2025-10-16,EC_Ecuabet_Registros_Casino,2,0.155,0,0,0.0,-0.155,bienvenidoalhogar3.com
2025-10-16,EC_Ecuabet_Registros_Casino,4,0.09,0,0,0.0,-0.09,benefimundo.com
2025-10-16,EC_Ecuabet_Registros_Casino,1,0.075,0,0,0.0,-0.075,bbmundo.com
2025-10-16,EC_Ecuabet_Registros_Casino,2,0.16,0,0,0.0,-0.16,antena2.com
2025-10-16,EC_Ecuabet_Registros_Casino,1,0.075,0,0,0.0,-0.075,animefenix2.tv
2025-10-16,EC_Ecuabet_Registros_Casino,2,0.175,0,0,0.0,-0.175,ametalurgia.com
2025-10-16,EC_Ecuabet_Registros_Casino,2,0.155,0,0,0.0,-0.155,adqva.com
2025-10-16,EC_Ecuabet_Registros_Casino,19,1.595,0,0,0.0,-1.595,actualizadas.com
2025-10-16,EC_Ecuabet_Registros_Casino,2,0.17,0,0,0.0,-0.17,acentofinal.xyz
2025-10-16,EC_Ecuabet_Registros_Casino,72,5.31,0,0,0.0,-5.31,Xiaomi Opera Browser Newsfeed
2025-10-16,EC_Ecuabet_Registros_Casino,1,0.09,0,0,0.0,-0.09,Outlook Web Mobile
2025-10-16,EC_Ecuabet_Registros_Casino,1,0.09,0,0,0.0,-0.09,4notiactualidad.blogspot.com
2025-10-16,EC_Ecuabet_Registros_Casino,4,0.315,0,0,0.0,-0.315,3notiactualidad.blogspot.com
2025-10-16,EC_Ecuabet_Registros_Deportivas,3,0.12,0,0,0.0,-0.12,viralymedio.com
2025-10-16,EC_Ecuabet_Registros_Deportivas,1,0.08,0,0,0.0,-0.08,viralinkx.com
2025-10-16,EC_Ecuabet_Registros_Deportivas,2,0.13,0,0,0.0,-0.13,very-amazing.com
2025-10-16,EC_Ecuabet_Registros_Deportivas,1,0.08,0,0,0.0,-0.08,verblackclover.com
2025-10-16,EC_Ecuabet_Registros_Deportivas,1,0.05,0,0,0.0,-0.05,tvserieslatino.com
2025-10-16,EC_Ecuabet_Registros_Deportivas,1,0.08,0,0,0.0,-0.08,tusitioviral.com
2025-10-16,EC_Ecuabet_Registros_Deportivas,1,0.08,0,0,0.0,-0.08,terra.com
2025-10-16,EC_Ecuabet_Registros_Deportivas,4,0.29,0,0,0.0,-0.29,taybanha03.top
2025-10-16,EC_Ecuabet_Registros_Deportivas,1,0.08,0,0,0.0,-0.08,taybanha02.top
2025-10-16,EC_Ecuabet_Registros_Deportivas,1,0.08,0,0,0.0,-0.08,taybanha01.top
2025-10-16,EC_Ecuabet_Registros_Deportivas,1,0.05,0,0,0.0,-0.05,spain-recipes.top
2025-10-16,EC_Ecuabet_Registros_Deportivas,1,0.08,0,0,0.0,-0.08,saludactua.online
2025-10-16,EC_Ecuabet_Registros_Deportivas,2,0.13,0,0,0.0,-0.13,saludablefree.com
2025-10-16,EC_Ecuabet_Registros_Deportivas,1,0.08,0,0,0.0,-0.08,rts.com.ec
2025-10-16,EC_Ecuabet_Registros_Deportivas,2,0.16,0,0,0.0,-0.16,remediossaludables.com
2025-10-16,EC_Ecuabet_Registros_Deportivas,3,0.24,0,0,0.0,-0.24,remedioscasero.info
2025-10-16,EC_Ecuabet_Registros_Deportivas,3,0.24,0,0,0.0,-0.24,remedionatural.xyz
2025-10-16,EC_Ecuabet_Registros_Deportivas,8,0.26,0,0,0.0,-0.26,redmas.com.co
2025-10-16,EC_Ecuabet_Registros_Deportivas,2,0.16,0,0,0.0,-0.16,recetasnatural.xyz
2025-10-16,EC_Ecuabet_Registros_Deportivas,1,0.08,0,0,0.0,-0.08,puravida194.blogspot.com
2025-10-16,EC_Ecuabet_Registros_Deportivas,4,0.32,0,0,0.0,-0.32,pulzo.com
2025-10-16,EC_Ecuabet_Registros_Deportivas,1,0.08,0,0,0.0,-0.08,olarviral.com
2025-10-16,EC_Ecuabet_Registros_Deportivas,1,0.08,0,0,0.0,-0.08,nutricionvitae.com
2025-10-16,EC_Ecuabet_Registros_Deportivas,1,0.08,0,0,0.0,-0.08,novelas24h.com
2025-10-16,EC_Ecuabet_Registros_Deportivas,2,0.16,0,0,0.0,-0.16,novelaplay.com
2025-10-16,EC_Ecuabet_Registros_Deportivas,3,0.21,0,0,0.0,-0.21,notisdiarias.com
2025-10-16,EC_Ecuabet_Registros_Deportivas,4,0.32,0,0,0.0,-0.32,noticiasdiariasnews.com
2025-10-16,EC_Ecuabet_Registros_Deportivas,1,0.08,0,0,0.0,-0.08,noticiasdeultimahoradgg.blogspot.com
2025-10-16,EC_Ecuabet_Registros_Deportivas,45,3.15,0,0,0.0,-3.15,noticiasdehoyy.net
2025-10-16,EC_Ecuabet_Registros_Deportivas,4,0.16,0,0,0.0,-0.16,noticiasamaris.com
2025-10-16,EC_Ecuabet_Registros_Deportivas,12,0.78,0,0,0.0,-0.78,noticiaomg.com
2025-10-16,EC_Ecuabet_Registros_Deportivas,30,2.34,0,0,0.0,-2.34,newnoti.com
2025-10-16,EC_Ecuabet_Registros_Deportivas,1,0.08,0,0,0.0,-0.08,mundosaludable.us
2025-10-16,EC_Ecuabet_Registros_Deportivas,1,0.05,0,0,0.0,-0.05,mivida1ro.com
2025-10-16,EC_Ecuabet_Registros_Deportivas,1,0.08,0,0,0.0,-0.08,mitrucoscaseros.com
2025-10-16,EC_Ecuabet_Registros_Deportivas,3,0.18,0,0,0.0,-0.18,mhonividente.xyz
2025-10-16,EC_Ecuabet_Registros_Deportivas,2,0.1,0,0,0.0,-0.1,latinchats.org
2025-10-16,EC_Ecuabet_Registros_Deportivas,2,0.1,0,0,0.0,-0.1,latinchats.net
2025-10-16,EC_Ecuabet_Registros_Deportivas,2,0.1,0,0,0.0,-0.1,larepublica.ec
2025-10-16,EC_Ecuabet_Registros_Deportivas,1,0.08,0,0,0.0,-0.08,jornada.com.mx
2025-10-16,EC_Ecuabet_Registros_Deportivas,1,0.08,0,0,0.0,-0.08,jetrapic.com
2025-10-16,EC_Ecuabet_Registros_Deportivas,5,0.37,0,0,0.0,-0.37,informan2.us
2025-10-16,EC_Ecuabet_Registros_Deportivas,21,1.47,0,0,0.0,-1.47,fullnoticiasplus.blogspot.com
2025-10-16,EC_Ecuabet_Registros_Deportivas,6,0.39,0,0,0.0,-0.39,franciscosaludable.com
2025-10-16,EC_Ecuabet_Registros_Deportivas,4,0.32,0,0,0.0,-0.32,fotise.com
2025-10-16,EC_Ecuabet_Registros_Deportivas,1,0.08,0,0,0.0,-0.08,flux-studio.site
2025-10-16,EC_Ecuabet_Registros_Deportivas,6,0.225,0,0,0.0,-0.225,fbviral.com
2025-10-16,EC_Ecuabet_Registros_Deportivas,14,0.672,0,0,0.0,-0.672,famososyvirales.com
2025-10-16,EC_Ecuabet_Registros_Deportivas,1,0.08,0,0,0.0,-0.08,elfarandi.com
2025-10-16,EC_Ecuabet_Registros_Deportivas,1,0.05,0,0,0.0,-0.05,ecuadornoticias.com
2025-10-16,EC_Ecuabet_Registros_Deportivas,4,0.16,0,0,0.0,-0.16,cronista.com
2025-10-16,EC_Ecuabet_Registros_Deportivas,1,0.08,0,0,0.0,-0.08,cocinadelirante.com
2025-10-16,EC_Ecuabet_Registros_Deportivas,3,0.24,0,0,0.0,-0.24,chainityai.com
2025-10-16,EC_Ecuabet_Registros_Deportivas,1,0.08,0,0,0.0,-0.08,borutoanime.online
2025-10-16,EC_Ecuabet_Registros_Deportivas,2,0.32,0,0,0.0,-0.32,bolavip.com
2025-10-16,EC_Ecuabet_Registros_Deportivas,15,0.99,0,0,0.0,-0.99,bionotis.xyz
2025-10-16,EC_Ecuabet_Registros_Deportivas,5,0.52,0,0,0.0,-0.52,adqva.com
2025-10-16,EC_Ecuabet_Registros_Deportivas,12,0.96,0,0,0.0,-0.96,Xiaomi Opera Browser Newsfeed
2025-10-16,EC_Ecuabet_Registros_Deportivas,6,0.144,0,0,0.0,-0.144,Xiaomi Browser Newsfeed
2025-10-16,Peru | Aciertala | 2025,4,0.3,0,0,0.0,-0.3,trome.com
2025-10-16,Peru | Aciertala | 2025,1,0.075,0,0,0.0,-0.075,terra.com.co
2025-10-16,Peru | Aciertala | 2025,4,0.3,0,0,0.0,-0.3,televicentro.com
2025-10-16,Peru | Aciertala | 2025,2,0.15,0,0,0.0,-0.15,peru21.pe
2025-10-16,Peru | Aciertala | 2025,1,0.075,0,0,0.0,-0.075,larazon.pe
2025-10-16,Peru | Aciertala | 2025,2,0.15,0,0,0.0,-0.15,laprensa.hn
2025-10-16,Peru | Aciertala | 2025,1,0.075,0,0,0.0,-0.075,guatevision.com
2025-10-16,Peru | Aciertala | 2025,1,0.075,0,0,0.0,-0.075,expansion.mx
2025-10-16,Peru | Aciertala | 2025,1,0.075,0,0,0.0,-0.075,elnacional.com
2025-10-16,Peru | Aciertala | 2025,6,0.45,0,0,0.0,-0.45,elmen.pe
2025-10-16,Peru | Aciertala | 2025,0,0.0,0,0,0.0,0.0,eleconomista.com.mx
2025-10-16,Peru | Aciertala | 2025,1,0.075,0,0,0.0,-0.075,elcomercio.com
2025-10-16,Peru | Aciertala | 2025,3,0.225,0,0,0.0,-0.225,diariocorreo.pe
2025-10-16,Peru | Aciertala | 2025,2,0.15,0,0,0.0,-0.15,atv.pe
2025-10-16,Peru | Aciertala | 2025,0,0.0,0,0,0.0,0.0,am.com.mx
2025-10-16,Peru | Aciertala | 2025,1,0.075,0,0,0.0,-0.075,Outlook Web Non Inbox
2025-10-16,Peru | Aciertala | 2025,27,2.025,0,0,0.0,-2.025,Outlook Web Desktop
2025-10-16,Peru | Aciertala | 2025,2,0.15,0,0,0.0,-0.15,Outlook Mobile Web Inbox
2025-10-16,Peru | Aciertala | 2025,2,0.15,0,0,0.0,-0.15,Office Monarch Inbox Primary Desktop
2025-10-16,Peru | Aciertala | 2025,16,1.2,0,0,0.0,-1.2,Office Monarch Inbox Desktop
2025-10-16,Peru | Aciertala | 2025,1,0.075,0,0,0.0,-0.075,Microsoft Start iOS App
2025-10-16,Peru | Aciertala | 2025,1,0.075,0,0,0.0,-0.075,Microsoft Start River Cards
2025-10-16,Peru | Aciertala | 2025,54,4.05,0,0,0.0,-4.05,Microsoft Start Android App
2025-10-16,Peru | Aciertala | 2025,2,0.15,0,0,0.0,-0.15,Microsoft Outlook Android App
2025-10-16,Peru | Aciertala | 2025,1,0.075,0,0,0.0,-0.075,MSN Video pages
2025-10-16,Peru | Aciertala | 2025,0,0.0,0,0,0.0,0.0,MSN New Tab Infopane
2025-10-16,Peru | Aciertala | 2025,1,0.075,0,0,0.0,-0.075,MSN Gallery Interstitial
2025-10-16,Peru | Aciertala | 2025,11,0.825,0,0,0.0,-0.825,HUAWEI Browser - Android
2025-10-16,Peru | Aciertala | 2025,20,1.5,0,0,0.0,-1.5,HUAWEI Assistant∙TODAY - Android
2025-10-16,Peru | Aciertala_Casino | 2025,2,0.14,0,0,0.0,-0.14,trome.com
2025-10-16,Peru | Aciertala_Casino | 2025,1,0.07,0,0,0.0,-0.07,terra.com.mx
2025-10-16,Peru | Aciertala_Casino | 2025,1,0.07,0,0,0.0,-0.07,terra.com.co
2025-10-16,Peru | Aciertala_Casino | 2025,1,0.07,0,0,0.0,-0.07,terra.com
2025-10-16,Peru | Aciertala_Casino | 2025,2,0.14,0,0,0.0,-0.14,televicentro.com
2025-10-16,Peru | Aciertala_Casino | 2025,2,0.14,0,0,0.0,-0.14,redmas.com.co
2025-10-16,Peru | Aciertala_Casino | 2025,1,0.07,0,0,0.0,-0.07,radiohrn.hn
2025-10-16,Peru | Aciertala_Casino | 2025,1,0.07,0,0,0.0,-0.07,pulzo.com
2025-10-16,Peru | Aciertala_Casino | 2025,1,0.07,0,0,0.0,-0.07,nacionrex.com
2025-10-16,Peru | Aciertala_Casino | 2025,0,0.0,0,0,0.0,0.0,lared.cl
2025-10-16,Peru | Aciertala_Casino | 2025,4,0.28,0,0,0.0,-0.28,larazon.pe
2025-10-16,Peru | Aciertala_Casino | 2025,3,0.21,0,0,0.0,-0.21,guatevision.com
2025-10-16,Peru | Aciertala_Casino | 2025,1,0.07,0,0,0.0,-0.07,elnacional.com
2025-10-16,Peru | Aciertala_Casino | 2025,7,0.49,0,0,0.0,-0.49,elmen.pe
2025-10-16,Peru | Aciertala_Casino | 2025,2,0.14,0,0,0.0,-0.14,eleconomista.com.mx
2025-10-16,Peru | Aciertala_Casino | 2025,3,0.21,0,0,0.0,-0.21,diariocorreo.pe
2025-10-16,Peru | Aciertala_Casino | 2025,1,0.07,0,0,0.0,-0.07,culturacolectiva.com
2025-10-16,Peru | Aciertala_Casino | 2025,3,0.21,0,0,0.0,-0.21,cronista.com
2025-10-16,Peru | Aciertala_Casino | 2025,1,0.07,0,0,0.0,-0.07,cosmopolitan.com.mx
2025-10-16,Peru | Aciertala_Casino | 2025,1,0.07,0,0,0.0,-0.07,atv.pe
2025-10-16,Peru | Aciertala_Casino | 2025,1,0.07,0,0,0.0,-0.07,antena2.com
2025-10-16,Peru | Aciertala_Casino | 2025,0,0.0,0,0,0.0,0.0,am.com.mx
2025-10-16,Peru | Aciertala_Casino | 2025,4,0.28,0,0,0.0,-0.28,Outlook Web Mobile
2025-10-16,Peru | Aciertala_Casino | 2025,1,0.07,0,0,0.0,-0.07,Outlook Web Mail
2025-10-16,Peru | Aciertala_Casino | 2025,38,2.66,0,0,0.0,-2.66,Outlook Web Desktop
2025-10-16,Peru | Aciertala_Casino | 2025,1,0.07,0,0,0.0,-0.07,Outlook Mobile Web Inbox
2025-10-16,Peru | Aciertala_Casino | 2025,1,0.07,0,0,0.0,-0.07,Outlook App Lite Android Primary
2025-10-16,Peru | Aciertala_Casino | 2025,1,0.07,0,0,0.0,-0.07,Office Monarch Non Inbox Desktop
2025-10-16,Peru | Aciertala_Casino | 2025,25,1.75,0,0,0.0,-1.75,Office Monarch Inbox Desktop
2025-10-16,Peru | Aciertala_Casino | 2025,1,0.07,0,0,0.0,-0.07,Office App Lite Android Other
2025-10-16,Peru | Aciertala_Casino | 2025,1,0.07,0,0,0.0,-0.07,Microsoft Outlook IOS Native
2025-10-16,Peru | Aciertala_Casino | 2025,5,0.35,0,0,0.0,-0.35,Microsoft Outlook Android App
2025-10-16,Peru | Aciertala_Casino | 2025,1,0.07,0,0,0.0,-0.07,HUAWEI Weather - Android
2025-10-16,Peru | Aciertala_Casino | 2025,3,0.21,0,0,0.0,-0.21,HUAWEI Browser - Android
2025-10-16,Peru | Aciertala_Casino | 2025,16,1.12,0,0,0.0,-1.12,HUAWEI Assistant∙TODAY - Android
2025-10-16,Peru | Aciertala_Casino | 2025,6,0.42,0,0,0.0,-0.42,HUAWEI AI Search - Android
2025-10-17,EC_Ecuabet_Registros_Casino,6,0.535,0,0,0.0,-0.535,wuaze.com
2025-10-17,EC_Ecuabet_Registros_Casino,1,0.09,0,0,0.0,-0.09,w3diary.com
2025-10-17,EC_Ecuabet_Registros_Casino,6,0.172,0,0,0.0,-0.172,viralymedio.com
2025-10-17,EC_Ecuabet_Registros_Casino,11,0.267,0,0,0.0,-0.267,viralsalud.club
2025-10-17,EC_Ecuabet_Registros_Casino,10,0.81,0,0,0.0,-0.81,viralinkx.com
2025-10-17,EC_Ecuabet_Registros_Casino,4,0.17,0,0,0.0,-0.17,viraliking.com
2025-10-17,EC_Ecuabet_Registros_Casino,6,0.515,0,0,0.0,-0.515,very-amazing.com
2025-10-17,EC_Ecuabet_Registros_Casino,1,0.085,0,0,0.0,-0.085,verboruto.online
2025-10-17,EC_Ecuabet_Registros_Casino,1,0.075,0,0,0.0,-0.075,verblackclover.com
2025-10-17,EC_Ecuabet_Registros_Casino,1,0.085,0,0,0.0,-0.085,uoxcom.com
2025-10-17,EC_Ecuabet_Registros_Casino,9,0.795,0,0,0.0,-0.795,unisalia.com
2025-10-17,EC_Ecuabet_Registros_Casino,1,0.09,0,0,0.0,-0.09,tvynovelas.com
2025-10-17,EC_Ecuabet_Registros_Casino,1,0.085,0,0,0.0,-0.085,tusitioviral.com
2025-10-17,EC_Ecuabet_Registros_Casino,3,0.24,0,0,0.0,-0.24,todosobreremedios.com
2025-10-17,EC_Ecuabet_Registros_Casino,1,0.09,0,0,0.0,-0.09,thecookguides.com
2025-10-17,EC_Ecuabet_Registros_Casino,2,0.17,0,0,0.0,-0.17,terra.com
2025-10-17,EC_Ecuabet_Registros_Casino,1,0.09,0,0,0.0,-0.09,televicentro.com
2025-10-17,EC_Ecuabet_Registros_Casino,2,0.175,0,0,0.0,-0.175,tejemagia.com
2025-10-17,EC_Ecuabet_Registros_Casino,1,0.09,0,0,0.0,-0.09,taybanha04.top
2025-10-17,EC_Ecuabet_Registros_Casino,8,0.68,0,0,0.0,-0.68,taybanha03.top
2025-10-17,EC_Ecuabet_Registros_Casino,3,0.24,0,0,0.0,-0.24,taybanha02.top
2025-10-17,EC_Ecuabet_Registros_Casino,2,0.17,0,0,0.0,-0.17,taybanha01.top
2025-10-17,EC_Ecuabet_Registros_Casino,1,0.085,0,0,0.0,-0.085,sumedico.com
2025-10-17,EC_Ecuabet_Registros_Casino,2,0.155,0,0,0.0,-0.155,spain-recipes.top
2025-10-17,EC_Ecuabet_Registros_Casino,1,0.09,0,0,0.0,-0.09,soycarmin.com
2025-10-17,EC_Ecuabet_Registros_Casino,6,0.485,0,0,0.0,-0.485,soloparati.online
2025-10-17,EC_Ecuabet_Registros_Casino,4,0.355,0,0,0.0,-0.355,skynovels.net
2025-10-17,EC_Ecuabet_Registros_Casino,1,0.09,0,0,0.0,-0.09,saludyconsejosparati.com
2025-10-17,EC_Ecuabet_Registros_Casino,7,0.61,0,0,0.0,-0.61,saludnaturales.xyz
2025-10-17,EC_Ecuabet_Registros_Casino,18,1.615,0,0,0.0,-1.615,saludconfiables.online
2025-10-17,EC_Ecuabet_Registros_Casino,6,0.51,0,0,0.0,-0.51,saludactua.online
2025-10-17,EC_Ecuabet_Registros_Casino,18,1.9695,0,0,0.0,-1.9695,saludablefree.com
2025-10-17,EC_Ecuabet_Registros_Casino,1,0.075,0,0,0.0,-0.075,salud180.com
2025-10-17,EC_Ecuabet_Registros_Casino,7,0.78,0,0,0.0,-0.78,rts.com.ec
2025-10-17,EC_Ecuabet_Registros_Casino,3,0.225,0,0,0.0,-0.225,remediossaludables.com
2025-10-17,EC_Ecuabet_Registros_Casino,3,0.265,0,0,0.0,-0.265,remedioscasero.info
2025-10-17,EC_Ecuabet_Registros_Casino,1,0.085,0,0,0.0,-0.085,remediosaldia.com
2025-10-17,EC_Ecuabet_Registros_Casino,17,1.465,0,0,0.0,-1.465,remedionatural.xyz
2025-10-17,EC_Ecuabet_Registros_Casino,1,0.07,0,0,0.0,-0.07,remdviral.com
2025-10-17,EC_Ecuabet_Registros_Casino,2,0.0495,0,0,0.0,-0.0495,recetasnatural.xyz
2025-10-17,EC_Ecuabet_Registros_Casino,2,0.175,0,0,0.0,-0.175,recetashogar.xyz
2025-10-17,EC_Ecuabet_Registros_Casino,1,0.075,0,0,0.0,-0.075,recetasenlared.com
2025-10-17,EC_Ecuabet_Registros_Casino,2,0.175,0,0,0.0,-0.175,recetas-es.top
2025-10-17,EC_Ecuabet_Registros_Casino,1,0.09,0,0,0.0,-0.09,quien.com
2025-10-17,EC_Ecuabet_Registros_Casino,1,0.075,0,0,0.0,-0.075,puroscaseros.xyz
2025-10-17,EC_Ecuabet_Registros_Casino,4,0.325,0,0,0.0,-0.325,puravida194.blogspot.com
2025-10-17,EC_Ecuabet_Registros_Casino,2,0.16,0,0,0.0,-0.16,pulzo.com
2025-10-17,EC_Ecuabet_Registros_Casino,1,0.09,0,0,0.0,-0.09,primetime1.su
2025-10-17,EC_Ecuabet_Registros_Casino,10,0.82,0,0,0.0,-0.82,prensalibre.com
2025-10-17,EC_Ecuabet_Registros_Casino,1,0.075,0,0,0.0,-0.075,portalviral.live
2025-10-17,EC_Ecuabet_Registros_Casino,2,0.18,0,0,0.0,-0.18,openiu.com
2025-10-17,EC_Ecuabet_Registros_Casino,5,0.19,0,1,0.0,-0.19,olarviral.com
2025-10-17,EC_Ecuabet_Registros_Casino,7,0.8775,0,0,0.0,-0.8775,nutricionysaludd.com
2025-10-17,EC_Ecuabet_Registros_Casino,2,0.18,0,0,0.0,-0.18,novelasmas.com
2025-10-17,EC_Ecuabet_Registros_Casino,1,0.085,0,0,0.0,-0.085,novelas24h.com
2025-10-17,EC_Ecuabet_Registros_Casino,4,0.325,0,0,0.0,-0.325,novelaplay.com
2025-10-17,EC_Ecuabet_Registros_Casino,2,0.16,0,0,0.0,-0.16,notiworldmex.xyz
2025-10-17,EC_Ecuabet_Registros_Casino,2,0.175,0,0,0.0,-0.175,notistv.com
2025-10-17,EC_Ecuabet_Registros_Casino,2,0.0875,0,0,0.0,-0.0875,notisdiarias.com
2025-10-17,EC_Ecuabet_Registros_Casino,1,0.085,0,0,0.0,-0.085,notimundoparati.top
2025-10-17,EC_Ecuabet_Registros_Casino,2,0.18,0,0,0.0,-0.18,notiiflash.com
2025-10-17,EC_Ecuabet_Registros_Casino,493,20.3675,0,2,0.0,-20.3675,noticiassalud.net
2025-10-17,EC_Ecuabet_Registros_Casino,27,2.265,0,0,0.0,-2.265,noticiasdiariasnews.com
2025-10-17,EC_Ecuabet_Registros_Casino,2,0.175,0,0,0.0,-0.175,noticiasdeultimahoradgg.blogspot.com
2025-10-17,EC_Ecuabet_Registros_Casino,12,0.455,0,0,0.0,-0.455,noticiasdehoyy.net
2025-10-17,EC_Ecuabet_Registros_Casino,2,0.0495,0,0,0.0,-0.0495,noticiaomg.com
2025-10-17,EC_Ecuabet_Registros_Casino,6,0.23,0,0,0.0,-0.23,newnoti.com
2025-10-17,EC_Ecuabet_Registros_Casino,26,2.055,0,0,0.0,-2.055,natureview.net
2025-10-17,EC_Ecuabet_Registros_Casino,1,0.09,0,0,0.0,-0.09,mujeryfamilia.org
2025-10-17,EC_Ecuabet_Registros_Casino,18,1.61,0,0,0.0,-1.61,mivida1ro.com
2025-10-17,EC_Ecuabet_Registros_Casino,1,0.09,0,0,0.0,-0.09,mitrucoscaseros.com
2025-10-17,EC_Ecuabet_Registros_Casino,5,0.395,0,0,0.0,-0.395,milagrosasalud.com
2025-10-17,EC_Ecuabet_Registros_Casino,1,0.085,0,0,0.0,-0.085,meencantaelchocolate.com
2025-10-17,EC_Ecuabet_Registros_Casino,7,0.55,0,0,0.0,-0.55,me-encantas.com
2025-10-17,EC_Ecuabet_Registros_Casino,1,0.09,0,0,0.0,-0.09,latinchats.net
2025-10-17,EC_Ecuabet_Registros_Casino,2,0.165,0,0,0.0,-0.165,laprensa.hn
2025-10-17,EC_Ecuabet_Registros_Casino,1,0.09,0,0,0.0,-0.09,lapaginamillonaria.com
2025-10-17,EC_Ecuabet_Registros_Casino,2,0.175,0,0,0.0,-0.175,lafm.com.co
2025-10-17,EC_Ecuabet_Registros_Casino,1,0.085,0,0,0.0,-0.085,lacuranatural.net
2025-10-17,EC_Ecuabet_Registros_Casino,34,2.865,0,0,0.0,-2.865,jetrapic.com
2025-10-17,EC_Ecuabet_Registros_Casino,119,3.982,0,0,0.0,-3.982,infotime.co
2025-10-17,EC_Ecuabet_Registros_Casino,28,2.275,0,0,0.0,-2.275,informan2.us
2025-10-17,EC_Ecuabet_Registros_Casino,1,0.085,0,0,0.0,-0.085,imagentv.com
2025-10-17,EC_Ecuabet_Registros_Casino,1,0.09,0,0,0.0,-0.09,ideasparamicasa.net
2025-10-17,EC_Ecuabet_Registros_Casino,2,0.16,0,0,0.0,-0.16,ideasmanualidades.xyz
2025-10-17,EC_Ecuabet_Registros_Casino,12,0.3105,0,0,0.0,-0.3105,hubvirales.com
2025-10-17,EC_Ecuabet_Registros_Casino,2,0.175,0,0,0.0,-0.175,herramientas-online.com
2025-10-17,EC_Ecuabet_Registros_Casino,7,0.4165,0,0,0.0,-0.4165,fullnoticiasplus.blogspot.com
2025-10-17,EC_Ecuabet_Registros_Casino,2,0.17,0,0,0.0,-0.17,fotise.com
2025-10-17,EC_Ecuabet_Registros_Casino,3,0.255,0,0,0.0,-0.255,flux-studio.site
2025-10-17,EC_Ecuabet_Registros_Casino,1,0.0255,0,0,0.0,-0.0255,fbviral.com
2025-10-17,EC_Ecuabet_Registros_Casino,9,0.3825,0,0,0.0,-0.3825,fbclic.com
2025-10-17,EC_Ecuabet_Registros_Casino,5,0.1275,0,0,0.0,-0.1275,famososyvirales.com
2025-10-17,EC_Ecuabet_Registros_Casino,3,0.135,0,0,0.0,-0.135,facetuve.com
2025-10-17,EC_Ecuabet_Registros_Casino,4,0.33,0,0,0.0,-0.33,expansion.mx
2025-10-17,EC_Ecuabet_Registros_Casino,1,0.09,0,0,0.0,-0.09,excelsior.com.mx
2025-10-17,EC_Ecuabet_Registros_Casino,2,0.175,0,0,0.0,-0.175,eres.com.mx
2025-10-17,EC_Ecuabet_Registros_Casino,1,0.085,0,0,0.0,-0.085,enpareja.com
2025-10-17,EC_Ecuabet_Registros_Casino,6,0.515,0,0,0.0,-0.515,elrincondefafa.com
2025-10-17,EC_Ecuabet_Registros_Casino,1,0.09,0,0,0.0,-0.09,elobservadornews.com.ar
2025-10-17,EC_Ecuabet_Registros_Casino,3,0.27,0,0,0.0,-0.27,elnacional.com
2025-10-17,EC_Ecuabet_Registros_Casino,4,0.31,0,0,0.0,-0.31,elimparcial.com
2025-10-17,EC_Ecuabet_Registros_Casino,2,0.17,0,0,0.0,-0.17,elespectador.com
2025-10-17,EC_Ecuabet_Registros_Casino,1,0.09,0,0,0.0,-0.09,elcomercio.pe
2025-10-17,EC_Ecuabet_Registros_Casino,5,0.415,0,0,0.0,-0.415,eacar.xyz
2025-10-17,EC_Ecuabet_Registros_Casino,1,0.09,0,0,0.0,-0.09,deremedios.info
2025-10-17,EC_Ecuabet_Registros_Casino,1,0.085,0,0,0.0,-0.085,decoracionybricolaje.net
2025-10-17,EC_Ecuabet_Registros_Casino,1,0.021,0,0,0.0,-0.021,datosdetuinteres.com
2025-10-17,EC_Ecuabet_Registros_Casino,1,0.09,0,0,0.0,-0.09,curiosidadesweb.com
2025-10-17,EC_Ecuabet_Registros_Casino,1,0.075,0,0,0.0,-0.075,curiosidadesvirales.com
2025-10-17,EC_Ecuabet_Registros_Casino,1,0.085,0,0,0.0,-0.085,culturacolectiva.com
2025-10-17,EC_Ecuabet_Registros_Casino,17,0.7225,0,0,0.0,-0.7225,cronista.com
2025-10-17,EC_Ecuabet_Registros_Casino,1,0.085,0,0,0.0,-0.085,consallud.com
2025-10-17,EC_Ecuabet_Registros_Casino,1,0.0375,0,0,0.0,-0.0375,chainityai.com
2025-10-17,EC_Ecuabet_Registros_Casino,2,0.12,0,0,0.0,-0.12,borutoanime.online
2025-10-17,EC_Ecuabet_Registros_Casino,10,1.848,0,0,0.0,-1.848,bolavip.com
2025-10-17,EC_Ecuabet_Registros_Casino,3,0.245,0,0,0.0,-0.245,bloghogar.net
2025-10-17,EC_Ecuabet_Registros_Casino,3,0.1125,0,0,0.0,-0.1125,bionotis.xyz
2025-10-17,EC_Ecuabet_Registros_Casino,2,0.14,0,0,0.0,-0.14,bienvenidoalhogar3.com
2025-10-17,EC_Ecuabet_Registros_Casino,1,0.085,0,0,0.0,-0.085,antena2.com
2025-10-17,EC_Ecuabet_Registros_Casino,2,0.16,0,0,0.0,-0.16,animefenix2.tv
2025-10-17,EC_Ecuabet_Registros_Casino,1,0.085,0,0,0.0,-0.085,alterener.com
2025-10-17,EC_Ecuabet_Registros_Casino,10,0.765,0,0,0.0,-0.765,adqva.com
2025-10-17,EC_Ecuabet_Registros_Casino,19,1.58,0,0,0.0,-1.58,actualizadas.com
2025-10-17,EC_Ecuabet_Registros_Casino,3,0.23,0,0,0.0,-0.23,acentofinal.xyz
2025-10-17,EC_Ecuabet_Registros_Casino,95,7.1,0,0,0.0,-7.1,Xiaomi Opera Browser Newsfeed
2025-10-17,EC_Ecuabet_Registros_Casino,0,0.0,0,0,0.0,0.0,Microsoft Outlook - Android
2025-10-17,EC_Ecuabet_Registros_Deportivas,1,0.08,0,0,0.0,-0.08,wuaze.com
2025-10-17,EC_Ecuabet_Registros_Deportivas,3,0.12,0,0,0.0,-0.12,viralymedio.com
2025-10-17,EC_Ecuabet_Registros_Deportivas,1,0.08,0,0,0.0,-0.08,viralonline.click
2025-10-17,EC_Ecuabet_Registros_Deportivas,1,0.08,0,0,0.0,-0.08,viralinkx.com
2025-10-17,EC_Ecuabet_Registros_Deportivas,1,0.08,0,0,0.0,-0.08,verboruto.online
2025-10-17,EC_Ecuabet_Registros_Deportivas,1,0.08,0,0,0.0,-0.08,unisalia.com
2025-10-17,EC_Ecuabet_Registros_Deportivas,1,0.08,0,0,0.0,-0.08,todosobreremedios.com
2025-10-17,EC_Ecuabet_Registros_Deportivas,1,0.05,0,0,0.0,-0.05,tipssalud.online
2025-10-17,EC_Ecuabet_Registros_Deportivas,2,0.16,0,0,0.0,-0.16,taybanha03.top
2025-10-17,EC_Ecuabet_Registros_Deportivas,1,0.08,0,0,0.0,-0.08,taybanha02.top
2025-10-17,EC_Ecuabet_Registros_Deportivas,1,0.08,0,0,0.0,-0.08,taybanha01.top
2025-10-17,EC_Ecuabet_Registros_Deportivas,1,0.05,0,0,0.0,-0.05,saludactua.online
2025-10-17,EC_Ecuabet_Registros_Deportivas,2,0.16,0,0,0.0,-0.16,saludablefree.com
2025-10-17,EC_Ecuabet_Registros_Deportivas,1,0.08,0,0,0.0,-0.08,remedioscasero.info
2025-10-17,EC_Ecuabet_Registros_Deportivas,1,0.08,0,0,0.0,-0.08,remedionatural.xyz
2025-10-17,EC_Ecuabet_Registros_Deportivas,8,0.32,0,0,0.0,-0.32,redmas.com.co
2025-10-17,EC_Ecuabet_Registros_Deportivas,7,0.38,0,0,0.0,-0.38,recetasnatural.xyz
2025-10-17,EC_Ecuabet_Registros_Deportivas,2,0.16,0,0,0.0,-0.16,recetashogar.xyz
2025-10-17,EC_Ecuabet_Registros_Deportivas,1,0.08,0,0,0.0,-0.08,puravida194.blogspot.com
2025-10-17,EC_Ecuabet_Registros_Deportivas,3,0.24,0,0,0.0,-0.24,pulzo.com
2025-10-17,EC_Ecuabet_Registros_Deportivas,1,0.08,0,0,0.0,-0.08,olarviral.com
2025-10-17,EC_Ecuabet_Registros_Deportivas,1,0.08,0,0,0.0,-0.08,nutricionysaludd.com
2025-10-17,EC_Ecuabet_Registros_Deportivas,3,0.24,0,0,0.0,-0.24,novelaplay.com
2025-10-17,EC_Ecuabet_Registros_Deportivas,6,0.42,0,0,0.0,-0.42,notisdiarias.com
2025-10-17,EC_Ecuabet_Registros_Deportivas,1,0.08,0,0,0.0,-0.08,noticlub.top
2025-10-17,EC_Ecuabet_Registros_Deportivas,3,0.24,0,0,0.0,-0.24,noticiasdiariasnews.com
2025-10-17,EC_Ecuabet_Registros_Deportivas,1,0.08,0,0,0.0,-0.08,noticiasdeultimahoradgg.blogspot.com
2025-10-17,EC_Ecuabet_Registros_Deportivas,20,1.45,0,0,0.0,-1.45,noticiasdehoyy.net
2025-10-17,EC_Ecuabet_Registros_Deportivas,6,0.24,0,0,0.0,-0.24,noticiasamaris.com
2025-10-17,EC_Ecuabet_Registros_Deportivas,8,0.55,0,0,0.0,-0.55,noticiaomg.com
2025-10-17,EC_Ecuabet_Registros_Deportivas,11,0.88,0,0,0.0,-0.88,newnoti.com
2025-10-17,EC_Ecuabet_Registros_Deportivas,1,0.08,0,0,0.0,-0.08,mundosaludable.us
2025-10-17,EC_Ecuabet_Registros_Deportivas,2,0.16,0,0,0.0,-0.16,milagrosasalud.com
2025-10-17,EC_Ecuabet_Registros_Deportivas,2,0.1,0,0,0.0,-0.1,mhonividente.xyz
2025-10-17,EC_Ecuabet_Registros_Deportivas,2,0.1,0,0,0.0,-0.1,latinchats.net
2025-10-17,EC_Ecuabet_Registros_Deportivas,2,0.16,0,0,0.0,-0.16,jetrapic.com
2025-10-17,EC_Ecuabet_Registros_Deportivas,7,0.56,0,0,0.0,-0.56,informan2.us
2025-10-17,EC_Ecuabet_Registros_Deportivas,5,0.4,0,0,0.0,-0.4,fullnoticiasplus.blogspot.com
2025-10-17,EC_Ecuabet_Registros_Deportivas,3,0.24,0,0,0.0,-0.24,franciscosaludable.com
2025-10-17,EC_Ecuabet_Registros_Deportivas,3,0.24,0,0,0.0,-0.24,flux-studio.site
2025-10-17,EC_Ecuabet_Registros_Deportivas,1,0.08,0,0,0.0,-0.08,feji.io
2025-10-17,EC_Ecuabet_Registros_Deportivas,3,0.12,0,0,0.0,-0.12,fbviral.com
2025-10-17,EC_Ecuabet_Registros_Deportivas,9,0.432,0,1,0.0,-0.432,famososyvirales.com
2025-10-17,EC_Ecuabet_Registros_Deportivas,1,0.08,0,0,0.0,-0.08,eluniversal.com
2025-10-17,EC_Ecuabet_Registros_Deportivas,1,0.08,0,0,0.0,-0.08,elimparcial.com
2025-10-17,EC_Ecuabet_Registros_Deportivas,1,0.08,0,0,0.0,-0.08,elespectador.com
2025-10-17,EC_Ecuabet_Registros_Deportivas,1,0.08,0,0,0.0,-0.08,dionisio.com.ar
2025-10-17,EC_Ecuabet_Registros_Deportivas,1,0.08,0,0,0.0,-0.08,diariolibree.com
2025-10-17,EC_Ecuabet_Registros_Deportivas,1,0.05,0,0,0.0,-0.05,debate.com.mx
2025-10-17,EC_Ecuabet_Registros_Deportivas,1,0.05,0,0,0.0,-0.05,datosdetuinteres.com
2025-10-17,EC_Ecuabet_Registros_Deportivas,3,0.12,0,0,0.0,-0.12,cronista.com
2025-10-17,EC_Ecuabet_Registros_Deportivas,4,0.32,0,0,0.0,-0.32,chainityai.com
2025-10-17,EC_Ecuabet_Registros_Deportivas,1,0.08,0,0,0.0,-0.08,borutoanime.online
2025-10-17,EC_Ecuabet_Registros_Deportivas,4,0.64,0,0,0.0,-0.64,bolavip.com
2025-10-17,EC_Ecuabet_Registros_Deportivas,10,0.59,0,0,0.0,-0.59,bionotis.xyz
2025-10-17,EC_Ecuabet_Registros_Deportivas,2,0.16,0,0,0.0,-0.16,benefimundo.com
2025-10-17,EC_Ecuabet_Registros_Deportivas,1,0.08,0,0,0.0,-0.08,animefenix2.tv
2025-10-17,EC_Ecuabet_Registros_Deportivas,1,0.08,0,0,0.0,-0.08,albat.com
2025-10-17,EC_Ecuabet_Registros_Deportivas,13,1.352,0,0,0.0,-1.352,adqva.com
2025-10-17,EC_Ecuabet_Registros_Deportivas,18,1.44,0,0,0.0,-1.44,Xiaomi Opera Browser Newsfeed
2025-10-17,EC_Ecuabet_Registros_Deportivas,7,0.168,0,0,0.0,-0.168,Xiaomi Browser Newsfeed
2025-10-17,EC_Ecuabet_Registros_Deportivas_Push,1,0.05,0,0,0.0,-0.05,PushKeeper
2025-10-17,EC_Ecuabet_Registros_Deportivas_Push,147,7.35,0,1,0.0,-7.35,InhouseAd
2025-10-17,EC_Ecuabet_Registros_Deportivas_Push,4,0.2,0,0,0.0,-0.2,AdPicMedia
2025-10-17,Peru | Aciertala | 2025,10,0.75,0,0,0.0,-0.75,trome.com
2025-10-17,Peru | Aciertala | 2025,3,0.225,0,0,0.0,-0.225,televicentro.com
2025-10-17,Peru | Aciertala | 2025,2,0.15,0,0,0.0,-0.15,redmas.com.co
2025-10-17,Peru | Aciertala | 2025,1,0.075,0,0,0.0,-0.075,peru21.pe
2025-10-17,Peru | Aciertala | 2025,3,0.225,0,0,0.0,-0.225,lared.cl
2025-10-17,Peru | Aciertala | 2025,8,0.6,0,0,0.0,-0.6,larazon.pe
2025-10-17,Peru | Aciertala | 2025,1,0.075,0,0,0.0,-0.075,labrujula24.com
2025-10-17,Peru | Aciertala | 2025,0,0.0,0,0,0.0,0.0,guatevision.com
2025-10-17,Peru | Aciertala | 2025,1,0.075,0,0,0.0,-0.075,elmen.pe
2025-10-17,Peru | Aciertala | 2025,8,0.6,0,0,0.0,-0.6,eleconomista.com.mx
2025-10-17,Peru | Aciertala | 2025,1,0.075,0,0,0.0,-0.075,diariolibree.com
2025-10-17,Peru | Aciertala | 2025,3,0.225,0,0,0.0,-0.225,diariocorreo.pe
2025-10-17,Peru | Aciertala | 2025,1,0.075,0,0,0.0,-0.075,atv.pe
2025-10-17,Peru | Aciertala | 2025,0,0.0,0,0,0.0,0.0,am.com.mx
2025-10-17,Peru | Aciertala | 2025,6,0.45,0,0,0.0,-0.45,Outlook Web Mobile
2025-10-17,Peru | Aciertala | 2025,34,2.55,0,0,0.0,-2.55,Outlook Web Desktop
2025-10-17,Peru | Aciertala | 2025,1,0.075,0,0,0.0,-0.075,Outlook PC Web Inbox
2025-10-17,Peru | Aciertala | 2025,13,0.975,0,0,0.0,-0.975,Office Monarch Inbox Desktop
2025-10-17,Peru | Aciertala | 2025,1,0.075,0,0,0.0,-0.075,Microsoft Start iOS App
2025-10-17,Peru | Aciertala | 2025,39,2.925,0,0,0.0,-2.925,Microsoft Start Android App
2025-10-17,Peru | Aciertala | 2025,1,0.075,0,0,0.0,-0.075,Microsoft Outlook IOS Native
2025-10-17,Peru | Aciertala | 2025,3,0.225,0,0,0.0,-0.225,Microsoft Outlook Android App
2025-10-17,Peru | Aciertala | 2025,4,0.3,0,0,0.0,-0.3,MSN New Tab Infopane
2025-10-17,Peru | Aciertala | 2025,1,0.075,0,0,0.0,-0.075,MSN Homepage Infopane
2025-10-17,Peru | Aciertala | 2025,2,0.15,0,0,0.0,-0.15,MSN Gallery Interstitial
2025-10-17,Peru | Aciertala | 2025,1,0.075,0,0,0.0,-0.075,MSN Article pages River Cards
2025-10-17,Peru | Aciertala | 2025,9,0.675,0,0,0.0,-0.675,HUAWEI Browser - Android
2025-10-17,Peru | Aciertala | 2025,8,0.6,0,0,0.0,-0.6,HUAWEI Assistant∙TODAY - Android
2025-10-17,Peru | Aciertala | 2025,1,0.075,0,0,0.0,-0.075,HUAWEI AI Search - Android
2025-10-17,Peru | Aciertala_Casino | 2025,1,0.07,0,0,0.0,-0.07,tvn-2.com
2025-10-17,Peru | Aciertala_Casino | 2025,2,0.14,0,0,0.0,-0.14,trome.com
2025-10-17,Peru | Aciertala_Casino | 2025,2,0.14,0,0,0.0,-0.14,redmas.com.co
2025-10-17,Peru | Aciertala_Casino | 2025,1,0.07,0,0,0.0,-0.07,quien.com
2025-10-17,Peru | Aciertala_Casino | 2025,1,0.07,0,0,0.0,-0.07,prensalibre.com
2025-10-17,Peru | Aciertala_Casino | 2025,1,0.07,0,0,0.0,-0.07,peru21.pe
2025-10-17,Peru | Aciertala_Casino | 2025,6,0.42,0,0,0.0,-0.42,lared.cl
2025-10-17,Peru | Aciertala_Casino | 2025,14,0.98,0,0,0.0,-0.98,larazon.pe
2025-10-17,Peru | Aciertala_Casino | 2025,3,0.21,0,0,0.0,-0.21,guatevision.com
2025-10-17,Peru | Aciertala_Casino | 2025,1,0.07,0,0,0.0,-0.07,eluniversal.com
2025-10-17,Peru | Aciertala_Casino | 2025,1,0.07,0,0,0.0,-0.07,elmen.pe
2025-10-17,Peru | Aciertala_Casino | 2025,21,1.47,0,0,0.0,-1.47,eleconomista.com.mx
2025-10-17,Peru | Aciertala_Casino | 2025,1,0.07,0,0,0.0,-0.07,elcomercio.com
2025-10-17,Peru | Aciertala_Casino | 2025,1,0.07,0,0,0.0,-0.07,elbuho.pe
2025-10-17,Peru | Aciertala_Casino | 2025,3,0.21,0,0,0.0,-0.21,diariocorreo.pe
2025-10-17,Peru | Aciertala_Casino | 2025,1,0.07,0,0,0.0,-0.07,cronista.com
2025-10-17,Peru | Aciertala_Casino | 2025,0,0.0,0,0,0.0,0.0,am.com.mx
2025-10-17,Peru | Aciertala_Casino | 2025,2,0.14,0,0,0.0,-0.14,Outlook Web Non Inbox
2025-10-17,Peru | Aciertala_Casino | 2025,8,0.56,0,0,0.0,-0.56,Outlook Web Mobile
2025-10-17,Peru | Aciertala_Casino | 2025,3,0.21,0,0,0.0,-0.21,Outlook Web Mail
2025-10-17,Peru | Aciertala_Casino | 2025,35,2.45,0,0,0.0,-2.45,Outlook Web Desktop
2025-10-17,Peru | Aciertala_Casino | 2025,1,0.07,0,0,0.0,-0.07,Outlook Mobile Web Inbox
2025-10-17,Peru | Aciertala_Casino | 2025,1,0.07,0,0,0.0,-0.07,Outlook App Inbox
2025-10-17,Peru | Aciertala_Casino | 2025,1,0.07,0,0,0.0,-0.07,Office Monarch Inbox Primary Desktop
2025-10-17,Peru | Aciertala_Casino | 2025,15,1.05,0,0,0.0,-1.05,Office Monarch Inbox Desktop
2025-10-17,Peru | Aciertala_Casino | 2025,1,0.07,0,0,0.0,-0.07,Microsoft Outlook IOS Native Inbox
2025-10-17,Peru | Aciertala_Casino | 2025,2,0.14,0,0,0.0,-0.14,Microsoft Outlook Android App
2025-10-17,Peru | Aciertala_Casino | 2025,5,0.35,0,0,0.0,-0.35,HUAWEI Browser - Android
2025-10-17,Peru | Aciertala_Casino | 2025,13,0.91,0,0,0.0,-0.91,HUAWEI Assistant∙TODAY - Android
2025-10-17,Peru | Aciertala_Casino | 2025,6,0.42,0,0,0.0,-0.42,HUAWEI AI Search - Android
2025-10-18,EC_Ecuabet_Registros_Casino,2,0.165,0,0,0.0,-0.165,wuaze.com
2025-10-18,EC_Ecuabet_Registros_Casino,2,0.16,0,0,0.0,-0.16,w3diary.com
2025-10-18,EC_Ecuabet_Registros_Casino,1,0.085,0,0,0.0,-0.085,vitanel.info
2025-10-18,EC_Ecuabet_Registros_Casino,6,0.18,0,0,0.0,-0.18,viralymedio.com
2025-10-18,EC_Ecuabet_Registros_Casino,10,0.2445,0,0,0.0,-0.2445,viralsalud.club
2025-10-18,EC_Ecuabet_Registros_Casino,6,0.485,0,0,0.0,-0.485,viralinkx.com
2025-10-18,EC_Ecuabet_Registros_Casino,4,0.1625,0,0,0.0,-0.1625,viraliking.com
2025-10-18,EC_Ecuabet_Registros_Casino,2,0.135,0,0,0.0,-0.135,vibra.co
2025-10-18,EC_Ecuabet_Registros_Casino,7,0.585,0,0,0.0,-0.585,very-amazing.com
2025-10-18,EC_Ecuabet_Registros_Casino,1,0.075,0,0,0.0,-0.075,verblackclover.com
2025-10-18,EC_Ecuabet_Registros_Casino,1,0.085,0,0,0.0,-0.085,vanidades.com
2025-10-18,EC_Ecuabet_Registros_Casino,4,0.28,0,0,0.0,-0.28,uoxcom.com
2025-10-18,EC_Ecuabet_Registros_Casino,7,0.6,0,0,0.0,-0.6,unisalia.com
2025-10-18,EC_Ecuabet_Registros_Casino,1,0.075,0,0,0.0,-0.075,tvn-2.com
2025-10-18,EC_Ecuabet_Registros_Casino,1,0.085,0,0,0.0,-0.085,tvc.com.ec
2025-10-18,EC_Ecuabet_Registros_Casino,4,0.36,0,0,0.0,-0.36,tusitioviral.com
2025-10-18,EC_Ecuabet_Registros_Casino,1,0.09,0,0,0.0,-0.09,tomatazos.com
2025-10-18,EC_Ecuabet_Registros_Casino,5,0.355,0,0,0.0,-0.355,todosobreremedios.com
2025-10-18,EC_Ecuabet_Registros_Casino,1,0.07,0,0,0.0,-0.07,todoenlared.net
2025-10-18,EC_Ecuabet_Registros_Casino,2,0.17,0,0,0.0,-0.17,tipssalud.online
2025-10-18,EC_Ecuabet_Registros_Casino,1,0.075,0,0,0.0,-0.075,terra.com.mx
2025-10-18,EC_Ecuabet_Registros_Casino,1,0.07,0,0,0.0,-0.07,tejemagia.com
2025-10-18,EC_Ecuabet_Registros_Casino,1,0.09,0,0,0.0,-0.09,taybanha04.top
2025-10-18,EC_Ecuabet_Registros_Casino,7,0.555,0,0,0.0,-0.555,taybanha03.top
2025-10-18,EC_Ecuabet_Registros_Casino,4,0.32,0,0,0.0,-0.32,taybanha02.top
2025-10-18,EC_Ecuabet_Registros_Casino,4,0.33,0,0,0.0,-0.33,soloparati.online
2025-10-18,EC_Ecuabet_Registros_Casino,2,0.175,0,0,0.0,-0.175,skynovels.net
2025-10-18,EC_Ecuabet_Registros_Casino,1,0.09,0,0,0.0,-0.09,serielatinobobesponja.com
2025-10-18,EC_Ecuabet_Registros_Casino,3,0.255,0,0,0.0,-0.255,saludyconsejosparati.com
2025-10-18,EC_Ecuabet_Registros_Casino,14,1.215,0,0,0.0,-1.215,saludnaturales.xyz
2025-10-18,EC_Ecuabet_Registros_Casino,1,0.085,0,0,0.0,-0.085,saludactua.online
2025-10-18,EC_Ecuabet_Registros_Casino,18,1.9955,0,0,0.0,-1.9955,saludablefree.com
2025-10-18,EC_Ecuabet_Registros_Casino,3,0.245,0,0,0.0,-0.245,saboryconsejo.info
2025-10-18,EC_Ecuabet_Registros_Casino,1,0.1105,0,0,0.0,-0.1105,rts.com.ec
2025-10-18,EC_Ecuabet_Registros_Casino,4,0.335,0,0,0.0,-0.335,remediossaludables.com
2025-10-18,EC_Ecuabet_Registros_Casino,8,0.66,0,0,0.0,-0.66,remedioscasero.info
2025-10-18,EC_Ecuabet_Registros_Casino,2,0.175,0,0,0.0,-0.175,remediosaqui.com
2025-10-18,EC_Ecuabet_Registros_Casino,17,1.495,0,0,0.0,-1.495,remedionatural.xyz
2025-10-18,EC_Ecuabet_Registros_Casino,2,0.12,0,0,0.0,-0.12,remdviral.com
2025-10-18,EC_Ecuabet_Registros_Casino,3,0.255,0,0,0.0,-0.255,recetashogar.xyz
2025-10-18,EC_Ecuabet_Registros_Casino,1,0.075,0,0,0.0,-0.075,realtyshouu63.blogspot.com
2025-10-18,EC_Ecuabet_Registros_Casino,1,0.07,0,0,0.0,-0.07,radiohrn.hn
2025-10-18,EC_Ecuabet_Registros_Casino,3,0.215,0,0,0.0,-0.215,puroscaseros.xyz
2025-10-18,EC_Ecuabet_Registros_Casino,2,0.18,0,0,0.0,-0.18,puravida194.blogspot.com
2025-10-18,EC_Ecuabet_Registros_Casino,3,0.24,0,0,0.0,-0.24,pulzo.com
2025-10-18,EC_Ecuabet_Registros_Casino,2,0.175,0,0,0.0,-0.175,pinnens.com
2025-10-18,EC_Ecuabet_Registros_Casino,1,0.085,0,0,0.0,-0.085,periodismopublico.com
2025-10-18,EC_Ecuabet_Registros_Casino,6,0.53,0,0,0.0,-0.53,openiu.com
2025-10-18,EC_Ecuabet_Registros_Casino,7,0.29,0,0,0.0,-0.29,olarviral.com
2025-10-18,EC_Ecuabet_Registros_Casino,3,0.3525,0,0,0.0,-0.3525,nutricionysaludd.com
2025-10-18,EC_Ecuabet_Registros_Casino,3,0.26,0,0,0.0,-0.26,nutricionvitae.com
2025-10-18,EC_Ecuabet_Registros_Casino,4,0.325,0,0,0.0,-0.325,novelaplay.com
2025-10-18,EC_Ecuabet_Registros_Casino,3,0.255,0,0,0.0,-0.255,notiiflash.com
2025-10-18,EC_Ecuabet_Registros_Casino,372,16.1775,0,0,0.0,-16.1775,noticiassalud.net
2025-10-18,EC_Ecuabet_Registros_Casino,12,1.02,0,0,0.0,-1.02,noticiasdiariasnews.com
2025-10-18,EC_Ecuabet_Registros_Casino,11,0.4325,0,0,0.0,-0.4325,noticiasdehoyy.net
2025-10-18,EC_Ecuabet_Registros_Casino,3,0.069,0,0,0.0,-0.069,noticiaomg.com
2025-10-18,EC_Ecuabet_Registros_Casino,1,0.09,0,0,0.0,-0.09,noticenter.lat
2025-10-18,EC_Ecuabet_Registros_Casino,1,0.09,0,0,0.0,-0.09,newsdailymedia.com
2025-10-18,EC_Ecuabet_Registros_Casino,6,0.22,0,0,0.0,-0.22,newnoti.com
2025-10-18,EC_Ecuabet_Registros_Casino,9,0.77,0,0,0.0,-0.77,natureview.net
2025-10-18,EC_Ecuabet_Registros_Casino,2,0.0495,0,0,0.0,-0.0495,mundosaludable.us
2025-10-18,EC_Ecuabet_Registros_Casino,1,0.085,0,0,0.0,-0.085,misimagenesdeluto.com
2025-10-18,EC_Ecuabet_Registros_Casino,2,0.135,0,0,0.0,-0.135,meencantaelchocolate.com
2025-10-18,EC_Ecuabet_Registros_Casino,7,0.56,0,0,0.0,-0.56,me-encantas.com
2025-10-18,EC_Ecuabet_Registros_Casino,2,0.17,0,0,0.0,-0.17,latinluchas.com
2025-10-18,EC_Ecuabet_Registros_Casino,3,0.27,0,0,0.0,-0.27,lanoticia1ro.com
2025-10-18,EC_Ecuabet_Registros_Casino,1,0.09,0,0,0.0,-0.09,lafm.com.co
2025-10-18,EC_Ecuabet_Registros_Casino,4,0.345,0,0,0.0,-0.345,labrujula24.com
2025-10-18,EC_Ecuabet_Registros_Casino,29,2.41,0,0,0.0,-2.41,jetrapic.com
2025-10-18,EC_Ecuabet_Registros_Casino,124,4.182,0,0,0.0,-4.182,infotime.co
2025-10-18,EC_Ecuabet_Registros_Casino,30,2.49,0,0,0.0,-2.49,informan2.us
2025-10-18,EC_Ecuabet_Registros_Casino,2,0.17,0,0,0.0,-0.17,ideasmanualidades.xyz
2025-10-18,EC_Ecuabet_Registros_Casino,4,0.0975,0,0,0.0,-0.0975,hubvirales.com
2025-10-18,EC_Ecuabet_Registros_Casino,1,0.085,0,0,0.0,-0.085,globoviral.com
2025-10-18,EC_Ecuabet_Registros_Casino,1,0.09,0,0,0.0,-0.09,geekmi.news
2025-10-18,EC_Ecuabet_Registros_Casino,1,0.063,0,0,0.0,-0.063,fullnoticiasplus.blogspot.com
2025-10-18,EC_Ecuabet_Registros_Casino,2,0.0525,0,0,0.0,-0.0525,franciscosaludable.com
2025-10-18,EC_Ecuabet_Registros_Casino,4,0.345,0,0,0.0,-0.345,fotise.com
2025-10-18,EC_Ecuabet_Registros_Casino,1,0.09,0,0,0.0,-0.09,flashscroll.com
2025-10-18,EC_Ecuabet_Registros_Casino,2,0.165,0,0,0.0,-0.165,feji.io
2025-10-18,EC_Ecuabet_Registros_Casino,8,0.3275,0,0,0.0,-0.3275,fbclic.com
2025-10-18,EC_Ecuabet_Registros_Casino,5,0.123,0,0,0.0,-0.123,famososyvirales.com
2025-10-18,EC_Ecuabet_Registros_Casino,2,0.17,0,0,0.0,-0.17,expansion.mx
2025-10-18,EC_Ecuabet_Registros_Casino,1,0.075,0,0,0.0,-0.075,esquirelat.com
2025-10-18,EC_Ecuabet_Registros_Casino,2,0.16,0,0,0.0,-0.16,elrincondefafa.com
2025-10-18,EC_Ecuabet_Registros_Casino,2,0.175,0,0,0.0,-0.175,elnacional.com
2025-10-18,EC_Ecuabet_Registros_Casino,2,0.16,0,0,0.0,-0.16,elimparcial.com
2025-10-18,EC_Ecuabet_Registros_Casino,5,0.415,0,0,0.0,-0.415,elespectador.com
2025-10-18,EC_Ecuabet_Registros_Casino,1,0.085,0,0,0.0,-0.085,elcomercio.pe
2025-10-18,EC_Ecuabet_Registros_Casino,0,0.0,0,0,0.0,0.0,elchavodel8tv.com
2025-10-18,EC_Ecuabet_Registros_Casino,4,0.34,0,0,0.0,-0.34,eacar.xyz
2025-10-18,EC_Ecuabet_Registros_Casino,2,0.165,0,0,0.0,-0.165,diariolibree.com
2025-10-18,EC_Ecuabet_Registros_Casino,1,0.085,0,0,0.0,-0.085,detodounpocoyunpocodetodo1986.blogspot.com
2025-10-18,EC_Ecuabet_Registros_Casino,1,0.09,0,0,0.0,-0.09,decoracion-hogar.com
2025-10-18,EC_Ecuabet_Registros_Casino,1,0.09,0,0,0.0,-0.09,debate.com.mx
2025-10-18,EC_Ecuabet_Registros_Casino,2,0.045,0,0,0.0,-0.045,datosdetuinteres.com
2025-10-18,EC_Ecuabet_Registros_Casino,1,0.07,0,0,0.0,-0.07,danruilo.com
2025-10-18,EC_Ecuabet_Registros_Casino,16,0.685,0,0,0.0,-0.685,cronista.com
2025-10-18,EC_Ecuabet_Registros_Casino,1,0.085,0,0,0.0,-0.085,consejossaludables.es
2025-10-18,EC_Ecuabet_Registros_Casino,2,0.0875,0,0,0.0,-0.0875,chainityai.com
2025-10-18,EC_Ecuabet_Registros_Casino,2,0.165,0,0,0.0,-0.165,celoscienta.com
2025-10-18,EC_Ecuabet_Registros_Casino,1,0.085,0,0,0.0,-0.085,candelaestereo.com
2025-10-18,EC_Ecuabet_Registros_Casino,1,0.09,0,0,0.0,-0.09,canal26.com
2025-10-18,EC_Ecuabet_Registros_Casino,6,0.515,0,0,0.0,-0.515,borutoanime.online
2025-10-18,EC_Ecuabet_Registros_Casino,7,1.309,0,0,0.0,-1.309,bolavip.com
2025-10-18,EC_Ecuabet_Registros_Casino,2,0.17,0,0,0.0,-0.17,bloghogar.net
2025-10-18,EC_Ecuabet_Registros_Casino,2,0.0775,0,0,0.0,-0.0775,bionotis.xyz
2025-10-18,EC_Ecuabet_Registros_Casino,3,0.255,0,0,0.0,-0.255,bienvenidoalhogar3.com
2025-10-18,EC_Ecuabet_Registros_Casino,1,0.085,0,0,0.0,-0.085,bienestaravisos.net
2025-10-18,EC_Ecuabet_Registros_Casino,1,0.021,0,0,0.0,-0.021,benefimundo.com
2025-10-18,EC_Ecuabet_Registros_Casino,1,0.07,0,0,0.0,-0.07,antena2.com
2025-10-18,EC_Ecuabet_Registros_Casino,3,0.26,0,0,0.0,-0.26,ametalurgia.com
2025-10-18,EC_Ecuabet_Registros_Casino,1,0.09,0,0,0.0,-0.09,albertonews.com
2025-10-18,EC_Ecuabet_Registros_Casino,1,0.085,0,0,0.0,-0.085,albat.com
2025-10-18,EC_Ecuabet_Registros_Casino,23,1.855,0,0,0.0,-1.855,actualizadas.com
2025-10-18,EC_Ecuabet_Registros_Casino,5,0.395,0,0,0.0,-0.395,acentofinal.xyz
2025-10-18,EC_Ecuabet_Registros_Casino,99,7.405,0,0,0.0,-7.405,Xiaomi Opera Browser Newsfeed
2025-10-18,EC_Ecuabet_Registros_Casino,1,0.09,0,0,0.0,-0.09,Outlook Web Mobile
2025-10-18,EC_Ecuabet_Registros_Deportivas,2,0.08,0,0,0.0,-0.08,viralymedio.com
2025-10-18,EC_Ecuabet_Registros_Deportivas,1,0.08,0,0,0.0,-0.08,viralonline.click
2025-10-18,EC_Ecuabet_Registros_Deportivas,1,0.08,0,0,0.0,-0.08,very-amazing.com
2025-10-18,EC_Ecuabet_Registros_Deportivas,1,0.08,0,0,0.0,-0.08,verboruto.online
2025-10-18,EC_Ecuabet_Registros_Deportivas,1,0.08,0,0,0.0,-0.08,trucosdehogar.net
2025-10-18,EC_Ecuabet_Registros_Deportivas,2,0.16,0,0,0.0,-0.16,taybanha03.top
2025-10-18,EC_Ecuabet_Registros_Deportivas,2,0.13,0,0,0.0,-0.13,taybanha02.top
2025-10-18,EC_Ecuabet_Registros_Deportivas,1,0.08,0,0,0.0,-0.08,taybanha01.top
2025-10-18,EC_Ecuabet_Registros_Deportivas,1,0.08,0,0,0.0,-0.08,saludactua.online
2025-10-18,EC_Ecuabet_Registros_Deportivas,4,0.32,0,0,0.0,-0.32,saboryconsejo.info
2025-10-18,EC_Ecuabet_Registros_Deportivas,1,0.05,0,0,0.0,-0.05,reporteindigo.com
2025-10-18,EC_Ecuabet_Registros_Deportivas,1,0.08,0,0,0.0,-0.08,remdviral.com
2025-10-18,EC_Ecuabet_Registros_Deportivas,10,0.355,0,0,0.0,-0.355,redmas.com.co
2025-10-18,EC_Ecuabet_Registros_Deportivas,4,0.29,0,0,0.0,-0.29,recetasnatural.xyz
2025-10-18,EC_Ecuabet_Registros_Deportivas,1,0.08,0,0,0.0,-0.08,puravida194.blogspot.com
2025-10-18,EC_Ecuabet_Registros_Deportivas,2,0.16,0,0,0.0,-0.16,pulzo.com
2025-10-18,EC_Ecuabet_Registros_Deportivas,1,0.05,0,0,0.0,-0.05,peru-retail.com
2025-10-18,EC_Ecuabet_Registros_Deportivas,2,0.16,0,0,0.0,-0.16,openiu.com
2025-10-18,EC_Ecuabet_Registros_Deportivas,1,0.08,0,0,0.0,-0.08,olipam.com
2025-10-18,EC_Ecuabet_Registros_Deportivas,4,0.29,0,0,0.0,-0.29,olarviral.com
2025-10-18,EC_Ecuabet_Registros_Deportivas,1,0.08,0,0,0.0,-0.08,nutricionvitae.com
2025-10-18,EC_Ecuabet_Registros_Deportivas,5,0.4,0,0,0.0,-0.4,novelaplay.com
2025-10-18,EC_Ecuabet_Registros_Deportivas,1,0.05,0,0,0.0,-0.05,notisdiarias.com
2025-10-18,EC_Ecuabet_Registros_Deportivas,27,1.89,0,0,0.0,-1.89,noticiasdehoyy.net
2025-10-18,EC_Ecuabet_Registros_Deportivas,1,0.04,0,0,0.0,-0.04,noticiasamaris.com
2025-10-18,EC_Ecuabet_Registros_Deportivas,9,0.6,0,0,0.0,-0.6,noticiaomg.com
2025-10-18,EC_Ecuabet_Registros_Deportivas,2,0.13,0,0,0.0,-0.13,notasuperinteresantes.blogspot.com
2025-10-18,EC_Ecuabet_Registros_Deportivas,16,1.19,0,0,0.0,-1.19,newnoti.com
2025-10-18,EC_Ecuabet_Registros_Deportivas,1,0.024,0,0,0.0,-0.024,natureview.net
2025-10-18,EC_Ecuabet_Registros_Deportivas,4,0.26,0,0,0.0,-0.26,mundosaludable.us
2025-10-18,EC_Ecuabet_Registros_Deportivas,1,0.05,0,0,0.0,-0.05,monoschino2.com
2025-10-18,EC_Ecuabet_Registros_Deportivas,2,0.13,0,0,0.0,-0.13,mhonividente.xyz
2025-10-18,EC_Ecuabet_Registros_Deportivas,1,0.08,0,0,0.0,-0.08,me-encantas.com
2025-10-18,EC_Ecuabet_Registros_Deportivas,2,0.16,0,0,0.0,-0.16,jetrapic.com
2025-10-18,EC_Ecuabet_Registros_Deportivas,5,0.37,0,0,0.0,-0.37,informan2.us
2025-10-18,EC_Ecuabet_Registros_Deportivas,2,0.16,0,0,0.0,-0.16,fullnoticiasplus.blogspot.com
2025-10-18,EC_Ecuabet_Registros_Deportivas,1,0.08,0,0,0.0,-0.08,franciscosaludable.com
2025-10-18,EC_Ecuabet_Registros_Deportivas,1,0.05,0,0,0.0,-0.05,fotise.com
2025-10-18,EC_Ecuabet_Registros_Deportivas,2,0.16,0,0,0.0,-0.16,flux-studio.site
2025-10-18,EC_Ecuabet_Registros_Deportivas,1,0.05,0,0,0.0,-0.05,flashscroll.com
2025-10-18,EC_Ecuabet_Registros_Deportivas,1,0.04,0,0,0.0,-0.04,fbviral.com
2025-10-18,EC_Ecuabet_Registros_Deportivas,8,0.384,0,0,0.0,-0.384,famososyvirales.com
2025-10-18,EC_Ecuabet_Registros_Deportivas,1,0.08,0,0,0.0,-0.08,elimparcial.com
2025-10-18,EC_Ecuabet_Registros_Deportivas,0,0.0,0,0,0.0,0.0,elchavodel8tv.com
2025-10-18,EC_Ecuabet_Registros_Deportivas,1,0.05,0,0,0.0,-0.05,ecuadornoticias.com
2025-10-18,EC_Ecuabet_Registros_Deportivas,1,0.08,0,0,0.0,-0.08,eacar.xyz
2025-10-18,EC_Ecuabet_Registros_Deportivas,5,0.4,0,0,0.0,-0.4,datosdetuinteres.com
2025-10-18,EC_Ecuabet_Registros_Deportivas,2,0.08,0,0,0.0,-0.08,cronista.com
2025-10-18,EC_Ecuabet_Registros_Deportivas,1,0.08,0,0,0.0,-0.08,consejossaludables.es
2025-10-18,EC_Ecuabet_Registros_Deportivas,3,0.21,0,0,0.0,-0.21,chainityai.com
2025-10-18,EC_Ecuabet_Registros_Deportivas,1,0.05,0,0,0.0,-0.05,borutoanime.online
2025-10-18,EC_Ecuabet_Registros_Deportivas,2,0.32,0,0,0.0,-0.32,bolavip.com
2025-10-18,EC_Ecuabet_Registros_Deportivas,9,0.57,0,0,0.0,-0.57,bionotis.xyz
2025-10-18,EC_Ecuabet_Registros_Deportivas,1,0.08,0,0,0.0,-0.08,ametalurgia.com
2025-10-18,EC_Ecuabet_Registros_Deportivas,2,0.208,0,0,0.0,-0.208,adqva.com
2025-10-18,EC_Ecuabet_Registros_Deportivas,1,0.04,0,0,0.0,-0.04,actualizadas.com
2025-10-18,EC_Ecuabet_Registros_Deportivas,12,0.96,0,0,0.0,-0.96,Xiaomi Opera Browser Newsfeed
2025-10-18,EC_Ecuabet_Registros_Deportivas,8,0.192,0,0,0.0,-0.192,Xiaomi Browser Newsfeed
2025-10-18,EC_Ecuabet_Registros_Deportivas_Push,3,0.15,0,0,0.0,-0.15,PushKeeper
2025-10-18,EC_Ecuabet_Registros_Deportivas_Push,266,13.3,0,1,0.0,-13.3,InhouseAd
2025-10-18,EC_Ecuabet_Registros_Deportivas_Push,1,0.05,0,0,0.0,-0.05,CondorX
2025-10-18,EC_Ecuabet_Registros_Deportivas_Push,4,0.2,0,0,0.0,-0.2,AdPicMedia
2025-10-18,Peru | Aciertala | 2025,12,0.9,0,0,0.0,-0.9,trome.com
2025-10-18,Peru | Aciertala | 2025,1,0.075,0,0,0.0,-0.075,terra.com
2025-10-18,Peru | Aciertala | 2025,1,0.075,0,0,0.0,-0.075,redmas.com.co
2025-10-18,Peru | Aciertala | 2025,5,0.375,0,0,0.0,-0.375,diariocorreo.pe
2025-10-18,Peru | Aciertala | 2025,1,0.075,0,0,0.0,-0.075,antena2.com
2025-10-18,Peru | Aciertala | 2025,2,0.15,0,0,0.0,-0.15,Outlook Web Mobile
2025-10-18,Peru | Aciertala | 2025,3,0.225,0,0,0.0,-0.225,Outlook Web Mail
2025-10-18,Peru | Aciertala | 2025,11,0.825,0,0,0.0,-0.825,Outlook Web Desktop
2025-10-18,Peru | Aciertala | 2025,1,0.075,0,0,0.0,-0.075,Outlook App Inbox
2025-10-18,Peru | Aciertala | 2025,7,0.525,0,0,0.0,-0.525,Office Monarch Inbox Desktop
2025-10-18,Peru | Aciertala | 2025,58,4.35,0,0,0.0,-4.35,Microsoft Start Android App
2025-10-18,Peru | Aciertala | 2025,1,0.075,0,0,0.0,-0.075,Microsoft Outlook IOS Native Primary
2025-10-18,Peru | Aciertala | 2025,1,0.075,0,0,0.0,-0.075,Microsoft Outlook Android App
2025-10-18,Peru | Aciertala | 2025,1,0.075,0,0,0.0,-0.075,MSN New Tab Infopane
2025-10-18,Peru | Aciertala | 2025,1,0.075,0,0,0.0,-0.075,MSN Article pages End of Article Block
2025-10-18,Peru | Aciertala | 2025,3,0.225,0,0,0.0,-0.225,HUAWEI Browser - Android
2025-10-18,Peru | Aciertala | 2025,39,2.925,0,0,0.0,-2.925,HUAWEI Assistant∙TODAY - Android
2025-10-18,Peru | Aciertala | 2025,13,0.975,0,0,0.0,-0.975,HUAWEI AI Search - Android
2025-10-18,Peru | Aciertala_Casino | 2025,8,0.56,0,0,0.0,-0.56,trome.com
2025-10-18,Peru | Aciertala_Casino | 2025,3,0.21,0,0,0.0,-0.21,terra.com.mx
2025-10-18,Peru | Aciertala_Casino | 2025,1,0.07,0,0,0.0,-0.07,terra.com.co
2025-10-18,Peru | Aciertala_Casino | 2025,1,0.07,0,0,0.0,-0.07,terra.com
2025-10-18,Peru | Aciertala_Casino | 2025,5,0.35,0,0,0.0,-0.35,redmas.com.co
2025-10-18,Peru | Aciertala_Casino | 2025,1,0.07,0,0,0.0,-0.07,pulzo.com
2025-10-18,Peru | Aciertala_Casino | 2025,3,0.21,0,0,0.0,-0.21,prensalibre.com
2025-10-18,Peru | Aciertala_Casino | 2025,1,0.07,0,0,0.0,-0.07,peru21.pe
2025-10-18,Peru | Aciertala_Casino | 2025,4,0.28,0,0,0.0,-0.28,larazon.pe
2025-10-18,Peru | Aciertala_Casino | 2025,1,0.07,0,0,0.0,-0.07,lacapital.com.ar
2025-10-18,Peru | Aciertala_Casino | 2025,4,0.28,0,0,0.0,-0.28,elmen.pe
2025-10-18,Peru | Aciertala_Casino | 2025,1,0.07,0,0,0.0,-0.07,elbuho.pe
2025-10-18,Peru | Aciertala_Casino | 2025,8,0.56,0,0,0.0,-0.56,diariocorreo.pe
2025-10-18,Peru | Aciertala_Casino | 2025,1,0.07,0,0,0.0,-0.07,depor.com
2025-10-18,Peru | Aciertala_Casino | 2025,2,0.14,0,0,0.0,-0.14,cronista.com
2025-10-18,Peru | Aciertala_Casino | 2025,1,0.07,0,0,0.0,-0.07,canal26.com
2025-10-18,Peru | Aciertala_Casino | 2025,1,0.07,0,0,0.0,-0.07,bitlyanews.com
2025-10-18,Peru | Aciertala_Casino | 2025,1,0.07,0,0,0.0,-0.07,atv.pe
2025-10-18,Peru | Aciertala_Casino | 2025,2,0.14,0,0,0.0,-0.14,Outlook Web Mobile
2025-10-18,Peru | Aciertala_Casino | 2025,21,1.47,0,0,0.0,-1.47,Outlook Web Desktop
2025-10-18,Peru | Aciertala_Casino | 2025,11,0.77,0,0,0.0,-0.77,Office Monarch Inbox Desktop
2025-10-18,Peru | Aciertala_Casino | 2025,1,0.07,0,0,0.0,-0.07,Microsoft Outlook IOS Native Inbox
2025-10-18,Peru | Aciertala_Casino | 2025,1,0.07,0,0,0.0,-0.07,Microsoft Outlook IOS Native
2025-10-18,Peru | Aciertala_Casino | 2025,4,0.28,0,0,0.0,-0.28,Microsoft Outlook Android App
2025-10-18,Peru | Aciertala_Casino | 2025,3,0.21,0,0,0.0,-0.21,HUAWEI Weather - Android
2025-10-18,Peru | Aciertala_Casino | 2025,5,0.35,0,0,0.0,-0.35,HUAWEI Browser - Android
2025-10-18,Peru | Aciertala_Casino | 2025,45,3.15,0,0,0.0,-3.15,HUAWEI Assistant∙TODAY - Android
2025-10-18,Peru | Aciertala_Casino | 2025,9,0.63,0,0,0.0,-0.63,HUAWEI AI Search - Android
2025-10-19,EC_Ecuabet_Registros_Casino,1,0.09,0,0,0.0,-0.09,wuaze.com
2025-10-19,EC_Ecuabet_Registros_Casino,3,0.245,0,0,0.0,-0.245,w3diary.com
2025-10-19,EC_Ecuabet_Registros_Casino,4,0.335,0,0,0.0,-0.335,vitanel.info
2025-10-19,EC_Ecuabet_Registros_Casino,12,0.396,0,0,0.0,-0.396,viralymedio.com
2025-10-19,EC_Ecuabet_Registros_Casino,12,0.306,0,0,0.0,-0.306,viralsalud.club
2025-10-19,EC_Ecuabet_Registros_Casino,3,0.265,0,0,0.0,-0.265,viralonline.click
2025-10-19,EC_Ecuabet_Registros_Casino,7,0.585,0,0,0.0,-0.585,viralinkx.com
2025-10-19,EC_Ecuabet_Registros_Casino,3,0.135,0,0,0.0,-0.135,viraliking.com
2025-10-19,EC_Ecuabet_Registros_Casino,1,0.09,0,0,0.0,-0.09,vibra.co
2025-10-19,EC_Ecuabet_Registros_Casino,6,0.515,0,0,0.0,-0.515,very-amazing.com
2025-10-19,EC_Ecuabet_Registros_Casino,2,0.175,0,0,0.0,-0.175,verboruto.online
2025-10-19,EC_Ecuabet_Registros_Casino,3,0.24,0,0,0.0,-0.24,verblackclover.com
2025-10-19,EC_Ecuabet_Registros_Casino,1,0.09,0,0,0.0,-0.09,vanidades.com
2025-10-19,EC_Ecuabet_Registros_Casino,34,2.905,0,0,0.0,-2.905,unisalia.com
2025-10-19,EC_Ecuabet_Registros_Casino,1,0.085,0,0,0.0,-0.085,ultimashoras.com
2025-10-19,EC_Ecuabet_Registros_Casino,3,0.25,0,0,0.0,-0.25,tusitioviral.com
2025-10-19,EC_Ecuabet_Registros_Casino,5,0.405,0,0,0.0,-0.405,tunota.com
2025-10-19,EC_Ecuabet_Registros_Casino,2,0.17,0,0,0.0,-0.17,trucosdehogar.net
2025-10-19,EC_Ecuabet_Registros_Casino,1,0.075,0,0,0.0,-0.075,todosobreremedios.com
2025-10-19,EC_Ecuabet_Registros_Casino,1,0.07,0,0,0.0,-0.07,todoenlared.net
2025-10-19,EC_Ecuabet_Registros_Casino,3,0.245,0,0,0.0,-0.245,tipssalud.online
2025-10-19,EC_Ecuabet_Registros_Casino,1,0.085,0,0,0.0,-0.085,terra.com.co
2025-10-19,EC_Ecuabet_Registros_Casino,1,0.09,0,0,0.0,-0.09,terra.com
2025-10-19,EC_Ecuabet_Registros_Casino,2,0.175,0,0,0.0,-0.175,taybanha04.top
2025-10-19,EC_Ecuabet_Registros_Casino,9,0.7,0,0,0.0,-0.7,taybanha03.top
2025-10-19,EC_Ecuabet_Registros_Casino,6,0.505,0,0,0.0,-0.505,taybanha02.top
2025-10-19,EC_Ecuabet_Registros_Casino,2,0.16,0,0,0.0,-0.16,taybanha01.top
2025-10-19,EC_Ecuabet_Registros_Casino,1,0.085,0,0,0.0,-0.085,tarjetasdebuenosdias.net
2025-10-19,EC_Ecuabet_Registros_Casino,6,0.535,0,0,0.0,-0.535,soloparati.online
2025-10-19,EC_Ecuabet_Registros_Casino,10,0.86,0,0,0.0,-0.86,saludnaturales.xyz
2025-10-19,EC_Ecuabet_Registros_Casino,1,0.085,0,0,0.0,-0.085,saludinfinitatop.com
2025-10-19,EC_Ecuabet_Registros_Casino,2,0.18,0,0,0.0,-0.18,saludactua.online
2025-10-19,EC_Ecuabet_Registros_Casino,17,1.8915,0,0,0.0,-1.8915,saludablefree.com
2025-10-19,EC_Ecuabet_Registros_Casino,2,0.165,0,0,0.0,-0.165,saboryconsejo.info
2025-10-19,EC_Ecuabet_Registros_Casino,1,0.117,0,0,0.0,-0.117,rts.com.ec
2025-10-19,EC_Ecuabet_Registros_Casino,1,0.09,0,0,0.0,-0.09,remediossaludables.com
2025-10-19,EC_Ecuabet_Registros_Casino,12,0.995,0,0,0.0,-0.995,remedioscasero.info
2025-10-19,EC_Ecuabet_Registros_Casino,18,1.55,0,0,0.0,-1.55,remedionatural.xyz
2025-10-19,EC_Ecuabet_Registros_Casino,1,0.09,0,0,0.0,-0.09,remdviral.com
2025-10-19,EC_Ecuabet_Registros_Casino,4,0.355,0,0,0.0,-0.355,recetashogar.xyz
2025-10-19,EC_Ecuabet_Registros_Casino,3,0.26,0,0,0.0,-0.26,recetas-es.top
2025-10-19,EC_Ecuabet_Registros_Casino,1,0.075,0,0,0.0,-0.075,quien.com
2025-10-19,EC_Ecuabet_Registros_Casino,9,0.785,0,0,0.0,-0.785,puravida194.blogspot.com
2025-10-19,EC_Ecuabet_Registros_Casino,1,0.085,0,0,0.0,-0.085,pulzo.com
2025-10-19,EC_Ecuabet_Registros_Casino,3,0.25,0,0,0.0,-0.25,prensalibre.com
2025-10-19,EC_Ecuabet_Registros_Casino,2,0.16,0,0,0.0,-0.16,playboy.com.mx
2025-10-19,EC_Ecuabet_Registros_Casino,2,0.16,0,0,0.0,-0.16,pinnens.com
2025-10-19,EC_Ecuabet_Registros_Casino,1,0.085,0,0,0.0,-0.085,peru-retail.com
2025-10-19,EC_Ecuabet_Registros_Casino,5,0.42,0,0,0.0,-0.42,openiu.com
2025-10-19,EC_Ecuabet_Registros_Casino,3,0.255,0,0,0.0,-0.255,olipam.com
2025-10-19,EC_Ecuabet_Registros_Casino,4,0.1625,0,0,0.0,-0.1625,olarviral.com
2025-10-19,EC_Ecuabet_Registros_Casino,15,1.8,0,0,0.0,-1.8,nutricionysaludd.com
2025-10-19,EC_Ecuabet_Registros_Casino,2,0.17,0,0,0.0,-0.17,nutricionvitae.com
2025-10-19,EC_Ecuabet_Registros_Casino,5,0.405,0,0,0.0,-0.405,novelas24h.com
2025-10-19,EC_Ecuabet_Registros_Casino,2,0.16,0,0,0.0,-0.16,novelaplay.com
2025-10-19,EC_Ecuabet_Registros_Casino,9,0.665,0,0,0.0,-0.665,notistv.com
2025-10-19,EC_Ecuabet_Registros_Casino,8,0.675,0,0,0.0,-0.675,notiiflash.com
2025-10-19,EC_Ecuabet_Registros_Casino,322,14.165,0,1,0.0,-14.165,noticiassalud.net
2025-10-19,EC_Ecuabet_Registros_Casino,1,0.075,0,0,0.0,-0.075,noticiasrcn.com
2025-10-19,EC_Ecuabet_Registros_Casino,19,1.605,0,0,0.0,-1.605,noticiasdiariasnews.com
2025-10-19,EC_Ecuabet_Registros_Casino,4,0.34,0,0,0.0,-0.34,noticiasdeultimahoradgg.blogspot.com
2025-10-19,EC_Ecuabet_Registros_Casino,12,0.4775,0,0,0.0,-0.4775,noticiasdehoyy.net
2025-10-19,EC_Ecuabet_Registros_Casino,5,0.135,0,0,0.0,-0.135,noticiaomg.com
2025-10-19,EC_Ecuabet_Registros_Casino,3,0.27,0,0,0.0,-0.27,noticenter.lat
2025-10-19,EC_Ecuabet_Registros_Casino,3,0.0705,0,0,0.0,-0.0705,notasuperinteresantes.blogspot.com
2025-10-19,EC_Ecuabet_Registros_Casino,10,0.755,0,0,0.0,-0.755,natureview.net
2025-10-19,EC_Ecuabet_Registros_Casino,1,0.015,0,0,0.0,-0.015,mundosaludable.us
2025-10-19,EC_Ecuabet_Registros_Casino,2,0.18,0,0,0.0,-0.18,monoschino2.com
2025-10-19,EC_Ecuabet_Registros_Casino,1,0.075,0,0,0.0,-0.075,mitrucoscaseros.com
2025-10-19,EC_Ecuabet_Registros_Casino,1,0.085,0,0,0.0,-0.085,misimagenesdeluto.com
2025-10-19,EC_Ecuabet_Registros_Casino,8,0.675,0,0,0.0,-0.675,milagrosasalud.com
2025-10-19,EC_Ecuabet_Registros_Casino,1,0.085,0,0,0.0,-0.085,mijardinycasa.com
2025-10-19,EC_Ecuabet_Registros_Casino,1,0.025,0,0,0.0,-0.025,mhonividente.xyz
2025-10-19,EC_Ecuabet_Registros_Casino,2,0.17,0,0,0.0,-0.17,meencantaelchocolate.com
2025-10-19,EC_Ecuabet_Registros_Casino,12,1.015,0,0,0.0,-1.015,me-encantas.com
2025-10-19,EC_Ecuabet_Registros_Casino,1,0.085,0,0,0.0,-0.085,levelup.com
2025-10-19,EC_Ecuabet_Registros_Casino,1,0.085,0,0,0.0,-0.085,latinluchas.com
2025-10-19,EC_Ecuabet_Registros_Casino,6,0.51,0,0,0.0,-0.51,lanacion.com.co
2025-10-19,EC_Ecuabet_Registros_Casino,3,0.25,0,0,0.0,-0.25,ladyssi.com
2025-10-19,EC_Ecuabet_Registros_Casino,1,0.09,0,0,0.0,-0.09,kesug.com
2025-10-19,EC_Ecuabet_Registros_Casino,1,0.085,0,0,0.0,-0.085,jubna.com
2025-10-19,EC_Ecuabet_Registros_Casino,40,3.435,0,1,0.0,-3.435,jetrapic.com
2025-10-19,EC_Ecuabet_Registros_Casino,182,6.138,0,0,0.0,-6.138,infotime.co
2025-10-19,EC_Ecuabet_Registros_Casino,48,3.99,0,0,0.0,-3.99,informan2.us
2025-10-19,EC_Ecuabet_Registros_Casino,15,0.3825,0,0,0.0,-0.3825,hubvirales.com
2025-10-19,EC_Ecuabet_Registros_Casino,1,0.09,0,0,0.0,-0.09,giantapp.online
2025-10-19,EC_Ecuabet_Registros_Casino,3,0.161,0,0,0.0,-0.161,fullnoticiasplus.blogspot.com
2025-10-19,EC_Ecuabet_Registros_Casino,2,0.048,0,0,0.0,-0.048,franciscosaludable.com
2025-10-19,EC_Ecuabet_Registros_Casino,7,0.54,0,0,0.0,-0.54,fotise.com
2025-10-19,EC_Ecuabet_Registros_Casino,2,0.17,0,0,0.0,-0.17,flux-studio.site
2025-10-19,EC_Ecuabet_Registros_Casino,1,0.027,0,0,0.0,-0.027,fbviral.com
2025-10-19,EC_Ecuabet_Registros_Casino,8,0.34,0,0,0.0,-0.34,fbclic.com
2025-10-19,EC_Ecuabet_Registros_Casino,4,0.105,0,0,0.0,-0.105,famososyvirales.com
2025-10-19,EC_Ecuabet_Registros_Casino,2,0.16,0,0,0.0,-0.16,excelsior.com.mx
2025-10-19,EC_Ecuabet_Registros_Casino,1,0.085,0,0,0.0,-0.085,eluniversal.com
2025-10-19,EC_Ecuabet_Registros_Casino,2,0.175,0,0,0.0,-0.175,elrincondefafa.com
2025-10-19,EC_Ecuabet_Registros_Casino,1,0.085,0,0,0.0,-0.085,elimparcial.com
2025-10-19,EC_Ecuabet_Registros_Casino,5,0.415,0,0,0.0,-0.415,elespectador.com
2025-10-19,EC_Ecuabet_Registros_Casino,5,0.43,0,0,0.0,-0.43,elcomercio.pe
2025-10-19,EC_Ecuabet_Registros_Casino,2,0.0625,0,0,0.0,-0.0625,ecuadornoticias.com
2025-10-19,EC_Ecuabet_Registros_Casino,7,0.575,0,0,0.0,-0.575,eacar.xyz
2025-10-19,EC_Ecuabet_Registros_Casino,1,0.09,0,0,0.0,-0.09,drole-info.com
2025-10-19,EC_Ecuabet_Registros_Casino,5,0.37,0,0,0.0,-0.37,drbarbaraoneill1602.blogspot.com
2025-10-19,EC_Ecuabet_Registros_Casino,6,0.52,0,0,0.0,-0.52,diariolibree.com
2025-10-19,EC_Ecuabet_Registros_Casino,1,0.085,0,0,0.0,-0.085,detodounpocoyunpocodetodo1986.blogspot.com
2025-10-19,EC_Ecuabet_Registros_Casino,1,0.085,0,0,0.0,-0.085,deportestvc.com
2025-10-19,EC_Ecuabet_Registros_Casino,2,0.165,0,0,0.0,-0.165,debate.com.mx
2025-10-19,EC_Ecuabet_Registros_Casino,1,0.021,0,0,0.0,-0.021,datosdetuinteres.com
2025-10-19,EC_Ecuabet_Registros_Casino,2,0.15,0,0,0.0,-0.15,curiosidadesvirales.com
2025-10-19,EC_Ecuabet_Registros_Casino,11,0.4675,0,0,0.0,-0.4675,cronista.com
2025-10-19,EC_Ecuabet_Registros_Casino,2,0.0675,0,0,0.0,-0.0675,chainityai.com
2025-10-19,EC_Ecuabet_Registros_Casino,1,0.09,0,0,0.0,-0.09,candelaestereo.com
2025-10-19,EC_Ecuabet_Registros_Casino,2,0.18,0,0,0.0,-0.18,canal26.com
2025-10-19,EC_Ecuabet_Registros_Casino,1,0.09,0,0,0.0,-0.09,bricolajesencillo.com
2025-10-19,EC_Ecuabet_Registros_Casino,4,0.325,0,0,0.0,-0.325,borutoanime.online
2025-10-19,EC_Ecuabet_Registros_Casino,8,1.562,0,0,0.0,-1.562,bolavip.com
2025-10-19,EC_Ecuabet_Registros_Casino,4,0.35,0,0,0.0,-0.35,bloghogar.net
2025-10-19,EC_Ecuabet_Registros_Casino,8,0.3375,0,0,0.0,-0.3375,bionotis.xyz
2025-10-19,EC_Ecuabet_Registros_Casino,3,0.22,0,0,0.0,-0.22,bienvenidoalhogar3.com
2025-10-19,EC_Ecuabet_Registros_Casino,3,0.0735,0,0,0.0,-0.0735,benefimundo.com
2025-10-19,EC_Ecuabet_Registros_Casino,2,0.16,0,0,0.0,-0.16,aplicacionesparadescargar.com
2025-10-19,EC_Ecuabet_Registros_Casino,1,0.085,0,0,0.0,-0.085,antena2.com
2025-10-19,EC_Ecuabet_Registros_Casino,2,0.16,0,0,0.0,-0.16,animejl.top
2025-10-19,EC_Ecuabet_Registros_Casino,1,0.075,0,0,0.0,-0.075,animefenix2.tv
2025-10-19,EC_Ecuabet_Registros_Casino,13,1.085,0,0,0.0,-1.085,ametalurgia.com
2025-10-19,EC_Ecuabet_Registros_Casino,1,0.085,0,0,0.0,-0.085,alertastrending.online
2025-10-19,EC_Ecuabet_Registros_Casino,4,0.3,0,0,0.0,-0.3,adqva.com
2025-10-19,EC_Ecuabet_Registros_Casino,29,2.385,0,0,0.0,-2.385,actualizadas.com
2025-10-19,EC_Ecuabet_Registros_Casino,2,0.155,0,0,0.0,-0.155,acentofinal.xyz
2025-10-19,EC_Ecuabet_Registros_Casino,86,6.545,0,0,0.0,-6.545,Xiaomi Opera Browser Newsfeed
2025-10-19,EC_Ecuabet_Registros_Casino,1,0.09,0,0,0.0,-0.09,4notiactualidad.blogspot.com
2025-10-19,EC_Ecuabet_Registros_Deportivas,7,0.28,0,0,0.0,-0.28,viralymedio.com
2025-10-19,EC_Ecuabet_Registros_Deportivas,1,0.08,0,0,0.0,-0.08,very-amazing.com
2025-10-19,EC_Ecuabet_Registros_Deportivas,2,0.16,0,0,0.0,-0.16,unisalia.com
2025-10-19,EC_Ecuabet_Registros_Deportivas,1,0.08,0,0,0.0,-0.08,tunota.com
2025-10-19,EC_Ecuabet_Registros_Deportivas,1,0.05,0,0,0.0,-0.05,tipssalud.online
2025-10-19,EC_Ecuabet_Registros_Deportivas,1,0.08,0,0,0.0,-0.08,taybanha03.top
2025-10-19,EC_Ecuabet_Registros_Deportivas,2,0.16,0,0,0.0,-0.16,taybanha01.top
2025-10-19,EC_Ecuabet_Registros_Deportivas,1,0.05,0,0,0.0,-0.05,saludablefree.com
2025-10-19,EC_Ecuabet_Registros_Deportivas,1,0.08,0,0,0.0,-0.08,saboryconsejo.info
2025-10-19,EC_Ecuabet_Registros_Deportivas,2,0.16,0,0,0.0,-0.16,remedioscasero.info
2025-10-19,EC_Ecuabet_Registros_Deportivas,6,0.24,0,0,0.0,-0.24,redmas.com.co
2025-10-19,EC_Ecuabet_Registros_Deportivas,10,0.59,0,0,0.0,-0.59,recetasnatural.xyz
2025-10-19,EC_Ecuabet_Registros_Deportivas,6,0.48,0,0,0.0,-0.48,puravida194.blogspot.com
2025-10-19,EC_Ecuabet_Registros_Deportivas,1,0.05,0,0,0.0,-0.05,playboy.com.mx
2025-10-19,EC_Ecuabet_Registros_Deportivas,1,0.08,0,0,0.0,-0.08,pinnens.com
2025-10-19,EC_Ecuabet_Registros_Deportivas,1,0.05,0,0,0.0,-0.05,openiu.com
2025-10-19,EC_Ecuabet_Registros_Deportivas,3,0.24,0,0,0.0,-0.24,olarviral.com
2025-10-19,EC_Ecuabet_Registros_Deportivas,1,0.05,0,0,0.0,-0.05,nutricionvitae.com
2025-10-19,EC_Ecuabet_Registros_Deportivas,1,0.08,0,0,0.0,-0.08,novelaplay.com
2025-10-19,EC_Ecuabet_Registros_Deportivas,2,0.16,0,0,0.0,-0.16,noticiasdiariasnews.com
2025-10-19,EC_Ecuabet_Registros_Deportivas,25,1.7,0,0,0.0,-1.7,noticiasdehoyy.net
2025-10-19,EC_Ecuabet_Registros_Deportivas,1,0.08,0,0,0.0,-0.08,noticiasblogspotmax.blogspot.com
2025-10-19,EC_Ecuabet_Registros_Deportivas,2,0.05,0,0,0.0,-0.05,noticiasamaris.com
2025-10-19,EC_Ecuabet_Registros_Deportivas,6,0.42,0,0,0.0,-0.42,noticiaomg.com
2025-10-19,EC_Ecuabet_Registros_Deportivas,3,0.24,0,0,0.0,-0.24,notasuperinteresantes.blogspot.com
2025-10-19,EC_Ecuabet_Registros_Deportivas,3,0.24,0,0,0.0,-0.24,newnoti.com
2025-10-19,EC_Ecuabet_Registros_Deportivas,3,0.18,0,0,0.0,-0.18,mundosaludable.us
2025-10-19,EC_Ecuabet_Registros_Deportivas,1,0.08,0,0,0.0,-0.08,milagrosasalud.com
2025-10-19,EC_Ecuabet_Registros_Deportivas,1,0.05,0,0,0.0,-0.05,mhonividente.xyz
2025-10-19,EC_Ecuabet_Registros_Deportivas,2,0.13,0,0,0.0,-0.13,me-encantas.com
2025-10-19,EC_Ecuabet_Registros_Deportivas,1,0.08,0,0,0.0,-0.08,maseighteen.com
2025-10-19,EC_Ecuabet_Registros_Deportivas,4,0.23,0,0,0.0,-0.23,latinchats.net
2025-10-19,EC_Ecuabet_Registros_Deportivas,1,0.08,0,0,0.0,-0.08,lanoticiahoy.xyz
2025-10-19,EC_Ecuabet_Registros_Deportivas,8,0.64,0,0,0.0,-0.64,jetrapic.com
2025-10-19,EC_Ecuabet_Registros_Deportivas,5,0.37,0,0,0.0,-0.37,informan2.us
2025-10-19,EC_Ecuabet_Registros_Deportivas,1,0.08,0,0,0.0,-0.08,ideasparamicasa.net
2025-10-19,EC_Ecuabet_Registros_Deportivas,3,0.24,0,0,0.0,-0.24,fullnoticiasplus.blogspot.com
2025-10-19,EC_Ecuabet_Registros_Deportivas,5,0.34,0,0,0.0,-0.34,franciscosaludable.com
2025-10-19,EC_Ecuabet_Registros_Deportivas,3,0.18,0,0,0.0,-0.18,fotise.com
2025-10-19,EC_Ecuabet_Registros_Deportivas,4,0.32,0,0,0.0,-0.32,flux-studio.site
2025-10-19,EC_Ecuabet_Registros_Deportivas,3,0.12,0,0,0.0,-0.12,fbviral.com
2025-10-19,EC_Ecuabet_Registros_Deportivas,14,0.654,0,0,0.0,-0.654,famososyvirales.com
2025-10-19,EC_Ecuabet_Registros_Deportivas,2,0.16,0,0,0.0,-0.16,elespectador.com
2025-10-19,EC_Ecuabet_Registros_Deportivas,1,0.08,0,0,0.0,-0.08,elcomercio.pe
2025-10-19,EC_Ecuabet_Registros_Deportivas,2,0.13,0,0,0.0,-0.13,ecuadornoticias.com
2025-10-19,EC_Ecuabet_Registros_Deportivas,2,0.16,0,0,0.0,-0.16,eacar.xyz
2025-10-19,EC_Ecuabet_Registros_Deportivas,1,0.08,0,0,0.0,-0.08,diariolibree.com
2025-10-19,EC_Ecuabet_Registros_Deportivas,1,0.08,0,0,0.0,-0.08,datosdetuinteres.com
2025-10-19,EC_Ecuabet_Registros_Deportivas,1,0.05,0,0,0.0,-0.05,danruilo.com
2025-10-19,EC_Ecuabet_Registros_Deportivas,1,0.05,0,0,0.0,-0.05,consallud.com
2025-10-19,EC_Ecuabet_Registros_Deportivas,4,0.26,0,0,0.0,-0.26,chainityai.com
2025-10-19,EC_Ecuabet_Registros_Deportivas,11,0.7,0,0,0.0,-0.7,bionotis.xyz
2025-10-19,EC_Ecuabet_Registros_Deportivas,1,0.08,0,0,0.0,-0.08,animefenix2.tv
2025-10-19,EC_Ecuabet_Registros_Deportivas,7,0.728,0,0,0.0,-0.728,adqva.com
2025-10-19,EC_Ecuabet_Registros_Deportivas,1,0.04,0,0,0.0,-0.04,actualizadas.com
2025-10-19,EC_Ecuabet_Registros_Deportivas,5,0.4,0,0,0.0,-0.4,Xiaomi Opera Browser Newsfeed
2025-10-19,EC_Ecuabet_Registros_Deportivas,4,0.096,0,0,0.0,-0.096,Xiaomi Browser Newsfeed
2025-10-19,EC_Ecuabet_Registros_Deportivas_Push,3,0.15,0,0,0.0,-0.15,InhouseAd
2025-10-19,Peru | Aciertala | 2025,7,0.525,0,0,0.0,-0.525,trome.com
2025-10-19,Peru | Aciertala | 2025,1,0.075,0,0,0.0,-0.075,terra.com.mx
2025-10-19,Peru | Aciertala | 2025,1,0.075,0,0,0.0,-0.075,redmas.com.co
2025-10-19,Peru | Aciertala | 2025,2,0.15,0,0,0.0,-0.15,larazon.pe
2025-10-19,Peru | Aciertala | 2025,22,1.65,0,0,0.0,-1.65,elmen.pe
2025-10-19,Peru | Aciertala | 2025,1,0.075,0,0,0.0,-0.075,elcomercio.com
2025-10-19,Peru | Aciertala | 2025,6,0.45,0,0,0.0,-0.45,diariocorreo.pe
2025-10-19,Peru | Aciertala | 2025,3,0.225,0,0,0.0,-0.225,Outlook Web Mobile
2025-10-19,Peru | Aciertala | 2025,6,0.45,0,0,0.0,-0.45,Outlook Web Desktop
2025-10-19,Peru | Aciertala | 2025,1,0.075,0,0,0.0,-0.075,Outlook PC Web Inbox
2025-10-19,Peru | Aciertala | 2025,8,0.6,0,0,0.0,-0.6,Office Monarch Inbox Desktop
2025-10-19,Peru | Aciertala | 2025,1,0.075,0,0,0.0,-0.075,Microsoft Start iOS App
2025-10-19,Peru | Aciertala | 2025,70,5.25,0,0,0.0,-5.25,Microsoft Start Android App
2025-10-19,Peru | Aciertala | 2025,4,0.3,0,0,0.0,-0.3,MSN In-article
2025-10-19,Peru | Aciertala | 2025,1,0.075,0,0,0.0,-0.075,MSN Homepage River Cards
2025-10-19,Peru | Aciertala | 2025,2,0.15,0,0,0.0,-0.15,MSN Gallery Interstitial
2025-10-19,Peru | Aciertala | 2025,2,0.15,0,0,0.0,-0.15,MSN Article pages River Cards
2025-10-19,Peru | Aciertala | 2025,6,0.45,0,0,0.0,-0.45,HUAWEI Browser - Android
2025-10-19,Peru | Aciertala | 2025,17,1.275,0,0,0.0,-1.275,HUAWEI Assistant∙TODAY - Android
2025-10-19,Peru | Aciertala | 2025,3,0.225,0,0,0.0,-0.225,HUAWEI AI Search - Android
2025-10-19,Peru | Aciertala_Casino | 2025,7,0.49,0,0,0.0,-0.49,trome.com
2025-10-19,Peru | Aciertala_Casino | 2025,1,0.07,0,0,0.0,-0.07,terra.com.mx
2025-10-19,Peru | Aciertala_Casino | 2025,1,0.07,0,0,0.0,-0.07,terra.com
2025-10-19,Peru | Aciertala_Casino | 2025,1,0.07,0,0,0.0,-0.07,peru21.pe
2025-10-19,Peru | Aciertala_Casino | 2025,1,0.07,0,0,0.0,-0.07,ojo.pe
2025-10-19,Peru | Aciertala_Casino | 2025,3,0.21,0,0,0.0,-0.21,larazon.pe
2025-10-19,Peru | Aciertala_Casino | 2025,1,0.07,0,0,0.0,-0.07,lanacion.com.co
2025-10-19,Peru | Aciertala_Casino | 2025,1,0.07,0,0,0.0,-0.07,eluniversal.com
2025-10-19,Peru | Aciertala_Casino | 2025,2,0.14,0,0,0.0,-0.14,elnacional.com
2025-10-19,Peru | Aciertala_Casino | 2025,32,2.24,0,0,0.0,-2.24,elmen.pe
2025-10-19,Peru | Aciertala_Casino | 2025,13,0.91,0,0,0.0,-0.91,diariocorreo.pe
2025-10-19,Peru | Aciertala_Casino | 2025,1,0.07,0,0,0.0,-0.07,depor.com
2025-10-19,Peru | Aciertala_Casino | 2025,1,0.07,0,0,0.0,-0.07,cronista.com
2025-10-19,Peru | Aciertala_Casino | 2025,1,0.07,0,0,0.0,-0.07,canal26.com
2025-10-19,Peru | Aciertala_Casino | 2025,1,0.07,0,0,0.0,-0.07,antena2.com
2025-10-19,Peru | Aciertala_Casino | 2025,11,0.77,0,0,0.0,-0.77,Outlook Web Desktop
2025-10-19,Peru | Aciertala_Casino | 2025,1,0.07,0,0,0.0,-0.07,Outlook Mobile Web Inbox
2025-10-19,Peru | Aciertala_Casino | 2025,1,0.07,0,0,0.0,-0.07,Microsoft Outlook IOS Native
2025-10-19,Peru | Aciertala_Casino | 2025,2,0.14,0,0,0.0,-0.14,HUAWEI Weather - Android
2025-10-19,Peru | Aciertala_Casino | 2025,6,0.42,0,0,0.0,-0.42,HUAWEI Browser - Android
2025-10-19,Peru | Aciertala_Casino | 2025,52,3.64,0,0,0.0,-3.64,HUAWEI Assistant∙TODAY - Android
2025-10-19,Peru | Aciertala_Casino | 2025,6,0.42,0,0,0.0,-0.42,HUAWEI AI Search - Android
